DATE,r_Market,r_Automobile_Assembler,r_Automobile_Parts_Accessories,r_Cable_Electrical_Goods,r_Cement,r_Chemical,r_Commercial_Banks,r_Engineering,r_Fertilizer,r_Food_Personal_Care_Products,r_Glass_Ceramics,r_Insurance,r_Inv_Banks_Inv_Cos_Securities_Cos,r_Leather_Tanneries,r_Modarabas,r_Oil_Gas_Exploration_Companies,r_Oil_Gas_Marketing_Companies,r_Paper_Board_Packaging,r_Pharmaceuticals,r_Power_Generation_Distribution,r_Refinery,r_Sugar_Allied_Industries,r_Technology_Communication,r_Textile_Composite,r_Textile_Spinning,r_Transport
2020-06-22,-0.0016797502206403608,0.009246857454314035,0.005736279080727761,-0.02978074897178511,-0.002527700750251897,-0.00698110205388517,0.014790932996096883,-0.0024778218372930472,0.010338817163893526,-0.0018773520607100395,-0.012859032381466332,0.006955728236884576,-0.009949580954095066,-0.008192226554224505,0.003583871189633928,0.01526196248342454,-0.016104299340883026,-0.0030726866895376403,0.0034625510580260275,-0.0008432646339683048,-0.0017217939209249467,0.023663625244973657,-0.005983026106972484,-0.010089491524312863,-0.02741944958832684,-0.00035152966792458457
2020-06-23,0.012772296452599094,0.0025998519992961443,0.022347357278033813,0.02775773635527462,0.0118620415885866,0.013328539884895234,0.00788994052021122,0.012511891511867445,0.015905380414462007,0.011186975973251467,0.04294441440267129,0.008305846743428411,0.0051274215384773504,0.0019337421898670086,0.028998840754104575,0.014126188622753666,0.035169302767718486,-0.009319724392570838,0.000554534856977762,0.006365155993934209,0.011427439165897835,0.01452319896127106,0.01823356211114723,0.021528662361487264,0.013469528680090014,0.006040015100037784
2020-06-24,-0.0030272870126163117,-0.0016830541306009806,-0.01728343763190405,0.00047435103398785206,-0.0068602935420732924,0.00024917359265926725,-0.0021201384060998084,-0.01195451323516592,-0.004741798294257619,0.014391792509061807,0.014261204555849801,0.008576393492237698,-0.010673609965735088,0.010863531995607448,-0.005200430333220167,-0.008501197104611363,0.025096685649816774,-0.000981587906159584,-0.010536343996033246,0.0038742465692116943,-0.004058341482889721,-0.014806079316395953,-0.009736732396208625,-0.01305801099148234,-0.01682925329107445,
2020-06-25,-0.006584226736174242,0.014264494123998939,-0.011631526628881181,-0.02195628111922592,-8.322943614524249e-05,-0.012699774723428946,-0.006686812823833234,-0.002281239012730074,-0.008630992511564881,-0.013600102266298361,-0.003056340071771746,0.003908958202488586,0.006007210337624466,-0.014186300818489187,-0.054756154756154696,-0.01793660727951782,-0.023759397004232487,0.004229539347021797,0.007178951142729977,-0.016735193487396816,-0.017602169922682903,-0.013452603292723958,0.0027522919301530393,-0.0163835822423928,0.005300527023498465,0.02157471377937899
2020-06-26,0.0027242405218431054,0.013328559589859963,-0.002476138914804963,0.023910129687310117,0.023599637490871194,0.0052393526719789595,0.0028901009149029768,0.008810548195935,0.013237931249935522,-0.005115228227670758,-0.008157511867831823,-0.004722198621859852,-0.0022940846004742468,,-0.02003569343396185,0.0009395785324169681,0.0056932885519882515,-0.009329891418934338,0.008475584171825618,0.014974095702163993,-0.005231158091140692,-0.009776593682989467,-0.021191878405544394,0.009173858794056708,0.011140404746687989,-0.007115238550591337
2020-06-29,0.005990828337711014,0.022037678579204998,-0.003028512551622239,-0.0031012030853950546,0.004501636172080348,0.0010120385450835627,0.01742645492610582,0.0021701475849276617,0.00845753158997201,-0.002719331903175881,-0.005691410358605579,0.000629899391038781,0.00670150187665301,-0.01158301669661684,,0.0043278241532068995,0.03711350822615385,0.010264260752718388,0.009887397890311483,0.008033894491461671,0.028280113759635184,0.006700654669783336,0.00952575788231268,0.011624120264236688,-0.01769657844890797,
2020-06-30,0.0012230460274458431,-0.0014932720773898178,0.006892693823293193,0.0053829458367118665,0.006023172570107238,0.0062362139913903734,0.0026678307321012394,0.00025100577960929856,0.011556660662260767,0.00897474558850403,0.0007356740012981663,-0.0009264648491608056,-0.012253689719502428,-0.012924952479682802,0.003423910522580481,-0.006948339114791174,-0.0006394707487614615,-0.0015667183940984014,0.007044060878612806,0.019223961374306188,-0.008337018754061065,-0.0004285660771361103,-0.010972714838715059,0.009201275386742327,-0.005201828606115039,-0.009545502281224935
2020-07-01,0.011390359975087215,-0.0019321745614553354,0.012519510527533846,0.026961766303105116,0.041260268611285206,0.01456929587806937,-0.015442197434242202,0.023647296495353708,0.020873079476732448,0.018903968935172624,0.008132667543019426,0.0014384054208298209,0.005377039582660559,0.003689629927363436,-0.029673219900672926,0.0213823115308428,0.0005157869203832445,0.0109200920611109,0.005861157399622355,-0.003879763311267979,0.018856562435867696,0.0015725887341937472,0.03570976031579822,0.01143295006401853,0.030199626523967703,0.009293236761473866
2020-07-02,0.011959587398703625,-0.0029126430799270883,-0.003657544215085388,0.002868516741386995,-0.004126309609801537,0.005632532555699399,0.010032207435115756,0.025391479664473783,-0.0042175435126263604,0.00586364726338387,-0.0028881259866692286,0.009769044523622268,-0.003900310074065555,0.004368805174831107,0.06876680949686043,-0.0007104426849025569,0.007287570778273256,0.006158178356094446,0.002707682451809622,0.007899136731237924,0.021359975759136063,0.06981466526146841,0.03953613877851827,-0.0006898899648090748,0.010285609600176202,0.007857553738736645
2020-07-03,0.0007731060000063255,-0.003240185762320402,-0.004387635577724991,0.003844244119345993,-0.00910953610674942,-0.00625755436033542,-0.0018223138898007308,0.00038908484031177084,0.01036845483801677,0.0020939229730216123,-0.0021197214652790195,0.005728965532487747,0.00021381851688958935,0.007018152235543584,0.005881155881155786,0.0021245177456542252,-0.007772160427068797,-0.004992812110233891,0.029337658986240633,-0.006472034954799293,-0.00676396194205045,0.005137252490599679,-0.01711081653143609,-0.005296387247742635,0.013497893742695336,0.003055689065816769
2020-07-06,0.01402566552207139,0.034238033699616935,0.011028505180501167,0.04518628864900642,0.010338539317685795,0.018909570584019215,0.012952049434433599,0.033547927557589244,0.012196941211484196,0.01028322573367283,0.012570327882332552,0.01463252520108635,-0.0008214471041584582,0.008394475083506917,0.03262793745618908,0.008815812815639645,0.017564728739366674,0.0012079752833096952,0.02603906082564854,0.015661109275090696,0.06421529444769714,-0.0007745948309804447,-0.00788870261992768,-0.00021714875814637282,0.010439671032420572,0.02626129422457583
2020-07-07,0.005917599198217759,0.02663837014767754,0.021907516709305335,0.024921438050340684,0.014562116227774598,-0.0014722125152092952,0.0015178241920855873,0.014221193469616422,-0.004740648345982915,0.004996786303126571,0.011328574413873546,0.0020472851138394477,0.017861515754060198,-0.003381481449473256,-0.010024047216750792,0.00298516789179612,0.005739756211167369,0.009661902581960854,0.009977059831081464,-0.00614359029880225,-0.014115138371013386,-0.002973298766911479,0.009143095175899774,0.015955634238472703,-0.012333067589998466,0.011378534556641137
2020-07-08,0.01185307028923335,0.015465607952860916,0.012836963882330259,0.038457215528748145,0.009760650662381142,0.011765273815220242,0.013169724082222091,0.010178470478463774,0.001913463917647034,0.0025692212926161015,0.009941419774548118,0.01331831075727905,0.014747643171447448,,-0.000395279204324428,0.0037576804434324984,0.0291605555269159,0.024872022422916182,0.017408093944321374,-4.01807455562749e-05,0.015253412267902278,-0.006006551677332439,0.025140831623856316,0.013351164610045818,0.013775572651777118,0.006899675849556012
2020-07-09,0.015361321503122884,0.021557429248283976,4.927574885000523e-06,0.02016761984668205,0.0010040136815662034,0.0103351085600782,0.02904205168577672,0.009893695412726566,0.005858068675763836,0.005239086502320671,0.010277133767539748,0.009434415069541471,0.02388739857410671,0.023954280580826492,0.012948364487535002,0.014630919642624723,0.018745378966680347,0.014719757000843728,-0.01711707417398288,0.03952623730745377,0.006139948833835285,0.02439423772520349,0.027668398239167002,-0.006474225990118949,0.03557416923009029,0.00943141761123852
2020-07-10,0.0014021628894995421,0.012326696256859115,-0.011246379875583912,-0.006116951804621617,0.017538432532371646,-0.0035904873534130717,0.006823038092900646,0.03397926400543576,-0.0008070340023043711,-0.002241667115095119,0.003530667503948093,0.010164822331556668,0.00025441523942186793,,-0.058900613268195845,-0.0023433576524815314,-0.006657358934751634,-0.008409267739341295,-0.012389019912168231,0.013788590216490223,-0.0057280016003051215,-0.004611315952921617,-0.00987117855792391,-0.0013301418251289421,-0.00013110945583119093,
2020-07-13,0.012808220542072764,0.020350938056964883,0.016498249169781123,-0.012270699803084243,0.05814059454362773,0.006613062967809777,0.004900489883613862,0.03897764380180385,0.00768980339789863,0.003504280885838065,0.02032413597532488,-0.009919025198275706,0.019440763396025205,-0.014051640793300716,0.07359773349424406,0.011431119522097799,0.017070882227665906,-0.0007690911228856318,-0.006855736997784794,-0.00901511448622134,0.02046221672447221,0.008357345122975642,-0.003987787152838581,0.011515991140033963,0.020289582583094393,0.008198150468926801
2020-07-14,0.008217742065985271,0.013570412566533106,-0.0020460840111964996,0.040851127554719244,0.008351910796654146,0.00613726167079744,-0.005185705368343024,0.01200897394913405,0.015785885251331573,0.010681119841670868,0.0410801949246953,0.004810032076511642,0.027349792731079795,0.005604685113557051,-0.0034028439673060257,0.014841867401046094,0.0069881451560748434,0.001406790694621518,0.0031366494349217935,0.013122198346438602,0.009250197621514855,-0.0026801132269121237,0.005472859282398967,0.008319185977679607,0.007747604502492783,0.0046293347865510315
2020-07-15,-0.001313207599886939,0.019555031052982664,0.010020657986932016,0.031549360939306215,0.005842536925596199,0.005687855624912209,-0.005767633726744848,-0.006564644215749915,-0.007154918829021116,-0.005865458659753433,0.0012408524400384091,0.0003064707469374856,-0.010692567981621855,0.04175851136811248,-0.01415594190150785,0.0029016921121688133,-0.02010709824349645,0.006655707888012605,-0.0060781304469356146,-0.014842245219830574,-0.007837909921745462,-0.005435319504960406,-0.008107276447166545,0.007121448462149578,-0.0029544731673515692,-0.0151370756955439
2020-07-16,0.009031091430400024,0.043596372973554585,0.07481313352341447,0.0016862185580716726,0.018324545507419163,0.01668661550055137,0.004480073069187407,0.018940855225593422,-0.0015554060262883418,0.01928044946720419,0.008603459419660972,0.0044437071435464845,-0.0034633309611535996,,0.008171561126200941,0.01248846760750616,0.0018913123151913513,0.01156260946156687,0.015114843170329698,0.01020383792439946,0.018159648557214747,-0.009569122099547583,0.002412202745097558,-0.0018442390035860942,-0.027260985980154265,0.006078319827153271
2020-07-17,0.018644996586112367,0.012171464268811893,0.06470574319768548,0.038830253223147114,0.01851927526562028,0.03346856629017486,0.005895274467328393,0.029641710688080015,0.009291758920478304,0.02334056551229162,0.02274997636535166,0.012262936984408546,0.014127142286427025,,0.039167886243810915,0.00029366830335303407,0.014156129720855181,0.011378809609820462,0.008510596695375294,0.010753472007188633,0.07345492001082626,0.014041915692280582,-0.001407324683607647,0.016613105618107412,0.02082157547478945,0.01329663016898941
2020-07-20,0.016966470438491817,0.017759583156304104,0.042054876405638576,0.03121204943926159,0.03760855984464829,0.009869539543566105,0.006728585095524875,0.04745630729386591,0.017372490695394403,0.012600016621301767,0.027525026242038675,-0.0007932422337689266,0.01670109476070286,,-0.013637242033781305,0.006282706491686552,0.0028361302215943905,0.016532610994919636,0.01284035324823575,0.02019179775363908,0.06531986398417466,0.0090285699490543,0.02670859574497043,0.011608920111072271,0.005131899403376801,0.009956839633531075
2020-07-21,2.321113627148483e-05,0.005597883125925629,-0.013485564423361305,-0.02088749984653295,-0.009080041012394046,0.005158512840622033,-0.008629078138212088,-0.006135037938714605,-0.004710809151774686,-0.004807117092059734,0.023065915500221024,0.010830151038086397,-0.01715803308123952,-0.010589300861601888,0.0047739954306584105,0.0005041561359457325,0.027376912257950192,-0.010218804651655977,-0.01168054481140636,0.02133906032167093,-0.02663243663015155,0.017050678594835562,-0.01323984734716494,-0.000809780922632782,0.007354908104316441,
2020-07-22,0.003659207625679558,0.039368834283129206,0.0024559471036409747,-0.013474276734903135,-0.005512841166952818,0.001251784249227789,-0.000519133575383357,0.007415219796556793,0.011574980122995024,-0.001668077258575246,0.003450527644250264,-0.01325993906938947,-0.009201668766567209,0.026651157592130364,0.0036238178460483994,0.0036892536901757256,0.023686464891282493,-0.012895910304633051,0.0031175162154360864,-0.005350684860003674,-0.005349186144755186,0.02155831774580426,0.005715039126973969,0.01371561443594464,0.010674683486080314,0.011328944428260193
2020-07-23,-0.00701606012711743,-0.01908225188988142,-0.028336841119613352,-0.022197129290860134,-0.022875966563215423,-0.006809066847733758,0.0028966894839043524,-0.02825764164793516,-0.0055746820579671685,-0.007109511860965025,-0.024567166891082588,0.002038924981046918,-0.0067675044522474085,0.012577256610908952,0.008666933788658729,-0.004950672438173098,0.007787337431060193,-0.010515783421375657,-0.015006354443641304,-0.005189657144599368,0.013463903415945111,0.010215641047513808,-0.02300087232174084,-0.00045191496977562556,0.0020334295876881982,-0.024417008768841935
2020-07-24,-0.0010271159636478493,0.014777483919365998,0.003565183501441384,-0.0022823718755472324,-0.012916120150662987,0.0018140055141020069,0.01662927836843787,-0.013431173811931907,0.007100868667140199,-0.0011386034177342241,-0.00033369378433867336,0.006552698671570497,0.000647639440433101,0.011615957988375225,0.012538889705429185,-0.010919944339877086,-0.008038452643043037,0.0018743794882550707,-0.00766691401788637,-0.010406953969790134,-0.03330996784001536,0.003857980703133118,-0.011088572644711659,-0.009969783585609848,0.0038889041183449405,-0.00890207500395331
2020-07-27,0.00847074680344509,0.02345072502989446,0.015280003260262591,0.024124793053005855,0.020592298326877118,-0.0017117970211437356,0.03149656877820292,0.018379771262282286,0.013124650372152966,-0.0038018226894542596,-0.004154007995943417,0.01383577829683013,0.001881627038770542,0.0033978127000768485,-0.06082886253956815,0.00981762919222795,-0.004193346022008016,0.0077397487434257145,0.014873638362707355,0.0017555018083456138,-0.0031060543506966354,-0.0028311833237588202,0.010934120320767005,0.0017680242338329807,0.014506870244156906,0.01788844590196
2020-07-28,0.011227244238686715,0.007533334319054552,0.014638054012027033,0.005082810580777503,0.013210067759330084,0.017141356958840337,0.017608603426323494,0.021730181906803415,-0.0049612032737293655,0.008883226655368226,0.003752631596269244,0.002412548903116655,0.020296263332804522,,0.04803981599283691,0.002971132270572746,-0.009498968481415793,0.006008744409289321,0.00762011800437179,0.008902004649926264,0.05483409587600069,-0.012133983995363156,0.017004065401820038,0.023797616864151272,0.0037865569799923923,-0.00044446590331444674
2020-07-29,0.0025029559950692287,0.0014369762379923268,-0.0003756267329362612,0.011694209447045226,0.0056713383997170465,0.0021011784967274183,-0.0073518892489086605,-0.008854699314421765,-0.007997472789537663,-0.005502624159443618,-0.0028409448798871195,0.0018516085648941694,0.012824195073166922,-0.007849425458122172,-0.006827870330584883,0.009983931396355672,0.005992635462587048,0.00041960207175537056,0.0055702234979345955,0.009005584821223407,0.01285337668780931,0.01574621053825343,0.006245876832677943,0.0016895982216149907,-1.1840180949438147e-05,0.011257346876212715
2020-07-30,0.00750984455967408,0.025908733260819848,0.005001329369557069,0.032800514918494006,0.012375841241601848,0.0006007381613657129,0.006702543086341678,0.010792053179974748,0.006368466622489878,-0.00040586400247477616,0.01492210977383751,0.013650470810738927,0.0026250973980927518,0.00560216806579561,-0.020151384929251406,0.002187204088069189,0.016736429699186317,0.0004387269278540995,0.01905581706593336,0.0023492179972668136,0.049299490277473434,0.009240563545458946,0.013610021577334637,-0.01024089380929156,-0.0007221048056014548,0.023323727542577055
2020-08-03,0.017380839680339055,0.038257077185874656,0.021810209613350024,0.014163557510239922,0.041615694565692994,0.005122913477449019,0.015997851432617793,0.061380051576765605,0.013270343001264808,0.009685995251104232,0.010386104376560032,0.01588250238584472,0.012438669337401842,0.020010800196367213,0.05373797060168176,-0.008495746402910814,0.01193551731618352,0.011007844117860183,0.012415829307113699,0.006463608672152389,0.038416550538332706,0.001164479585349132,0.016197149767518293,0.025844438118848897,0.011930435256999376,-0.00246972753539206
2020-08-04,-0.011493062247842712,0.0005515901854336591,-0.022828378992303278,-0.014298864759872668,-0.01736933609372342,-0.026542482122249626,-0.0066233800249872465,-0.021385555375397037,-0.009160103737211609,0.002800777401440228,-0.02111467376659959,-0.007837054160845137,0.0005667382444742429,-0.011983434014421776,0.009547592310850308,-0.009484828039562854,-0.019970748271609228,0.007056958348536466,-0.01991188814425532,0.001779746654453666,-0.05340101746011433,-0.007322010681998988,-0.027224937907116168,-0.008641292810428282,-0.02756270948389051,-0.015132487951842818
2020-08-05,0.01082055906117122,0.020442045243336062,0.0038559471561374465,0.0002970987191581731,0.05422834960325025,0.006340526075662014,0.005410287959084753,0.020087869883484592,-0.000405180578522251,0.0008236844337675563,-0.0014801717231207971,0.009485483068865593,0.01075307244740351,,0.028605385881595242,0.010519145849591793,0.012552851892406935,-0.005329296185057605,0.0038425058463138237,0.005847336444847439,0.046794961860535556,-0.0077176944429609914,0.01967632709966222,0.004726762403488563,0.014971495512489604,0.0021255856089968197
2020-08-06,0.010701036292297171,0.02157033885254769,0.025140816287731,0.008935669017358946,0.015159584045785116,0.008203943203059377,0.01043073913194931,0.015039587989268577,0.00484956561764733,0.003715645065938455,0.01372757989822665,-0.006159448496566029,0.030523781359708176,-0.0120979566216212,0.043538489107846,0.00756618464055317,-0.0003011355157277462,-0.005795634499235869,-0.008642868848337648,-0.011879542320594448,0.02472991832335994,0.011156339917227833,0.04101052279651359,0.005393705839933697,0.023179792987756714,0.0017554110726900607
2020-08-07,0.007940833485454246,0.006546401986791992,0.0049650150296132655,0.006444594423317707,-0.010237118471510702,-0.0010397102707738455,7.5854856420587424e-06,0.03602848590398076,0.00507654739363569,0.012935502861313642,-0.005550329756571511,0.021419590159331793,0.032757433949549726,,0.004414429568990093,-0.008370669659080843,-0.009898358172552968,0.005289330841492107,-0.011901990085734879,-0.008270655488488043,0.002526037796875935,0.006066294099146512,0.012410416808189417,0.006599397609820815,0.015641134687371612,0.06142317759570267
2020-08-10,-0.007337184586765911,-0.004452447429217761,-0.021026026121482917,0.012433453290465782,-0.01933170104548687,-0.013752638300441484,0.0015789148567944445,-0.007716249539363751,0.002391573147201604,-0.007567460794566272,-0.020893995222601325,-0.014777249960068886,-0.010936523895678474,0.02499887652712059,-0.04379471826346616,-0.006802351522057465,0.007114513985725379,-0.018855241885210802,-0.01574713322009419,-0.00019895839407946259,0.03159728634718001,-0.007443203002697536,-0.024572079381956127,0.0002703128018262309,0.002678146052147242,0.04558308926538276
2020-08-11,0.009565820490116634,-0.014211986604481997,0.017298505767384613,-0.008782584326328483,0.008865116828344474,0.01286319417127099,0.0040158513466167665,0.01123624058908574,0.008812576703484913,-0.0017370400297741049,0.018510418630949804,0.008141054461412145,0.000719662094821671,0.004733120240313841,0.03212025409982111,0.02479651393521598,0.023063320058527827,0.00170269395177379,0.009939253040188266,0.072951141151142,0.03199536589598903,-0.0007159618197301598,-0.011971919206537332,0.03003570071990752,-0.012695657474714716,0.00669677468626891
2020-08-12,-0.010177211842369542,-0.021375392432947466,-0.01666138395653863,-0.004672529801223147,-0.017927897130438096,-0.0077562254424847765,-0.0010910707112371813,-0.021538445939901264,0.0014246790359157943,0.001135156783389694,-0.010840641086219146,-0.01646991937795016,-0.012078360681684129,,-0.014086961366191938,-0.003976029227789335,-0.018252225131428816,-0.006374934342632851,0.005613838769425931,0.00033685335209972993,-0.0065678808425223,-0.014601959546300221,-0.02524446173565963,0.003504064889776471,-0.014269905237186742,-0.021278736163090395
2020-08-13,0.0011866721530793905,0.009654051792887619,-0.010468157577782189,-0.0042674627818672,-0.0028750488570727993,-0.013398917176254872,0.0022882807406927053,-0.017860321729043782,-0.02935839901963923,0.004189632782959874,0.003268920551145397,0.012242630449178216,-0.008637313869237178,0.007467744944615588,0.04369972923636395,0.003840712697949833,0.023343447263434538,-0.0051169575030814846,0.011372493799659064,8.631074912754603e-05,0.006724398031053014,0.00812951164238154,0.017073839911490946,-0.013280786358310188,0.0033543129269012614,-0.001015031840541969
2020-08-17,0.0053423268633387404,0.018706943850063905,0.00744727043574627,-0.0007901307940123189,-0.0035431769051711207,-0.0030283251226462435,0.004661566507834331,0.019048774651134304,-0.014589622807602691,0.007614397378048661,0.007579478500020405,0.004462485002535976,0.0007228817916195562,,-0.009336367818023814,0.004764088966216523,0.038886937311754924,0.009491771656798195,0.01623659067384063,0.015522550947933807,0.03244055517206146,-0.007338200603049984,0.013256000368613787,0.0006302698987449882,0.0003881043853466289,0.030391515648687546
2020-08-18,0.0034463560991881553,-0.011286858882358574,-0.0036991068998977195,0.014963057710250194,0.016518687588998687,0.007263576150234596,0.0023153447492034185,-0.012838155961180453,0.008235248696643065,-0.0018334744923423254,0.013821081157246581,0.002111300423016144,0.0020532146184904453,0.003477483903397749,-0.011542808854160591,0.0031246468942484895,0.017803129834371934,0.03356429623150478,0.0028754867868828193,-0.014474411920862212,0.00021694580588621504,0.014700281306800175,-0.022631737608726086,-0.00545846896343305,0.009130367100179766,0.03684513190258191
2020-08-19,-0.0022061434895992754,-0.009153413647953313,-0.0011879910036699526,0.006589072356463166,0.0015449792602830355,-0.002914249334278909,-0.008856208833427076,0.005460632669690912,-0.0012127260314356767,-0.011197460927683167,0.0017149972263048412,-0.0082762995293013,-0.005345473534343164,,-0.013650864449040527,0.007189710939721761,0.0027031203725982112,0.00921697758895905,0.00043320046587477394,-0.004691699041017226,0.00735308784303107,0.005965733101545505,0.0035159691705361233,-0.007712649427219209,-0.012493269585559227,0.007478112761189186
2020-08-20,-0.0016857270853005346,-0.007963424834345933,-0.013993015258562077,-0.018459981052547685,-0.013575071019840639,0.00019995929489905647,0.00016913690477239894,0.00534606259554703,-0.007532209400412215,0.0015167988375325084,-0.013720977893347216,0.0033263896631420525,-0.0018603518130208172,,0.04999511891154429,-0.0046014317256951875,-0.02430453433522419,-0.00030739301203480673,-0.008471284159055388,-0.023970042525688025,-0.020516833518244293,0.01506380235195817,0.015996598534214302,0.001016019376934339,-0.004954004092898011,0.010855752967867746
2020-08-21,-0.003361535940324153,0.004427759276581811,-0.010691379495674336,0.006017872471495507,0.007627627111357475,-0.013504480627127953,-0.00713521840338055,-0.003168545436945681,-0.00014955647888860644,-0.0017858157779547616,0.015889789373914016,-0.006274007116221898,-0.00822584636513228,-0.027030125978077153,0.001703665883794514,-0.013446304679216758,-0.021720239563488553,0.018200744063078242,-0.01182464810225084,-0.0021025679519793283,-0.02949164620597189,0.002295333272759018,-0.024978307030730385,-0.00603762687961952,0.0016193918562872889,-0.014708827243388697
2020-08-24,0.009227024811116029,0.009935619837271504,0.012636302559246157,-0.018667633550802098,0.01325709866075272,0.012138921706666944,0.0037254317525074496,0.0170895716306525,0.0009072301010076357,0.0055721520576268516,0.00514005922614665,0.0025226104339340608,0.021313280504924877,0.018508840757983386,-0.04402519394997702,-0.013656112195866488,0.028622977577157295,0.015686555838833022,0.02850130272451755,-0.002984110837663222,0.03800936912638164,0.0036786669057646995,0.027478867908970826,0.012034488048917224,0.011310152615387101,-0.017507014743728695
2020-08-25,0.013074672805737339,0.02253599615605187,0.013232088670578615,0.022621928492790693,0.015030719827328601,0.010629214646777142,0.009670408272398933,0.019467149590344658,0.0043845752139928884,0.010271466460729784,0.025816152165152206,0.017642144208652538,0.00513421814057807,,0.0457526394312107,0.019438798738098007,0.03567656866739688,0.02739100894248643,0.0029553549709264437,0.014891936611971452,0.03180600840069431,0.0033541546135843828,0.0008861145129309319,-0.0033612349067734504,0.020535660880384245,-0.010742794897314037
2020-08-26,0.01078051220205171,-0.004825376532886332,0.008755473815076005,0.004615982198712639,-0.003359974312877795,0.006781473734216985,0.0006891517357644833,0.004498458831346775,0.011663643018026295,0.0053659075400763956,0.010407613403012106,0.03284711532583691,0.0032931460627807496,0.01070906898903782,-0.026991310660875862,0.018787281672263234,0.01119631007639219,0.04148118787709719,0.0013628596399368137,0.016024475850195865,0.008487249844251726,0.012078421455097334,0.01897207469399075,0.02678174101670047,0.024490740149519533,0.013650644863565079
2020-08-27,0.012685193398287506,-0.0002344030116289253,0.025762055411233283,0.013414716131626148,0.008047844145924743,0.019044791477412625,0.008258456748256792,0.004506501653247508,-0.001325676442731849,0.01712175925501891,0.006306185616230697,0.011976637349172025,0.015659078870436598,,-0.014997026848122505,-0.0038170006958726244,-0.00898289615527149,0.02508559842947758,0.011531316359848859,0.01641644438757002,-0.015167114261988524,0.04001038585645852,0.016906338933292894,0.012060882722375446,0.0061585811141248,0.002881439315894241
2020-08-28,0.006673736125650155,0.005320884812953304,0.007730498759397623,0.01934762370199955,-0.004808025362676027,0.0007794720206253315,0.009970568001986398,0.016959173712316266,0.009085148250674049,0.0005750144173683901,0.0032650886838297053,-0.01428672142889548,0.02601981269920838,-0.01556611058613692,0.019117363938484327,-0.00654291474482005,0.01053700799141093,0.008953040384377262,0.0007973122413481304,0.005288763692960385,0.004078522484223912,0.019589213379872617,0.0005876068002222553,0.0036163087210007716,0.024016247141688183,-0.012451388779342968
2020-08-31,0.003484767232674,-0.010372899654939626,0.004448833836430117,0.005957360949206218,0.012211892453904683,0.016399302746595557,0.004264287307102138,0.002206811799329516,-0.0006256717581060801,0.010816563121249019,-0.012708047073758425,-0.016710971934941355,0.006350776095579085,-0.0026052714983990644,-0.012553261994410411,0.011142858307595455,-0.014438162232055374,0.015246552065243238,0.003712884327087668,-0.007674214603057367,0.021651774339806806,-0.005987248004971135,-0.009041913057596837,-0.002601121319140573,0.025154544910772958,-0.0005706996460099386
2020-09-01,0.013919881550881481,0.01171699630598407,0.005080961128998807,0.02144915531636739,0.01693419808286616,0.02491111720112266,-0.0001115493534540207,0.0366966077722265,0.0018963467387306096,0.01888827341121684,0.012899446481748197,0.005003876502280892,0.02285945338629072,-0.002488288391093866,-0.01822701013032267,-0.0007304673000459727,0.023462040959066132,0.017779637267379633,0.012061579558571888,0.015311687313694092,0.032779263430451955,0.009184432189884175,0.01489274106794585,0.011232989259515347,0.021269067751999046,0.001535886991143894
2020-09-02,0.018140988363495807,0.011612741016915649,0.017853592874997406,0.005306336070637296,0.021841477011235105,0.015976534165458516,0.015709129103362536,0.022815672620848947,0.021247136668686068,0.010792664078357963,0.03387490550545139,0.021938991604743396,0.013555619476905683,0.011740301502677722,0.0715037072103887,0.004473448427112947,0.023306345135837115,0.0018750552460786996,0.0024972340196651316,0.021755764765981955,0.015005264868940826,0.02045005638572964,0.036166015758221766,0.028540571170065414,0.00874305425857053,0.020658838050702306
2020-09-03,0.024117457856436486,0.0039878677332395585,0.007488634488875268,0.03353372172550425,0.03299085038642526,0.02879010772046463,0.016346016679373153,0.001406096328781814,0.015407281258508876,0.03851808856401003,0.03188832537428995,0.008709927732103906,0.04667523157960561,-0.004741395784177797,0.05227131643014303,-0.0008277222341433466,0.028593695201589164,0.016835268860112426,0.0024935247315241715,-0.004223882130049957,0.025758590181414326,0.03247131407927713,0.03241939335150978,0.03488580242033773,0.043118568993697266,0.01554710685529137
2020-09-04,0.0025394470175612105,0.0035790704834565024,-0.009416192883460819,0.005787821478366928,0.018478474107422285,-0.0006679675906778286,-0.002836672572855914,0.030121902179066552,0.005951434393921318,0.010607149999657214,0.01580653254718256,-0.007707758568860412,0.01479459609263851,,-0.02265687460091667,7.732608679722475e-05,0.003660196180225994,0.0003153283147485225,-0.004064517541983916,-0.011121191757292611,-0.009319548408724954,-0.008254929605720274,0.007971934422749202,0.0080618076068378,0.015216486690533333,-0.012425270021948931
2020-09-07,0.014530498807330991,0.010099461139504417,0.027597329299447488,0.01749823569580648,0.02635169266743345,0.01959367849690844,0.004498856438715382,0.029305112824959956,0.023270363077504613,0.01748807069959285,-0.007007171310279207,0.021505449425162658,0.018121751159947807,0.009810227913971717,0.007948542662685123,-0.009248840074418646,0.018647404333280205,0.005587674786019292,0.005822650823069153,-0.0037667193258148404,0.035672244157666455,0.014484088201080336,0.031149519221895423,-0.005305697055414893,0.021104048538168475,0.009431261193620219
2020-09-08,-0.01197358161967541,0.0033341374952769675,-0.017250449626016646,-0.007839094081774411,-0.0109778360072614,-0.011955909657827626,-0.010666250442504943,-0.019798159902095724,0.00020420263173126507,0.008824276619834487,-0.020190444929886458,-0.010045307822031878,-0.02616441672622178,0.004614165997105883,-0.013152965617876622,-0.005404207336936001,0.004919827191235881,-0.007871439464588459,-0.017489801554190873,-0.0032938356856748543,0.023025615861383575,-0.009355201612475897,-0.019419955266791817,-0.025088214022782065,-0.0283721941120234,-0.023235527949014585
2020-09-09,0.013232683662785082,0.009959994311691133,-0.0062741344044623575,0.014111124722597531,0.003203731357494896,0.019185934527263564,0.004675030290708154,0.010993093446528223,-0.007120697460418736,0.018259463128300495,0.01202665350000102,0.017213446472984038,0.03620751212654137,-0.00043182554248081634,0.05282580438108518,-0.01235877163826371,-0.011401246560003875,0.03423296590662184,-0.004448275648248506,-0.01514435296596733,0.049196410613485175,0.010531402739789853,0.04798968688379261,0.017664123603400472,0.01877228451673949,0.005417923820898414
2020-09-10,0.01499490578416039,-0.016384576480797986,0.002930039666005389,-0.004158412969975341,0.016161982438061787,0.005143887995079395,0.01674731676301393,0.01578474188474942,0.026191929469196146,0.01408862010531418,0.026900989486697207,0.016708621785871937,0.030867401623852084,0.0036718221948734606,-0.005945033528551094,0.015044583196160422,0.010795796775889998,0.0275891440747473,0.0037504738595662557,0.010678225580973507,0.016223662616047463,0.016037518700442913,0.0005217738410602801,0.012993228075020355,0.03401572679391446,0.02015000878973768
2020-09-11,-0.0006402235438048936,0.010779578563660231,-0.023564837461755955,0.014454253413733778,-0.012051314405191367,0.010544715008935557,0.0011920288465989304,0.0004788188519221137,-0.007647248933339837,0.002319903780880095,-0.0034725822907044623,0.0005651788637219706,0.009759893532599883,0.0039269687695725475,-0.012636550635041793,-0.010286589782867978,-0.013419025419077125,0.01120284766315073,-0.004680125011820829,-0.014978146093695272,-0.022909003988434623,-0.003902182980407662,-0.014630462687699916,0.016710854314810297,-0.006897377149141933,-0.01397121546035555
2020-09-14,0.0009363087038370048,0.00047030799459111015,0.009721310161403065,-0.012258602647156966,-0.006905389571041463,0.008519762079942584,0.005005090814215818,0.008588314396030883,0.005408555988801998,0.013644718159817071,-0.01308725779571901,0.001529318369595245,0.0007015548292658899,0.01870555207597624,-0.00482440865942399,-0.001113046688317354,0.008584987563168445,-0.013106519209438255,0.0009267527027027521,0.007799049948777874,-0.020545702465390836,0.008361183414466096,-0.004399529122890887,-0.0019218771252444455,-0.02257345628908647,0.003283140933373859
2020-09-15,-0.008782064727779865,-0.0010484673040136784,-0.0052359604687774635,-0.022989904611271594,-0.004771957201650441,-0.007858463052525052,-0.001439866850081206,-0.002554109335389132,-0.010638170541134426,-0.004938436874322523,0.0019962513408508706,-0.018601340431223315,-0.018500524039371097,,-0.014731013318133646,-0.0017112123409411262,0.006926048076513158,-0.0011696708127091893,0.0016395375170755733,0.005371837810147435,-0.0027398346876975344,-0.020192591527422817,-0.023070568954133914,-0.014806189353900826,-0.01526095316855343,-0.01190973548926281
2020-09-16,-0.0016913379100508472,0.004757812238632186,-0.011827763433140792,-0.006788366798074634,0.00397582079227003,-0.0050188550201926375,-0.0016159517575423498,-0.0012649329410902243,0.010946312804926877,-0.007796895940475189,-0.008869036549425446,-0.007322479274971511,-0.0030210121274579895,-0.021509873012082143,0.07089277863364639,-0.0015058424835015516,-0.012515216560689546,0.011838547483468603,0.0009928112621680057,-0.009569834661972374,-0.009961971625295357,-0.007720579184818638,-0.007323156328923321,-0.011185288489079234,0.010253438776867619,-0.0098591738051473
2020-09-17,-0.0002724053156202329,-0.00635788113891278,0.006678064656761795,-0.025486475420040428,-0.004943879783926095,0.008108219831529238,-0.005277033079821548,0.0010128128452273621,-0.0038830658771032184,0.006378069883945386,0.0015180698008928812,-0.018078011590668935,-0.00408427965992628,0.0196190693946036,-0.014943859956572849,0.0029206255848588103,0.007145087738411682,0.02310147243684195,-0.003947991321795875,0.0167608117755039,-0.009579907950237526,-0.010529316668772382,0.030744293041173043,0.007729870332983053,-0.011805596889997305,-0.00847535457969728
2020-09-18,0.0007638249919562843,0.004527961987924095,-0.020537458226781657,0.011485426050051132,-0.004915324791881538,-0.008434040862542772,0.0038587670971167777,-0.002022429814707671,-0.008429529481138398,0.027217755219493888,0.0034198389826804267,-0.005578943192734963,-0.006509268389687853,0.004079714048311829,0.027513214629238725,0.013433976684078863,0.006501940940443052,-0.006669322442523162,0.004445057233526936,-0.0041290569183361605,0.0009220516737889761,0.003050105801380696,-0.004865773786055859,-0.0025308689923275924,0.008383077686483982,0.017524736603777846
2020-09-21,-0.0057589161189477,-0.002392734335997715,0.0025251477001193884,-0.0001426159949879565,0.0030528878233664555,-0.011804733292074314,-0.008263216786314148,0.001908514153583296,-0.005526541908258805,0.004458039955847061,0.005815504557529309,0.005506195583688733,-0.010445144002370541,-0.005471545503369812,-0.022347560294622943,-0.008882816276019084,-0.01203636197015534,0.001307947865057002,0.001214175381777086,-0.005086226229530459,-0.024570307413436437,-0.011009764794250395,-0.013632797903095137,-0.010601470717230364,-0.009405284469261536,-0.02183521869100824
2020-09-22,-0.005567358551184037,-0.010745595598225865,-0.023135461552309593,-0.021823576140708234,-0.0006396342361735775,-0.0030947724783868228,-0.014119106820068034,-0.006100348219615725,-0.0010872545370186496,-0.0024261915369101143,-0.0066994228576465935,-0.0022278653969058926,0.00016812101891539033,-0.008812653690855451,0.08316114096478804,-0.01513022137445369,-0.007840732183564968,-0.0161129226507781,0.0005316824251971192,-0.023194122290379596,-0.009455320940366968,-0.004115496995437798,-0.012838605724282989,-0.0032391550026301414,-0.008622154591722456,-0.0069342201726074375
2020-09-23,-0.0003192923360709164,-0.012583762273670307,0.009871412780763025,0.001652290259085661,-0.0007792512801603896,-0.004359265860488416,0.004985985406418709,-0.0002627308726153799,0.0017768890582759037,0.004027968266815133,-0.0010742079528316406,-0.00513090893120437,0.0005566001045711144,0.01558936398472451,-0.016839489578609007,-0.007994643878429908,0.0025253588287870166,-0.01000464536322028,0.0042364141218944745,0.0002996558959485858,-0.008174485074994936,0.003237766010657275,-0.012325192350018674,0.018740660624196957,-0.0038180553658618277,0.0030239486267315354
2020-09-24,-0.007884360812057878,0.0013473350960371943,-0.0004746860213976475,-0.001137100741848233,-0.005398132353983995,-0.0026438269538069906,-0.0007308893624047706,-0.005159909733615131,-0.0007123986530220046,-0.0017046433579464997,-0.008147089922298087,0.00016737434859860468,-0.017480553023785223,-0.01974393310902774,-0.02444190034338939,-0.01443002737680485,-0.011800350957040328,-0.003518236637762767,0.008407047245010747,-0.012007542521008791,-0.024543085868850067,-0.010511715331881845,-0.01679218444035747,-0.01693365723661784,-0.01956114007535545,-0.007275883155790456
2020-09-25,-0.001042408043765304,-0.002061939245713973,0.011296168393674675,-0.014178450340991688,-0.014268149917133726,0.0020708791255144698,-0.005721178095294299,0.00494640724682196,-0.00120898885864846,0.008639205892659891,-0.004768270208266645,-0.008720327099377418,-0.0024016335711603666,0.0028452853440620687,-0.05287215147654061,-0.002667408984769859,0.008628236513736242,0.0017713294131286028,0.004627772132855875,0.01997179158669131,0.0329431607376999,0.0048699614164258494,-0.010459428866981193,0.0007341346772223497,-0.011764360128667014,0.005307927391663673
2020-09-28,-0.03154082395488495,-0.04387118692321161,-0.037858392072997314,-0.04020302848490087,-0.04695993441485515,-0.03976188698270582,-0.01810652464894732,-0.025979347988609413,-0.02450728490880486,-0.015090923085711676,-0.03036733791782718,-0.028675912014240284,-0.044689262927940974,,-0.030994863555599012,-0.01588075191026425,-0.03695794324366495,-0.03531532094893547,-0.031130468892536983,-0.035373953766974386,-0.07290897483667166,-0.0273442288076875,-0.03520188080683296,-0.03435164978399182,-0.025727343692592754,-0.036428510031497795
2020-09-29,0.012026477748994081,0.010327992416098485,-0.0005181186509761293,0.031127323642217354,0.008437774037875333,0.014786558481805113,0.02394628677890832,0.012954146967904378,0.014641297449621156,0.012464348102619248,-0.0016591237092180762,0.02436493586501892,0.012296950562727308,-0.011774538907613041,0.025959777326374833,0.013569691469514034,0.0331478220418814,0.0007647750625650318,0.0063504569176292824,0.007162113073843162,0.042852093176317996,0.005984023387942427,0.02415222090755238,-0.005577611994370853,0.0021283972410013167,0.009093050232792721
2020-09-30,-0.016777936757693953,-0.025518249411714967,-0.0025495605881184305,-0.031233950255234122,-0.0259668779024841,-0.027214427001754592,-0.01652807352420966,-0.01620660575350359,-0.016320846124543067,-0.010063879396988362,-0.016781643915485384,-0.015459684680176174,-0.02128647413022567,0.021440135315377657,-0.03126420234873523,-0.006285916194456703,-0.024171977548870217,-0.004668463872641068,-0.009752623813264234,0.008251714843987004,-0.07020434192357128,0.004541045947943588,-0.02536288119565967,-0.022477496562152862,-0.015977798619889926,-0.008005928214814642
2020-10-01,-0.006100995366425587,-0.015368095830737727,-0.01954824459879758,-0.006797892718406207,0.0022204031075302444,0.00019663721675048743,-0.0039118716330586115,-0.005512875544930986,-0.007871826588016297,-0.004321844745905795,-0.01841717508040693,-0.00872523705893207,-0.0040434523271969825,0.02859739648641213,0.024028288766854367,0.0017753997285057666,-0.008661938945531633,-0.003454993640523582,0.005316332488007794,-0.011776476051674468,-0.0056804808123907535,-0.014482226509963862,-0.013516370380761358,-0.0005239815242798554,-0.009499467664034629,0.0035217890338458124
2020-10-02,-0.016009161682852588,0.005892378286438249,-0.0025600806830061162,-0.008647744618274222,-0.022978746737085852,-0.013172886554264454,-0.006401578964053572,-0.026911849979107682,-0.027058378520627695,-0.02730583958741199,-0.01510875255746937,-0.005682791387783783,-0.007833747063332416,0.00402751199344457,-0.016334743060199348,-0.025056903254836144,-0.03121159029327012,-0.033821314710505423,-0.00781838951135835,-0.019814106324723448,-0.049640517310307136,-0.004789657909676747,-0.03937237922098478,-0.0177672213569847,-0.014617413829086053,-0.04254509727131184
2020-10-05,-0.045690156550068146,-0.042195951074741625,-0.04816216165468577,-0.07525618536072828,-0.03647648834133993,-0.04725488447981916,-0.02366181157977489,-0.05247959134404613,-0.04026432209867297,-0.051514419808045324,-0.05316199076654441,-0.04727011432257607,-0.03033115126434917,,-0.05745717016249089,-0.020797490469692315,-0.048546517931315314,-0.04954898945164461,-0.0407505194183678,-0.04020840734183975,-0.06167590659755948,-0.0539418719526453,-0.06149591383242331,-0.03744980387231939,-0.053508513307870556,-0.03917626470002581
2020-10-06,0.003079338066467275,-0.0019021122036986028,-0.01106863048875619,0.023407339583112363,0.00594227801768585,0.011056401813732748,0.002469227691235365,0.002996057684589082,0.010151995007297687,0.008784897072371374,0.01210430621144254,0.023259846987588456,-0.011507490288213209,,0.030807855099193666,-0.006645378174841565,0.005801950653112531,-0.0038159226158832327,-0.01054317485708404,-0.012907631259519223,0.034474919259734504,0.01902292533315262,0.029088864381148587,-0.003959297211064785,-0.02590406567676934,0.011563214217402548
2020-10-07,0.04020155520826137,0.0428741496986844,0.04601425806506667,0.05345811529704507,0.05909198490330677,0.031596220000280804,0.008480087248253887,0.04522648603124426,0.01727940943257159,0.03724308866631273,0.047934184123015346,0.02588939307660129,0.04578978272007089,0.007684143604082057,0.024074916941999085,0.000666443067658562,0.050294831211177324,0.04170171414930243,0.05169093511412143,0.0445181431339705,0.06500279274420728,0.03596530443326096,0.05591390026763896,0.04103407189783948,0.06627009864316925,0.048096972083706634
2020-10-08,0.009069089561511217,-0.004001099696343485,0.022301159571377516,0.00602073317027868,0.018064692406274317,0.018204538123996642,0.0046744370674437425,0.004229065926541642,0.0020552694085403944,0.00415736055133268,0.0035644165655360402,0.002007844102199653,0.001799797633532707,-0.0023500602280589478,-0.017074597897640386,0.023170558206514563,0.02599697204646727,0.010977329390935944,-0.0023984334997599194,0.005764536759929356,0.017055279186798916,0.012237305053193738,-0.00012596497207534307,0.0325691292440932,0.010233686242419493,0.0058330279435237315
2020-10-09,0.014597457909508461,0.03308129835564257,0.023612098838198443,-0.0065983550854509685,0.010674254136948088,0.016785155994567567,0.0068800464595278,0.011931750282376537,0.006755905576808084,0.018617750331871463,0.02144174282705208,0.014963280998810937,0.016508556443895022,,0.02643738015430926,0.01759365553241693,0.009352512203004837,0.03225693377595548,0.006283153342270642,0.015554010328905013,-0.00462157079095904,0.00345189398975392,0.012531447573214227,0.01728737594159537,0.020630417595449854,0.008780530002790258
2020-10-12,-0.02170504365301376,-0.016908838553078565,-0.031127439516379956,0.007683605856295905,-0.026102075823820917,-0.01688348813454207,-0.0025513349876134517,-0.03594851262789499,-0.012987322916545505,-0.015777661815966793,-0.022255595453671857,-0.04393436023316264,-0.028844220737695072,,-0.0073654168340631255,-0.019055741814165528,-0.022868644853924702,-0.0033180235397905766,-0.009463202182993156,-0.018350651593205546,-0.05770507950152223,-0.006431727073200499,-0.0403704152320154,-0.013131366438889062,-0.036259114769015416,-0.024268381297038233
2020-10-13,-0.003654279072066951,-0.0048358321484217705,-0.0086843889737232,-0.001093860479515929,-0.01052423680502624,0.00045897358825532656,0.0050466409942906635,-0.013641153424956013,-0.010408524157427324,-0.007877648172672495,-0.005145027057980016,0.0029826467290448785,0.0010732203564886521,-0.03408643363641887,0.05059998587926917,-0.013681394433217892,-0.004559832382022932,-0.0013462651335350295,-0.0039609100797568676,-0.0002875042446809824,-0.010472275716200158,-0.004486722645076509,-0.007526487238011122,-0.009156222371062825,-0.006279712394864926,-0.012727492599701887
2020-10-14,0.012598270651976043,0.005432624497453742,0.006727939415266467,-0.010904149538236096,0.010762003407301372,0.004872146506500006,0.00796659241604954,0.02250107401904654,0.013618878307906535,0.006359488509877736,0.01150201790474037,0.024461068548806076,0.00869350214785138,,-0.044327056952531696,-0.0032993488635414403,0.03291398680369121,0.03108015602137129,0.01925282354922813,0.005917538501813545,0.017121715391219372,-0.0020390200808381165,0.014648366944956906,0.036654277442863495,0.021138894595843283,0.00985983930902364
2020-10-15,0.003726788631456628,-0.0005950679719629815,-0.007878188496805803,-0.0027021434497875494,0.0018376110302838053,0.009222543714677567,0.0009073046107217874,0.007091885939720222,0.018214395556591528,-0.003027842724324541,-0.0007879317977474432,-0.0030111825790830487,-0.005218608092947818,0.02772594424557351,-0.014767175227691125,-0.0019055868249944763,-0.004092448134381288,0.0056311890066955,0.008939884724281548,0.006270157074098411,-0.01632178124914721,0.018610601616251696,0.0022593495191664073,0.019335059102137248,0.012844532522066996,0.01323762691837064
2020-10-16,0.00938849017359617,0.007810198496416431,-0.0003967982579829443,0.045471216498326195,-0.0005908502522510573,0.007113231885259592,0.006520707347356839,0.009537882924538351,0.01483983364706955,-0.0021944314606048548,0.007799066832275621,0.019921790646917476,0.006498908806799941,0.030317721452748064,0.025215422534999216,-0.005264761093532105,-0.004151606532732277,-0.00868824813026925,-0.0054681173122789984,-0.0012517954095244144,-0.004643425417408864,0.006039090762644821,0.0013070236390503216,0.035554237392354526,0.03642275411576927,0.009682953694727603
2020-10-19,0.01225331949469103,0.010369115142785223,0.012441502426096184,0.008994612157913617,0.00011683338885976752,0.005942275450335248,-0.0005812801035457726,0.01123826384978039,0.029271804542966757,0.017681788309264895,-0.004509752248079794,0.04260250007813393,0.016674626998816916,-0.012281447139094626,-0.026556761779456668,0.008049625368192925,0.021262611637179685,0.0034332469942185417,-0.003495693317413427,0.00642456212227544,0.009846907162952834,0.015335019022094625,0.010651403194451075,0.00686869512440233,0.03191943476838283,0.025267310136170933
2020-10-20,0.012617582079990388,0.04708863398976763,0.043763360762347304,0.0006546531317070059,0.027351855455475624,0.018213639489234594,0.011499779553441947,0.018762904602206153,0.006917602894314312,0.010438845619733517,0.027445350268197537,0.0034734388078981825,0.0068971464129121435,0.0032312604649904486,0.03187681757749361,0.013408588750477485,0.017209089610842963,0.015103436153041702,0.003960556029729473,0.021400103944803576,0.07929432588218288,0.012770663151801727,0.021692312126843166,0.0008243099722418689,-0.023521308349642507,0.016735829363589083
2020-10-21,0.015530802924949096,0.029450454848057993,0.0065989955110789455,-0.0003723903122845984,0.0098487016750015,0.019100086300193518,0.022052491318270327,0.021601424923976608,0.023870507372637247,0.016550503761898025,0.01813472762047778,0.0010879194163436027,0.013746488258913985,-0.0021506558044858126,0.011661507692218798,0.004620316805813818,0.005965214990526347,0.026246657477230526,-0.0007468727102201977,0.009020555827969578,0.03885671661560913,0.010852577172817339,0.033449941332428096,0.024107587440208564,0.007246886845546162,0.05832143002494039
2020-10-22,-0.00664376790498972,-0.007820941128031477,-0.01868442674822986,-0.005960568424114077,0.0109866991244621,-0.007845842394943861,-0.008072360396327204,-0.008385253718249797,-0.006744041993397081,-0.009542958763166843,0.006724357845509343,-0.017831254870723984,-0.008239154685548524,0.008194718311468932,-0.016968156858325496,-0.022718194382140178,-0.018476259478337434,-0.0009577889475261975,-0.007177082948918562,-0.015045364685222844,-0.034601825932171454,-0.005395492508752285,-0.009824379943973699,-0.005316892097597477,0.0011634878648283757,-0.01942568098486408
2020-10-23,0.004415733196968528,0.010214120508751123,0.010272521239254751,-0.0003434645646034906,0.03493241440903831,-0.00010823099791478096,0.0020057049184272905,0.004278063005045107,-0.0032703928878535632,-0.0011295788090918005,0.005697157514125695,0.0075283543731039385,-0.00045041176171671456,-0.006756201954053687,0.014827263616513637,-0.007409317265747978,-0.001636389960680129,-0.022702198054272787,-0.002989113777077196,-0.007067753179319292,0.04069040151224529,0.008650177737691013,0.0012073704634375144,0.016208141789069312,-0.0003542413366807754,-0.0064863610807310845
2020-10-26,0.01778115975647985,0.012625087721042927,0.024444373024320138,0.021930478306250206,0.053072375680269596,0.024484130100466538,-0.000694782564568581,0.05428223992062771,0.027847439572151696,0.015237219609845698,0.019100839001491916,0.001884770279652581,0.021294210361852074,0.04483066659579449,-0.0117829732963103,0.0049528550138848715,0.02074428647388542,0.01160222558427576,0.012958485919602433,0.019995841400768283,0.020457614783480904,0.014033550800442714,0.04136125050923073,-0.0009233346295541126,-0.0004949901118616632,0.01013053053780825
2020-10-27,-0.010970952864035573,-0.019916920818350357,-0.007389217574024887,-0.03398467550201023,-0.0226047947096214,-0.005529245848845819,-0.013871157858464916,-0.018321739760350397,-0.007381305490738154,0.0015815522266198006,-0.0019990975730205807,-0.0011493571073062864,-0.021981050279348918,0.0024192007383199896,0.009036376110787983,-0.013320644402113946,-0.015262049986460913,-0.002751436776057742,-0.006762708917969082,-0.006397238509259833,-0.032974969195410625,-0.007305402194310758,-0.010491139775133313,-0.012832345301410336,-0.024279296143258973,-0.0023217567575514186
2020-10-28,-0.0030143568131579,0.0006870047873812068,0.038764286737949676,-0.019778578392599628,-0.004800954046660741,-0.0044137630247911225,-0.0005483169962602174,-0.00818446514592579,-0.003660770113558587,-0.0027211743954744794,0.013274429912929172,0.013743338627615767,-0.0202886695512067,,0.009496376811594228,-0.004463626807408749,-0.017745750737471654,-0.007978045165811729,-0.009666466092410148,0.01972250290190576,-0.00990523752907907,0.0022486509135954402,-0.012304076548636493,-0.025113404571596387,0.0015414323481272338,0.010806892443052477
2020-10-29,-0.03887802879078514,-0.04311528070892882,-0.05094866812363025,-0.03865800357552014,-0.048470774140822515,-0.038660841678884325,-0.02221574151688548,-0.05686143343348797,-0.038431092631829346,-0.029670643022903828,-0.02988240656036358,-0.03946142171901239,-0.04162058291611761,-0.057265269091031544,-0.02853942056604682,-0.0448564651669528,-0.04794854743431981,-0.0316125901270906,-0.03792637602817302,-0.04487529604327266,-0.06847865476446549,-0.033660056974972354,-0.053104793706634346,-0.03703228890653871,-0.02391499738624157,-0.04476771752346931
2020-11-02,-0.021536965240614388,-0.03916162951171725,-0.02379616875790787,-0.025639867166610774,-0.03044539743890709,-0.022358288087141437,-0.017241363553646104,-0.01042674670963182,-0.01853506663448745,-0.02288275067670262,-0.020656780959911414,-0.017808154822444244,-0.023293318634277405,,-0.025085572561845182,-0.029175263571257548,-0.022518039780823795,-0.029189015947175267,-0.015111630076347147,0.006138697711986709,-0.05803534030197391,-0.030683122010770645,-0.027770462275388094,-0.0048902443420599075,-0.020829191164086863,-0.017087474857215512
2020-11-03,0.038353879107737715,0.04428893559473943,0.052098211369913806,0.035064890792763946,0.04645718833399764,0.04165093038411011,0.03259830835028282,0.044246520332067024,0.0396656955490987,0.031350055722432976,0.037514376619581534,0.012636993735931166,0.03980046708879154,0.011751398150788406,0.012053875904910074,0.04239659043928373,0.061882938389250984,0.04907692840682504,0.04419916699502224,0.029910846471612417,0.0851754736348943,0.035330071401172995,0.05110589955338594,0.03652391236307687,0.045948973166695196,0.04176328672749715
2020-11-04,-0.003484110409642812,0.0003696402247901465,0.0008164263259340387,-0.012810762076052251,-0.007561212484632943,-0.0030495040111796975,-0.010265492003607041,0.0005012261091329966,0.017804843286803033,-0.00890807028328069,-0.009091010108596698,0.010636019350985793,-0.015459059129384589,-0.012611829719309594,0.020368664620237602,0.004040063659687898,-0.01812991496472084,0.007047622299310635,-0.016103959919334887,-0.006906398129905353,-0.0030603432908613004,0.010008639541386673,-0.006812132993894826,-0.005897358432687516,-0.005496919932662482,-0.017480558787833462
2020-11-05,0.015701835402213836,0.010058216851304414,0.00939509280757996,0.01390434052745837,0.01773158376574654,0.020402743933052553,0.01938629239787339,0.008249090664307214,0.008977595349730179,0.012319693530644712,0.016990234794527475,0.02767004215784204,0.014918402047226442,0.04562386749868663,-0.005557615399956232,0.032886880338039826,0.023806347478913636,0.029319176653595055,0.008821550276114396,0.015223974995011798,0.059811683504719715,0.004818454505181845,0.011283804272507239,0.007961044446292238,0.010745662615882199,0.025204144317202488
2020-11-06,-0.0006894584639499525,-0.006551683867600055,-0.021404496572818225,0.0021016880881970512,-0.0002532039760328812,-0.00846760086440366,0.005877584573988831,-0.001030102063296083,-0.006163334513154396,-0.004396253633031261,-0.007504674677260144,-0.006291605481811232,-0.009141682232045423,,0.007738239556875597,-0.011587847768274095,-0.00017951537352891566,0.0047014790902309145,-0.005094662942933782,0.010488153536803158,-0.026586173376878214,0.004706127277313796,-0.004052988449780868,0.00346979099350971,0.01690798136943859,-0.006322398611067093
2020-11-09,-0.0005241595518850838,-0.009765032108709448,-0.009434043173856729,0.011729085851627593,-0.00763033442579311,-0.00290755919416504,0.0032237555840395117,0.0008006978092171597,-1.5327733326068023e-06,-0.00010703289710181787,-0.0056569776892677615,-0.002269201980854919,-0.005631814774486167,,-0.012307557106263236,-0.00305647359168168,-0.006812973668931188,-0.0011846738429142495,0.01014010061551493,0.000707546755039297,0.005595102635887472,-0.0025251221577128236,0.016514152513399133,0.0023214906003086694,-0.002083311909527307,0.010616447714274132
2020-11-10,0.0013298536987874315,-0.0025177511080118563,-0.0006822749325812172,0.0127664959502643,-0.0036296025471306737,0.0008450715158588196,0.00903339033788586,0.003442682305653891,0.002676151373383649,-0.0022953489633185226,0.003304962241953091,-0.0021433139432909198,-0.00038244410459976127,,-0.028835550768494977,0.03744888847649286,0.005983788752507996,0.0026715448890060195,0.005220689536964904,0.010118955284808696,0.004807864939221057,0.00116348896149641,-0.011015847920924138,0.01668731626096294,-0.006604700062445167,-0.01659238099299302
2020-11-11,-0.002398062260162562,-0.00571832692630625,-0.003932691709932767,-0.017662975869786712,-0.016581133689895118,-0.0035068486161399168,0.004755759486191613,-0.004349932799867839,-0.004618234715861554,-0.003686715970087687,0.00998393539105998,0.010668021100697573,-0.006090343651009398,,-0.01740290442418102,0.026321097637244995,-0.011098637736213678,-0.00980388809653801,-0.006073814395943011,-0.005842603695208367,-0.009849294329243086,0.0019012422937951716,-0.003337231560509709,0.00876184208703883,0.0051024778329005725,-0.012711806631211001
2020-11-12,-0.013954720503014861,-0.008430277785068396,-0.013721658899877828,-0.010372248937609907,-0.02634400274724066,-0.018105687067557236,-0.013301627416343623,-0.015475498720324327,-0.01951813431289914,-0.008935131435542015,-0.003009456096258467,-0.0324691290032253,-0.01692134899416916,-0.017652111533562425,-0.0005535035898192412,-0.02344363136010011,-0.04685576097069224,-0.024432602046997293,-0.01150403354777704,-0.01871306155516515,-0.06435224865791578,-0.005674537823862861,-0.017767336389048333,-0.015951220510242767,0.029164563845459377,-0.010806935938063292
2020-11-13,0.008060563794067105,-0.008165303259879941,-0.011490976144520193,-0.0002774617344092715,0.007186139504764544,-0.0012854021695002313,-0.003592095261654782,0.005460795199120814,-0.002596320402567885,0.0008651919737609775,0.005856216244517598,0.01195078718764033,0.007573035923048389,0.0055345037120848595,0.0241455746883781,-0.014547728321485515,-0.020194143095021842,0.007413554742465786,0.002578444137319197,0.0075696290531691406,0.03850750576904444,-0.011859927404688846,0.010280356698063103,0.021325914498636665,0.05998810209554557,0.011098006605199773
2020-11-16,-0.0025149534878480743,0.0035949681107733,-0.006644837908149552,0.006083086093359591,-0.0025007134921442345,-0.004353167457313331,-0.002440435533074948,-0.00592637161314386,0.002743429512300285,-0.006294973802215004,-0.013135288390816716,-0.009171714971451158,0.007016521792032944,,-0.0015462089762185254,-0.008989213681852903,0.005810794187888946,-0.004513634209543996,-0.003290259468968358,0.013508924938293964,-0.021492413500903473,0.0020294277037528805,0.0016175799476480966,-0.00015182473371144016,-0.017222886935780963,-0.0049139175190355084
2020-11-17,0.001309006405498579,0.005285763086259032,0.007294910476641769,0.008695780670851675,0.0039876790319008535,0.009116456131681269,0.00283836882352409,0.00395032787787486,-0.0019353684654783868,-0.0047345090174300344,0.012865426141884887,0.002611425973836964,-0.009914999111488926,-0.014883235501145231,0.032755836749440104,0.01297149885335075,-0.004676837428411726,0.003585506096664165,0.002152700877772168,-0.005479753137325832,0.005194229366275671,-0.005406978073292753,0.0009902377575296273,0.008953380231663678,5.2838813823598285e-05,0.003715107983842817
2020-11-18,0.0010519934228655206,0.0029152548193244754,-0.005368530025529866,0.003160278844325304,0.003250792778296839,0.003201224186713301,-0.004585229512150837,0.009530763233763027,-0.004723931859738277,-0.004736199592504005,0.0024998240531922864,-0.007840629538080266,0.007222859124157134,,-0.02673734862831939,-0.011671931212532044,-0.004862983120219686,0.008622701564527444,-0.0019392417822141905,0.006607034073083422,0.0010782996891396945,0.0027073138240276684,0.013611737702003452,0.019439037079686933,-0.0018600561477058169,-0.004875561935580586
2020-11-19,0.0024584572858023304,-0.0005661746335128726,0.002338309870550781,-0.0031065053758392116,0.001793928503038846,-7.900913173733426e-05,0.004804647199188185,0.0030147538379582174,-0.00034581922544572673,0.0020860404408664,0.0003828266300074194,-0.0009135901424663063,-0.0008418947444427102,,-0.012867495304619003,-0.002323122520684645,-0.0002179204099401878,-0.004904089992833552,0.000606800998095785,0.00047210136109933674,-0.0015786757508176874,-0.00551745137466143,0.008259980532518347,0.012934861550790697,0.011967206811496552,-0.002727273405781087
2020-11-20,-0.007929267393880994,-0.00802243798657698,0.0013678618584850785,-0.02794213310571776,-0.016810359382663155,-0.0036716049669526735,-0.013125245580874089,-0.015621052258097434,-0.007945035167091366,0.0002463061691949949,-0.017592535844806117,-0.00722769205747302,-0.005115158509219165,,0.002409247845402381,-0.005141953406683747,-0.018091431975955072,-0.012261734460426957,-0.004957681272338102,-0.015430268362617324,-0.019937195556852583,-0.002488919743569703,-0.0007527964746235997,-0.011383716948065194,-0.012324055058481857,-0.017095491889467573
2020-11-23,-0.020140573123668973,-0.03666544205917091,-0.018512065156902274,-0.003786288771851961,-0.028097067836794633,-0.022761763280936154,-0.0026927677537285145,-0.020353924865611973,-0.020750227368540215,-0.00731624746924252,-0.02897178004453771,-0.005215395517121579,-0.018867568744329752,-0.03167584612865252,-0.011067097996988875,-0.004131583920854998,-0.038299055692503,-0.022667773421022636,-0.021062762650715654,-0.020807339629943244,-0.050594096460530424,-0.018998434278593185,-0.02662690684584505,-0.03319483806181101,-0.0321510594179646,-0.018348337985920355
2020-11-24,0.0055535729041800075,0.007011345223097631,0.014475520815114875,-0.012105131793982227,0.00427667523557971,0.005642167201282203,0.002244019330717045,0.0143445956415015,0.01041746201913235,0.006999525008889418,0.007837148030168014,-0.004904642592156815,0.0010381108485286845,,0.043749412123714394,0.016055767877777127,0.011328060314841744,0.007796053372240694,0.00902985240905244,0.0026743121968401725,0.010419113817000392,0.004835578779183836,0.017179724472034863,0.0023084060143233756,-0.001489255541544665,0.011484673418123684
2020-11-25,0.009076746600994697,0.016464764859034742,0.022627461862140662,0.001905243289014602,-0.004620082193686641,0.009023887661692667,0.01433757899897277,0.02170815830727746,0.00023661791799780562,0.0042168970389802295,0.0029308612616318155,0.014457316094061331,0.011547577274747794,0.0025096079099039916,-0.02591580392339408,0.05918187914455941,0.015901876921193728,0.009439524754119244,0.0026068505580009588,0.010289447107186343,0.025012039552294918,0.00016475371969557618,0.017156655119447712,0.0035858785806214487,0.005072269733342399,0.0023570866869759843
2020-11-26,0.01709743043074098,0.016540208710855764,0.015467681725138032,0.006221555237052219,0.04294027622673083,0.0071505649997551934,0.002635127993323183,0.02639635656926861,0.018613391098381307,0.02670026708972897,0.019299435403929144,0.021621247623907477,0.017075267215516415,0.03522687342163048,0.0240705089151537,0.018962103401467534,0.018218664203342123,0.003874156931338024,0.012612884283688203,0.0031386062587684302,0.03240094861906584,0.014125721477136602,0.012122922589144556,0.03137976146888713,0.007977829616643235,0.01825615213417901
2020-11-27,0.0054284131233296885,-0.0012008113383238262,0.01389342947821586,0.040142067348675814,-0.011674498333116644,0.011889389099057165,0.0030531271554151917,0.00034325554079186267,-8.284886709586381e-05,0.005168336914825905,0.005285628622851701,0.01591568535922562,-0.00295888741388195,0.02079082626828636,0.014758286821931943,-0.01716047609561347,-0.015990227886594058,-0.004681658373554845,0.01072289653889466,-0.004330611016388182,0.012384821523014594,0.000933374681416598,0.03220985974199476,-0.00645295496008081,0.012495243216556543,-0.0029312765234789095
2020-11-30,0.007028161892816048,0.009971235630606335,0.0033765234883318396,0.011564344329804955,0.0035371766598722137,0.011077359588909966,0.00475327114340341,0.023466782703024602,-0.007623048895193401,0.00379231835011061,-9.683093259255093e-05,0.008958940837081526,0.00927346815346447,,0.025516043926686844,0.004849302541609257,0.01953220307955075,0.010450535363346614,0.014529498025728374,0.0034126152538730505,0.047354239209992266,-0.007670633321234503,0.009014563147582061,-0.0032325965166444745,-0.00441006274501321,0.003264022630604879
2020-12-01,0.010455525826431252,0.013554200644767155,0.03189303449852732,-0.008386421638541142,0.01664907528776325,0.010818465453995242,0.007748790022986974,0.0053739734783988325,0.006092022519455287,0.02723605167152408,0.01988100413916259,-0.00172176998576026,-0.001294275240087359,,-0.003978624446842398,0.007180905656551773,0.018704238883133724,0.030994227296661736,0.017532425063850512,0.01726738230015305,0.005334967205283175,0.009590047413498741,-0.007959401235449554,0.0218421566916217,-0.0027334752011660074,0.015617052344284824
2020-12-02,0.008374277783419884,0.03223100679004824,0.020345918445224598,0.0007942020031745489,0.005353063630897995,0.007883788819510587,0.004014491554730365,0.009630725464457838,0.008669365155540796,0.014227937182120355,0.0281462244716017,-0.007975406578300164,0.012941364956932912,-0.012851846293150615,-0.02937368578404506,0.0005499071889379925,0.017083673926513554,0.0031382117926372355,0.010869939462892164,0.0036720980564055594,0.03619759307278919,0.03161086732090966,0.024443909478952253,-0.0027172188183959833,-0.004774107490149837,0.027223688957396425
2020-12-03,0.0029467305414368414,0.005540086829656743,0.00021143757844932498,0.03297577354585224,-0.005775013412604648,0.00028979049147326915,-0.0033343137817598177,-0.0013969038324793176,-0.005666134567722929,0.010667784031143535,0.001546169782511005,0.00640300283920688,-0.00668444658590474,0.00469567042326761,0.0072785692217118,0.002659118561529644,-0.002313156211907875,-0.01362173260260223,-0.005317476116336299,0.00039082819566206193,0.02090412743124917,0.026203038944662322,0.007307361450263644,0.011665322804824426,0.009556019141053834,-0.017116622849132106
2020-12-04,0.006483210061121579,-0.0019897240247002345,-0.0006385426496255212,0.017388928954892507,0.008043357684420785,0.0044905578764383725,0.008103193591666136,0.0258919432647464,0.00018058824349135146,0.005814641066799931,-0.002564880388369458,-0.004127680508177504,0.016288986572341246,0.014732548947548421,0.018261657280438198,0.011208255070310702,-0.005079420941766541,-0.004462711263894165,0.006121576069746183,0.010632156728460851,0.03907990940974565,-0.003343418173657541,0.021349345445155526,-0.005188928968854571,0.002177753241489178,-0.01105563140356299
2020-12-07,-0.002812431161636798,-0.0035587169653745086,0.0035819368323478096,-0.012601658441101171,-0.004172801633400411,0.00011963019104067803,-0.001744815911269965,-0.002897807386220343,-0.0016138177086931454,0.007466888622052137,-0.00415495456932156,0.01553485216494098,-0.010922214212273833,0.004470679137130136,-0.04388363790391601,-0.009452530757414285,-0.007688761037150537,0.0007304959999885619,0.0016060273201780914,-0.011752931199391156,0.022526254942058288,-0.017067329147144646,0.008052693148442295,-0.0012926252667162126,-0.015752938159020947,-0.005303001039783502
2020-12-08,-0.0001420093110889182,-0.004331509901900121,0.00832217140836287,0.007504050881005364,0.01264012788899187,-0.00377020689051413,-0.006465727083833061,0.016237927828803532,-0.00046936118121097625,-0.000888061587375033,1.0407321126374805e-05,-0.0050382746932888575,-0.003759118274976606,,-0.00309475709475715,-0.006558035859114936,-0.008091286532538988,-0.00943959584803572,-0.003765769062181084,0.014501163845039614,-0.017060832376824764,-0.01786385893006659,0.015116605249557621,0.004003964621279561,0.0015439139118410253,0.005134254770416439
2020-12-09,0.005994518850190386,0.003202780167035191,-0.004079110131880392,0.012316864002350192,0.0007799810929335872,0.00770481195316941,0.005431613538573255,-0.001555524638543077,0.00873565907034411,-0.001378068434456104,0.008164852764329286,0.0006369656528120557,-0.0014134833825707354,-0.026513881615964168,0.009057057522982026,0.008106986037458963,0.021328338358080196,0.00684382010754403,0.003926036521362974,-0.002970208231350746,0.023527732856335082,0.017518946523983614,0.021618591370352148,0.004161970639370033,0.01322043017819241,0.004289459941658376
2020-12-10,0.0032563845474048213,-0.0018677284787809944,0.010416068245290807,-0.0026077686400901023,0.003167298136123617,0.001784316409555244,0.0022528028790861744,0.006429973687936307,0.004277133918985305,0.006077246505418393,0.004327664108985736,-0.006961269628806917,0.003997518615052359,0.0027376506395853464,-0.01600363124578776,-0.0049588391984858315,0.0033692561586518874,0.010328795584952505,-0.0003647675876345957,-0.00039641256654979196,0.03831549978019655,0.009283563204280513,0.004163912556443152,0.02451169627010356,-0.011410824475865777,0.013721100026496846
2020-12-11,0.006676359635085864,0.0035426516700560406,-0.0025586387041214484,0.005734765328051302,0.009253069851715956,0.0026755934334979914,-0.002453481023776377,0.008571135873097678,-0.00107184124551921,0.009776298269977356,0.008644819367424764,0.022418159038656002,0.0008768346139582767,0.025028470309785462,-0.012213496229298872,0.02411490694644669,0.010558827278593462,0.0024607680681763416,-0.0023244820502440477,0.0008739646589392044,0.061230015062929743,0.0018425955756077703,0.008833379264498398,0.021274524219597434,0.0005668536342515348,0.014370586723949455
2020-12-14,0.019044543884055087,0.02699974009089582,0.01953603406417367,-0.003501284134690641,0.018921421815537333,0.018332318182242315,0.01566396006632153,0.04964812074969347,0.030223916218391298,0.022995154879268842,0.013516370837116543,0.0005778975431283487,0.015175892027985981,0.009710322982773892,0.01340513572451176,0.01845110997409971,0.024715008849586956,0.010085171569762935,0.007994782655470219,0.003060085392948937,0.061253847616656976,0.023813907032215885,0.03389134243854781,0.020992083882350392,0.022483695481786917,-0.003996352676235733
2020-12-15,0.0008589272876686821,0.003608476102888558,0.007246208604967774,-0.0007682124753727315,0.002227959430247513,-0.004094680477274342,0.006132363417206538,-0.018992392936719293,0.0032919667406325903,-0.001869786383714145,-0.010086299587804456,-0.0009104481363012562,0.003262868015433773,0.0134415517758019,-0.005148982543554083,-0.010135944124081808,0.0030129240960262704,0.013320895545619438,-0.0015338735377367074,0.004092815215484917,-0.045812719703681115,0.00682835365001789,0.006119859616598343,0.008581966392867048,0.0021604583418546133,-0.0068462145775204
2020-12-16,0.002053126154446878,-0.010022005714858184,-0.00705540899090938,0.002047837813290413,-0.007221878353894734,0.005205994983438912,-0.0016949861033514978,-0.007953195727876743,0.011322366256192715,0.001580337435977735,-0.015413253435091553,-0.00537472352625674,0.01647450094334274,-0.0003408756313429591,0.00748022889196942,0.015382999225151572,-0.017227000451643985,0.008277913501459441,0.00685452709425163,0.024386026130942113,-0.021120156132068857,-0.01073467884891055,0.011351440059800441,0.0038323785704288795,0.0011325386840931669,-0.008665309120403789
2020-12-17,0.013817062474016631,0.024702041609224224,0.03098819046340066,0.03223387759143601,0.0025063660699988517,0.009045400531961005,0.008752653333356222,0.009063017489601834,0.01018477098541821,0.01927776856111253,0.018546857579385307,0.006321066549485025,0.014099939907129766,0.003381402948239187,-0.03442221489012334,0.011283353938341484,0.012432991257806527,0.029015834502078217,0.004765003437764634,0.0009044680174822808,0.055213740983730525,0.02884358867782897,0.024806567743069746,0.017949008060484006,0.0169686823144296,0.0077879817702076375
2020-12-18,0.0028300097448373317,0.0005670782627589466,0.0049291989994432505,-0.013008835723713622,-0.005138753503199883,-0.005338532320760817,0.0036874876236065767,0.004114154196709086,-0.003370099413992213,0.004159884564179793,-0.0072889973818073455,0.008635371405275247,0.016877309051175356,,-0.012361571681172282,-0.0001345925996367736,-0.004977373841700766,0.016773521317337836,0.010022578749362798,-0.005823355729977617,-0.016880730086630158,-0.012640522822111228,0.024000526229879294,0.015565787306908503,0.004584024065521997,-0.005582241673550074
2020-12-21,-0.0015608459403465753,-0.006188333809436309,-0.019624992548291576,-0.012906987418892023,-0.01338364998062197,-0.0046447877188941795,-0.007913972316275436,0.013969852920475968,-0.008549737457884185,-0.008898108545744144,-0.003061871788654117,-0.008776955988900005,0.02084331545420732,,0.01037239844229712,-0.03199536294184141,-0.008707439513814351,-0.0005144770673973509,0.0031640731772439312,-0.00855254685913538,-0.025910288569963524,-0.01057409745044927,0.02754521144948946,0.007584839139107902,0.004837990982165109,-0.010712814176871718
2020-12-22,-0.010088926646433,-0.029167839623722613,-0.03136402066613636,-0.015807034848957385,-0.01189873795263158,-0.018683696432611165,0.001771820973140975,-0.0030323882983793516,-0.011036349994981962,-0.013529995385225474,-0.0011741634886207608,-0.0004198916723799263,-0.01901606703418926,,-0.02139866104922559,-0.010496854470623929,-0.0019569039831571766,-0.015898436905532762,-0.006077900392430217,-0.0058284518340325,-0.0605761621499675,-0.0054187852544196335,-0.009327654032829749,-0.007927367092521986,0.0171005062314231,-0.009540168238454013
2020-12-23,0.006532175526345517,0.025633732987432212,0.002414876405237539,0.016593893822832162,0.019827840506845835,0.0016161504400852905,-0.0011900392531852544,0.003968973096716641,0.0049841766778566665,-0.00019010939162600327,0.03382845129868408,0.002706179221734067,-0.004502155886001125,,-0.005911636098412831,-0.004637411407132863,0.00429048210580348,0.007012685715480943,-0.0035482127363152894,-0.0010852371685922636,0.015424155427927466,0.002604519329486303,-0.008141119609846833,0.0185307610327572,0.02470648429206488,-0.0060713189563327274
2020-12-24,0.008062632626182677,0.021369746538850064,-0.0005721523827920127,-0.004273863207301128,0.03729175044417624,0.010454524287722018,0.001633397385481261,-0.00043412722898724965,0.0029102694371281957,0.007747109219063303,0.03679157403731089,0.007195903614147465,0.014529888038939098,,0.04801127821728024,0.002147744290952075,0.0016729663174175223,-0.0017187179226013927,-0.005557401649201345,0.009936126969138379,0.01518067987962507,-0.017264106966617294,0.012600804502614296,-0.005039060736667859,0.007627323994526232,-0.0038187300438777827
2020-12-28,0.005089322384063652,0.010560693637870067,0.010244711202166681,0.014199549556783838,0.0007351685124490424,0.004716239500009285,0.0018030328683492636,-0.0023068090417772895,0.003258914132884816,0.019255581493690926,0.02314287879006695,-0.0022584531100310113,-0.0068346171718632834,-0.021555012646591543,-0.03437451097844353,-3.814574045338248e-05,0.02112430837695038,0.0018390851331174102,0.014472495999027581,0.01120445813194907,0.013628699568516561,-0.004815839273599853,0.008245002344172386,0.008822451602402293,0.016602147756683307,0.010454929837329171
2020-12-29,-0.0074944055199496745,-0.01387015021297765,-0.013444635986997158,-0.0063023449376204965,-0.015537416529312731,-0.011522568766432323,-0.0025230049287200186,0.002961394296561766,-0.005164578214684713,0.006653460833026326,-0.003732035306838688,-0.010112147851741998,-0.019615207831586202,,-0.004553378790308054,-0.01715257877142179,-0.00630418437473965,-0.00037522463184359867,-0.011587909315309668,-0.007983361646774908,0.006146571766777353,-0.013184955450842346,-0.011025303581646209,-0.0018281702091024754,-0.01045980078106998,-0.005554388396774986
2020-12-30,0.01870114269457706,0.0175780153148849,0.026794638705297795,0.02756161112854198,0.002233352577256346,0.007733410854225456,0.010845140228825772,0.025327831670268298,0.006068902195452626,0.019279688563642365,0.007522517987378334,0.022984551016653698,0.02247312277842332,0.004806822813385403,0.03570871629947975,0.0063167534947398685,-0.0013991890122446449,0.010313711615305546,-0.0026462904767778164,0.0007048756015739681,0.05320640866924081,0.016856868831080514,0.027890786657197963,0.02644073865950062,0.05854093927473331,0.005078398981882411
2020-12-31,0.0015912210079144042,-0.007799319725639431,-0.0006725691994146553,-0.012017441355719768,0.023549893009573747,0.002244230184990274,-7.090126421866782e-05,0.006541852149832747,0.011162209942866652,0.009595127932781885,0.01061095982561707,-0.009573072365422085,0.0013186514486547337,0.005484108514083615,0.009533286506766117,-0.0012108900685076085,0.0032125807286690223,-0.005791563092456001,0.002888848986343303,0.002901849503563647,0.000960404741575327,-0.002601728111687645,0.02523674323989017,-0.004058069835726045,-0.022431161175667427,0.00840038966376322
2021-01-01,0.009969986693739693,-0.0004964369052782968,-0.004374674608267108,0.0049952153228597545,0.008554967405686106,0.007245957011411888,0.004654022974322334,-0.014969682298380693,0.012139385376636502,0.008539058339214001,-4.382288554216629e-05,0.02749511489711523,0.026474254026589143,,-0.007329654000896224,0.04492221822439618,0.03504575594001976,-0.007570679188595178,-0.004924059685212104,0.06376836856730822,0.005290947808822999,-0.0031314999270453782,-0.00898862543931983,0.00945261976712701,-0.0001037988339600282,0.004018052651177051
2021-01-04,-0.0005012137169893472,-0.018449271394041733,0.007346438642792681,0.012135589183179732,-0.017131200951846472,-0.00425223756432216,0.0008741970473239727,-0.023956841808992622,0.002614114021350446,6.482423307887754e-05,-0.0014810870475652587,-0.001983881698660101,0.006994292321976493,0.007019481576658548,-0.01731713199409825,0.0279867153620747,0.03562522450651869,-0.014163848376026647,-0.007713909480294254,0.03569683317549973,-0.009316542846409676,-0.00157629499456449,-0.007191833650792151,0.0023088590709048956,-0.014303475010111474,0.00895527996131836
2021-01-05,0.00628754142673724,0.016231095737649248,-0.0055998409371445625,-0.004563806582189541,0.004304464059268438,0.015077413556964774,0.00222033548511153,0.0237542128660981,-0.006550603127946959,0.011226959748155012,0.014669309668608244,0.0038494187661172186,0.0053370368224572255,,0.020578766988250934,-0.017385141908549118,0.002573359382102384,0.007012102675295645,-0.007080645254476978,0.019933916145217563,0.029559792540645752,-0.0010345394734890742,0.017270970413438613,0.004326803520159317,-0.005407269078405045,0.0043266013362550275
2021-01-06,0.007463796177956412,0.007150295772634796,0.0010303439688458815,0.01670348884093962,0.005410605865119309,0.026221612743853286,0.006160532857657086,-0.0007821151309310825,0.0011354708203430272,0.0028238857644350356,0.004003095494054994,-0.010093526612884207,0.009873693218563503,0.01639084154140665,0.027328694967509795,0.019541957184377123,0.0073113293403357866,-0.00481060642660483,0.002831168410586435,0.002152742464769025,0.05490462470084562,-0.003931843192195631,0.0009907958918114839,0.013091595236747688,0.009646315591957104,-0.006367699106648843
2021-01-07,0.00040195246743127713,-0.008638107800187134,-0.008763740035889886,0.014552693949077766,-0.0031522568256765276,0.010001369537225758,0.005598437737515743,-0.0006488854117711162,0.009889858340119573,-0.00738394664866147,-0.005072459302302139,0.004086902731893716,0.009417505241378027,,0.017465993748547688,-0.0022551513019541947,-0.012193075024378632,-0.0034523203910997724,0.0005695708025589413,-0.0005281925795384514,-0.008614801584608367,-0.00022083152300110542,-0.0015697181674781124,0.006709718378833339,-0.006938730272703008,-0.009614460761799948
2021-01-08,0.0036914399314819583,-0.002892146023070574,0.004685640841611549,-0.00899013276426125,0.0004461504263981404,0.007626521981238097,0.022543432847339222,0.02045953541118887,0.005743333379048944,0.0037574274410144327,0.018871228609610085,0.0023721394978286317,0.0004888481880976585,,-0.0001986426310424949,0.0017430504339584763,-0.0032743258616108545,0.020422458990657547,4.3014801290472415e-05,-0.01044386614055846,0.024386317880352115,-7.84053092946213e-05,0.009940260061002395,0.0018820631461583318,0.000595148562689233,-0.005654657417216232
2021-01-11,0.0018097372816800387,-0.015221757377070943,-0.002034031542106074,0.021618325461117527,-0.005539428043435148,0.01541932733966929,0.010692889257727507,-0.008281645720949611,-6.559429206923603e-05,-0.0005937676850397576,0.030078624437119544,-0.017978693730387903,0.006182530798483036,,-0.019139346483849476,-0.001272752692941248,0.010362657133899845,0.0034939009254169873,0.020206119707548195,0.028373144801302083,-0.006759817889801956,0.008958547200421203,-0.0036338358104469892,-0.006182793092934992,-0.016040368799701096,0.0035848805397721653
2021-01-12,0.015546523222601335,0.028270721818239596,0.013038393547690177,0.03422928019588063,0.007413547735658617,0.03274589725670858,0.005968475415910596,0.022265312760826793,0.004439505247577176,0.01691401847061789,0.06413857955038195,0.004185846670977837,0.025110668398800808,-0.008960681286995528,0.003579236029368874,0.007263459774320691,0.0017713314323837518,0.00473397741442122,0.005303785321882054,0.025311581893239815,4.785161405213012e-05,0.02068280019321341,0.030899183886470866,-0.0007527490295343095,0.02178591706772181,0.0008432689139144708
2021-01-13,0.007058487877560773,-0.00868117978760825,-0.004245885504822141,0.04473170249932673,0.021543969830883195,0.014175150692471883,-0.003927827823832164,0.017049735904426155,-0.005722383745248678,0.004113361524919099,-0.0048210384962154755,-0.003762215551538417,0.006678609852136255,0.030419954933006126,-0.010984039041159934,0.0012141914587360803,-0.0011783137357892863,-0.004935568202319371,-0.004940068473240453,-0.015810625793334292,0.0015209370116588128,0.01916254659259331,0.010296730693614078,0.025534539496410453,0.00936843663635538,0.00878161427158682
2021-01-14,0.009982206386862744,-0.007461618497955691,-0.004253088940115761,0.015215867659261825,-0.008237730329656738,0.011516859914021547,0.0023200237481335096,-0.005041948222330859,0.0071404322343118064,0.0015997810120612966,0.017702193481745603,0.002265685867564704,0.013546115070400518,0.00729955694069077,-7.17616346453398e-05,-0.011961391032708296,0.0009712552265417464,-0.008173994597083734,-0.007410428788611603,0.005108973920730388,-0.014442481273701097,0.012125421612860017,-0.014059735937509319,0.022282647756510635,0.09105491062643427,-0.009831814655171578
2021-01-15,0.0006001091286857804,-0.007458950397713537,-0.0015197491912138001,0.022672331698774584,0.0016012346958081108,0.000568650422276326,0.0028402135774717287,0.0038360236314641,-0.001397299946769134,-0.004926492612488048,0.008538461830720453,0.004819505121882055,0.001980323651162641,,0.04614861708185466,-0.0012668149643236815,0.0014244293578914188,0.0175153637964824,0.0011411478538998626,-0.003219038285244075,-0.01534354103012675,-0.0028440106133829565,0.007140556028028082,0.0010925886979975248,-0.016354116013882983,-0.005604335325937552
2021-01-18,-0.0011759868515401415,-0.004282256930378092,-0.005141109195375619,0.03232063355438778,-0.007233108754373538,-0.014108490884338357,0.0029027003325138912,-0.0034021903827076956,-0.0024363514025717015,0.012902485705260524,-0.009448774699828447,-0.002527724945443319,0.0068914721602992305,0.014357721990714611,-0.00028153557051326567,-0.02000125135591385,-0.009883603873367433,-0.0013626222477582384,-0.00559164607073517,0.021675697278070453,-0.03206030364094131,-0.005414218152052993,0.008507418014130038,-0.0004917712447001641,-0.014492146182695707,-0.012322452615070737
2021-01-19,-0.0008750802664288601,0.0005696187189670798,0.005882085215133305,-0.02058930224907755,-0.00165572983892541,-0.006716306940650896,0.0011310016114756461,-0.0031232320094345097,0.0036313471917949996,0.006343803040160173,-0.014275953829573898,-0.009456513440494519,-0.009853969356916726,-0.00932398001547774,0.005002650224508576,0.019375535426429447,-0.0031017928305151735,-0.008877077079353382,-0.005923142295850939,0.01513842612303773,-0.004743899590887696,-0.0010105739632061868,0.0022908064670740433,0.009954192312016125,-0.00500791922257222,-0.0025311846040612838
2021-01-20,-0.0013142200000709843,0.0017356432938882005,-0.0040202314831035025,0.0041433895913547585,0.000362580746155694,-0.00659742706021543,-0.0077042257419389195,-0.003899016790535695,-0.009700719923835652,-0.005116190483663414,-0.007233586889758077,0.01009425509176412,-0.002579871712018869,,-0.024363724287154814,-0.009804463091849847,0.002184353523743416,-0.0154094032287488,-0.00027674163579452515,0.007400165093466722,0.010316638237378106,-0.010829903208674533,0.007925020965732202,0.016498791237326546,0.0030167512035316757,-0.00637570897566216
2021-01-21,0.006685303321611117,-0.002766149960455,0.010267279775574734,-0.016504444100990372,0.007644599072714433,0.012636408433766379,0.003630937697062775,0.004485282151634442,-0.000825228490816708,0.00640738476300321,0.02219437579763106,-0.01434706697640295,0.004318138662184155,,-0.013298850821715478,0.0008742386395611812,0.0036669621582715952,0.007476147196160798,0.004715331200677533,0.005649644069727669,-0.0010830893660226937,0.0017162580867216976,0.009081569829368715,0.02792852681752739,0.0322267833936076,0.006721116918136039
2021-01-22,-0.001200285909605928,-0.004726089418680091,-0.010991733825013594,0.001266425028320121,-0.007876542983566418,5.781814773132028e-05,-0.004081871741451815,0.002823831498422378,-0.0006251374642525417,-0.006347848533969571,0.008672325408395428,0.00805876113534668,0.023041298265959815,,-0.007616739768083178,-0.009371293154827626,-0.001884982419514119,-0.01118265940892306,-0.008291889216849854,-0.005228281663643282,-0.01000553930083678,-0.0035250258531921087,-0.005119634653679917,0.010565003310152199,-0.01039670858763312,0.0006127367139561931
2021-01-25,0.004889706390095365,0.008073634267843776,0.007348529296806998,-0.014190329409335511,0.010695364314624485,-0.0014627289005322286,0.004471647824509267,0.014938465731630036,0.01420719492464679,0.0020932150685185427,0.015890606620226826,-0.008714797994852053,-0.006422525194939822,0.01787400235028184,0.03548119765255116,-0.006420554677906559,0.004409639111628135,0.007438972629643811,0.01906701715345423,0.014664577891551555,0.007759547681144119,-0.004400573011885745,0.012337484859311845,0.014171780915937397,-0.007445097334616638,-0.005065944865047707
2021-01-26,0.0011561598315325342,0.007211829906630651,0.004050728594202476,-0.024520066381447565,0.020596326578174375,0.006898306728076863,-0.00676480011082497,0.001383843069828161,-0.00459460090924838,-0.0028467910866316727,-0.0023915538766960953,0.003584173470699073,-0.005862234893176948,-0.006367578312038528,0.007065551547154095,0.003982959449766094,0.00981635168222276,-0.0018987563524766882,-0.0021554658743982713,0.003705158806577855,0.013415081792251149,-0.0020268670366581803,0.0037280242540214947,0.0004351760334516813,-0.0005130775464359576,0.0015903398227768244
2021-01-27,0.00314572352001281,0.006376359422597511,-0.0027718246975825625,0.01489393243706677,0.01211481798675941,0.006184016527379812,0.0053094247777206284,0.009504720914542086,-0.000879909865694655,-0.007102333210644188,0.013211882243927294,0.019838474167303978,-0.012441259357701281,0.02912122438884242,0.03675660561930101,0.005857723710063989,0.0068614089046377235,-0.0013616599337109986,0.014391275185726866,-0.012823323650825228,0.03473051293142204,0.0009042220623322368,0.010164335253590737,-0.0047761637343089035,-0.01410067614657718,0.010316809109449024
2021-01-28,-0.0024568127102566287,-0.014605937864280206,-0.0016656008395390166,0.020224227497331566,0.004613306291916565,-0.002641417896391835,0.0051928853163263735,0.020422825969503823,0.004933263350018662,-0.011789435658779032,0.0007802424147664669,0.004048150346094699,-0.01480929580444958,0.04742053129088767,-0.023900484210166568,-0.013287493308191345,-0.01875573548189481,-0.010318768892694036,-0.007595561078408447,-0.008249034061030735,0.00496628134481783,-0.004642090632487284,-0.013460561728274006,-0.014583809156899094,0.012810364380250048,-0.004764487000544364
2021-01-29,0.005621795811530301,0.004272470174850773,0.006737696881843193,0.00667942175284388,0.024102360197119612,-0.004472543298269025,-0.0007581847636512317,-0.0031864875681594847,-0.00909128703845495,-0.001484197115824648,-0.0020033258949616606,-0.012321014766336232,0.015898826380406305,0.021712420147315965,-0.011833508894316351,-0.004802009092765597,0.009948755937044548,-0.004635508760600385,0.015311215223829524,0.013464360417750223,0.0582569660167801,0.015595113414060561,0.025680498153345416,-0.0015556357701443577,-0.0008018226201920234,-0.0017615134423029088
2021-02-01,-0.00010834512190185228,0.008170152755066995,0.003137541281494164,0.012150666550530164,-0.01656392323257202,0.003728734226392603,-0.008157473196613519,-0.01595433915425748,0.0027393996223954126,0.001039306737561213,0.012630282771898945,0.001399960132353044,-0.018334910174500722,-0.01851899283383111,0.023573156762798222,0.003780534674278496,0.007067005076294961,-0.005801235737142252,0.021205279839013793,-0.0036332021467094886,0.02202879298512561,0.00025082395597695456,0.012022020351475917,-0.005383256801132732,0.01632621136630157,0.010093467194632407
2021-02-02,0.0012760940267567396,0.004808854384512795,0.020558815462262736,-0.007077174566485767,0.002354219949134272,0.0003727161539935207,0.003828892867617417,-0.010519125495659113,-0.004287363053893782,-0.0019795354277061658,-0.011606711428932345,-0.009795925086186874,0.005317882105227783,0.020972012395440814,-0.030647703780239004,0.018632528397750203,0.013518200830399736,0.004905629326231342,-0.0016333680021460234,0.010840108088348744,-0.01510063361401287,0.0032990327380621426,0.01601134535643724,0.0006860096309667598,-0.008888374143514947,-0.0027450495959587817
2021-02-03,0.006682732012875143,-0.006275400081888016,0.003444721804935954,-0.004457986406336619,0.031630955140519994,0.009418039266650103,0.00031372603517195173,0.009698435770966104,0.005664253565384136,0.005129881878286995,-0.00930631446489405,0.01202130705008142,-0.007417832813118419,-0.007142770171509587,0.03369603165962659,0.024786291138657046,0.006583991099989256,-0.000891379066537662,0.01552104186812765,0.0008905676186079087,0.018816211434064672,-0.005358409576972726,0.00033353348863729426,0.010183175080633284,0.021386463109272606,0.0019979555653489487
2021-02-04,-0.0020540376359793953,0.0007960481037742384,-0.007506312412441929,0.0015773647897733278,-0.008242481946854553,0.010457419745910456,-0.0033745775407297007,-0.015335320426642297,0.002123198044917261,0.005984093063330936,-0.018153115485454046,-0.0031126188901975326,0.004374078964741945,0.026318822614908515,-0.02047942819333866,0.02628220457530292,-0.00448270661836778,0.01863378275801514,-0.014161125181021687,-0.007845031668380097,-0.002245975964671104,8.629811027435577e-05,-0.009016320538116407,-0.00033481935891909115,0.0027840124624399407,-0.005877802865354294
2021-02-08,-0.0035191473819088004,0.0006603836011844999,0.0013863529997534263,0.01012714123148406,-0.01724890254055149,-0.006799061370985652,-0.004102053472330819,-0.00537163350141849,-0.01815217612930022,-0.003303481886237932,-0.015380716199750658,0.002600244498046862,-0.007268168232445238,-0.00018556629201401295,0.003051579661186981,0.01112829522512454,-0.02963781042795408,-0.0121879687300301,-0.0027613832695886076,-0.004427864125946164,0.020747388393007216,-0.0030870675404085354,0.03529013718107064,-0.005283995399350366,-0.0065855305572798065,-0.001184160398174557
2021-02-09,0.006410755320042645,-0.008077730572415542,-0.013448592540912907,-0.024051940322207938,-8.210288494391773e-05,-0.003490640544062599,-0.002201462495214779,0.01120811603302267,0.0019373185834460824,-0.00420307229041913,-0.0027013532878865467,0.025385708767927055,0.025627192290767,0.023253876177409077,0.03554857327623752,0.008834415355204184,0.007071877880673748,-0.021556424011848943,-0.01482533003248547,0.01589015076208129,0.03930551211972738,0.021058983235769983,0.043977603505849304,-0.013664977264051012,0.013429027121113053,-0.010096198344780557
2021-02-10,0.004862032342460832,-0.006063598397376925,0.008274682994070267,0.01478957240900064,0.03656944271852035,-0.005466238622562499,-0.003787275325545747,0.003273296976022655,-0.00032657999893278715,2.926765420118102e-05,-0.003882498122619612,0.007714603306387444,-0.0012593418254461864,0.015857028715746457,0.005132018806768358,-0.01676001656482007,-0.0006472251843337378,0.007248426234824801,-0.006250047467108569,0.014564314294809763,-0.008025652159863172,-0.0017285457231431395,0.012750038798342599,0.010881697039573575,0.01227478180380923,-0.01056964578312991
2021-02-11,-0.014538884460554199,-0.015536413734924249,-0.02512419491570354,-0.008151715075834084,0.003495325614650458,-0.022534237676266455,-0.014744808359766612,-0.021903964531834276,-0.013142153532195024,-0.01594055956310092,-0.013618966968109492,-0.02019644626206504,-0.011943315346516358,-0.026681278590217072,-0.007138605948905173,-0.01453960585469069,-0.028404016345441208,-0.02063756513759435,-0.010269396623692362,-0.02739831532553864,-0.0015820020051134365,-0.010604326977860332,-0.04430704334422792,0.009230441919457107,-0.011708467753501638,-0.015900944957572882
2021-02-12,-0.006466009631927085,-0.008944537009846487,0.0252089480189836,-0.007961760033912172,-0.0006675443189906577,-0.002014750116223547,-0.008307114150503102,-0.0044571118961754,-0.005732090033831984,-0.011200735392598197,0.011731844899517674,-0.009065945942338907,-0.017852222216586097,-0.025326862126105982,-0.021194829762878675,-0.020027729548091844,-0.0012243351864007737,-0.011398743137586875,-0.00233154848556669,-0.009483371891240433,-0.014058366102692926,-0.005135044596634601,-0.017066255830530102,0.0020860236154308515,-0.003342164729582019,-0.0014185477874619767
2021-02-15,0.008051764553818857,0.0038792885447617607,0.0028896730602272678,-0.005516436586605522,0.013189818463769223,0.006899313005587817,0.007538040179818067,0.019931841181126807,0.009021549197770842,-0.0027625534113630877,0.007834590528684645,0.008333855151396743,0.0032144784564654915,0.04228035412724666,-0.007859047210673023,0.021305354164185386,0.02212565264287252,-0.009709291783877624,0.021828294958205978,-0.004822842023846931,0.010709875844408634,0.003121668434404653,0.02805918204801312,0.007675645863681302,0.00865288837075352,0.007347199416164907
2021-02-16,0.007608302509150449,0.006108339140354542,-0.0027372619951119836,0.009960467111291041,0.01814120211737482,0.008932210668854605,0.008111943827727364,0.011281423656879796,0.007897338249661814,0.006865563309369321,0.0018168163906947903,-0.007922257943410982,0.018706050806742328,0.019072291318985357,-0.023841252324084548,0.00570306050628927,0.010815391396438237,0.008761437436691041,0.0043740204773767555,0.00301205822183236,0.00579829095733031,0.00424042911044696,0.04955988104595074,-0.012706292751373626,0.008621178441701124,0.007443381849267923
2021-02-17,0.004778379751485423,0.0037254261315822325,0.007667680672598154,-0.014215003950191086,0.012746767714486379,-0.0017117151735332372,-0.0018124610810556553,0.015817328937586916,0.0003231167739990041,0.007437347404262589,0.033312602833218984,0.012743913851128427,0.015810908261519423,0.014298440329371628,0.007293521627367322,-0.004024452275006196,-0.001152288013748411,-0.004205776757862517,0.0006240109511709756,-0.0037618837757391697,-0.009495097523711887,-0.010257954488659942,-0.0011174977027759159,0.00845912649546114,0.015899561118583025,-0.013081087987928766
2021-02-18,-0.0011346638437718128,-0.0010981234331458368,-0.00905193524888218,-0.005193082977947554,-0.01201864952970602,0.0011336510936073194,-0.019982749937099226,-0.0043196463849182794,-0.004724722448422877,-0.0112643771379961,0.04496201383886678,-0.003212707540836336,-0.010977576915362053,,0.003880516155730973,-0.013162732347967582,-0.002612312345913353,0.004902715003811162,-0.0028430421995231797,0.0012384515173394135,0.021313605863856278,-0.0033606166827608963,0.016185459809219038,0.005800784697531484,0.01607558925919215,-0.0008524842338357338
2021-02-19,0.007299722477268695,0.009413349115583303,0.016610447501525367,0.005551699593623405,0.0020923268646742053,0.0017960563712652604,0.004719202994950061,-0.0005230646943468601,-0.0006657003538384261,0.006781868148444288,0.02351035246702173,0.0009993657451555042,0.00757006567065111,0.0013552042024421729,0.041372356056537996,-0.002509377154202269,0.006520472623812154,-0.007354345587336303,-0.007317189784707682,0.004855388068645892,0.026591297111659612,0.007268032743489101,0.032781148082590326,0.01776947874545238,0.006689943000052124,0.002629007032402727
2021-02-22,-0.00016084068113881203,0.011272227174668992,0.0016047002748577701,-0.011164203822322657,-0.0007284316443278524,0.002966862354444088,-0.017831215457269657,0.0030265040733585217,-0.001693590881518722,-0.0020402305326252417,-0.005385318731314277,-0.00194488762425582,0.02802433471109489,,-0.031461324286739055,-0.014724143272635826,-0.010830048394874954,-0.005893841942821373,-0.008375483892282973,-0.00088353791578197,0.015215734557391059,0.0021692969592468137,0.011691732558017233,-0.0072074255579114965,0.0033368941895935977,-0.004809508633228747
2021-02-23,-0.0023072759132738378,0.0029312669658899337,-0.011376892650014545,0.001287530287614617,0.0018385600907097274,-0.009517025733559918,-0.0031177226289079594,-0.009099905281712036,-0.00416656676761746,-0.007968980711680876,-0.005334388527889293,-0.009004275499584602,-0.004311388806970415,-0.01754698875133187,-0.011640388136676848,0.008216525769023875,-0.013628780531552377,-0.010591251804553392,-0.011043542162434703,0.005186198304592224,0.0018090261065522029,-0.008437996694944707,-0.009734505742882213,0.018538514921436086,0.02359868437435212,-0.0019439744559989203
2021-02-24,-0.01924182500593579,-0.03261468271680606,-0.0125631308389739,-0.012726479533982649,-0.012895282256140672,-0.02200364342184181,-0.010443237997787435,-0.02636178152905715,-0.012282076298964748,-0.021787736712410487,-0.03449248415003773,-0.008067940899759825,-0.038420024828376705,0.028349474587416434,-0.02731135432925952,-0.007131731280856035,-0.018114220796581513,-0.025003489563379333,-0.007203359958644152,7.672733421343336e-05,-0.024094325063364536,-0.013800594201895824,-0.04141234513458455,-0.02593704854018692,-0.011082283670546488,-0.0206586969873979
2021-02-25,0.010160276251946605,0.007897188876981997,-0.0003888069606181916,-0.0070433263760980025,0.020177972445815102,0.0015898942345977292,0.008914720446496771,0.0031298787868974222,0.005084277789870972,0.008451661307265537,0.00015529478137956318,-0.002289607769581862,0.01942517262360426,,0.00613250565545107,0.0055528653072431655,0.001980857584415031,0.004378500771257163,0.011578114814046506,0.011004342866548037,0.03561711050181654,-0.00021987599135372775,0.04103480449880986,0.0068178717245731615,0.013073210667690731,-0.00634480517955327
2021-02-26,-0.006271472583033242,-0.02138922829256077,-0.014427826108271393,-0.025351970028819098,-0.005696439470988827,-0.0103909155641322,-0.008069117125661735,-0.012761144132851959,-0.010236484757980335,-0.0186859448147635,-0.013343489000492481,-0.0036191431253876083,-0.014491311711202525,-0.019747073060063736,0.05617508552324381,-0.008139823265865376,-0.012604690252673547,-0.004889451987357532,0.004093229287559111,-0.0015958569293176756,-0.00895657868527791,0.015122962733626582,-0.03292850100602649,0.012294035138423557,-0.009196903333352054,-0.015121348931917708
2021-03-01,-0.014972412978935241,-0.016272392771516254,-0.003073250986935991,-0.019159982537922143,-0.019950281856241932,0.007052461925131975,-0.005966419610186075,-0.02221495302005779,-0.0024459808625468976,-0.01524228608184515,0.016631389446262617,-0.018274531214077575,-0.025725099130567863,,-0.05650284625836736,-0.0033184018336735732,-0.007271552303816647,-0.018921163750044795,-0.01649630376155059,-0.017429956628688747,-0.014952516021232126,-0.028101114654710563,-0.023143421460429008,-0.025572652573614383,-0.008644879356892484,-0.013524119746268881
2021-03-02,0.011613814473303804,0.032062154312002634,0.009527088463585631,0.006336750272405063,0.0047363877604882755,0.00898498027514083,0.011989275595010018,0.024386938756093636,0.009903181504595873,0.014465634591228639,0.030647232980035632,0.0025410448573610703,0.0066353762803452124,-0.0007889192460841891,0.03480134988918445,0.0013425532309594146,0.014230458146466186,0.015455539326755918,0.02185207874769754,0.019014209453387842,0.015125765794198665,0.001705214997689608,0.010166147201998646,0.009655756596485328,0.01041476781133624,0.0024551548186850423
2021-03-03,0.00549127405864845,0.00811026598599005,0.009775688382630718,0.018158576701282014,0.012077585856916088,0.010293346225233643,-0.001426127908074787,0.016469668589157983,0.005317616004308483,0.006948070546995656,-0.0014982929023139395,-0.008698063720015692,0.003746081114669074,0.01390310801193817,-0.029590040241448734,-0.0014267736381425866,0.01524620212177805,0.014121404142323657,0.006516151706047177,0.005357349408864642,0.03666445031783683,-0.0007154024744109628,-0.0035534158627102685,0.012312278161549589,0.00872015653254557,0.0037085334622356894
2021-03-04,-0.027230052813025905,-0.027493364844641967,-0.031542038730287617,-0.02802999845998529,-0.036814906598506426,-0.02356615536585853,-0.014162813395582018,-0.03903750254117839,-0.01922284223454077,-0.029675662984996926,-0.03498908686084288,-0.029942295790179995,-0.04277037944028235,-0.002244776650192959,0.010309041358896737,-0.01339181709648038,-0.03318288783510927,-0.03046645785649664,-0.025815067339756345,-0.03395665886130441,-0.043825871711206776,-0.010493485531478013,-0.04543549224308249,-0.014190098736457575,-0.025413380834834964,-0.03108842014525622
2021-03-05,0.01067080681706319,0.004197988924296692,0.0031324916851631,0.002613045335150388,0.014314052005103573,0.006606382998970761,0.008990460304220401,0.014867809582265013,0.016586137833096686,0.007429418560388107,0.00958715607255665,0.020103691523057715,0.00967510030971723,,-0.023287135213290806,0.026417776378001634,0.017191402068038736,0.0026044224109174896,0.011251328586377563,0.017995651418414638,0.0177623863835919,0.010553290587944979,0.009838616397805625,0.00706454317676454,0.02350384948558291,0.009962616658029036
2021-03-08,-0.015051758654337137,-0.024365715153647726,-0.017961403611332916,-0.056739685248721104,-0.040412754647698904,-0.01698932743154459,-0.01219528565151965,-0.024416601824477416,-0.009148710967641884,-0.011845675710222547,0.008933154686289246,-0.006035208840076896,-0.008126029526841452,-0.030441509367581682,-0.006955342558724505,-0.008120885956596186,-0.02190429899628041,-0.01393100250468303,-0.018237487091426224,-0.03050050130058296,-0.013025544859067678,0.00227308371315887,-0.012398520419946435,-0.012023414291077082,-0.011939614561371754,-0.01322422548716562
2021-03-09,-0.03145035906930711,-0.04170538762942565,-0.0366232539057069,-0.038975977738450705,-0.04903472127628698,-0.02594712569675838,-0.010492178919796752,-0.031830182124696765,-0.0059661480971276515,-0.036978875057176196,-0.04715783343502069,-0.011496755225484248,-0.05225096924911557,0.028161341294262694,-0.0003617371797118851,-0.012670242071361498,-0.0358508314665033,-0.04086026029473888,-0.019468794009915483,-0.022957103761956144,-0.06420949256911715,-0.019944531814954734,-0.05625870255729437,-0.04298399434756722,-0.034654269021560595,-0.04094616379822432
2021-03-10,-0.014894400471079814,-0.026579029332904736,-0.01465521549893188,-0.0280543242772686,-0.006784877175080292,-0.0012888467611086437,-0.003822565931355554,-0.021622392393956903,-0.00829259514217906,-0.014617565725338578,-0.007690889464800639,-0.014875668431153151,-0.008905084743891862,,-0.01634298822901461,-0.005175053449214206,-0.02543958664974038,-0.016977911629448617,-0.018467188919630964,0.0014119767263174065,-0.03698098132095051,-0.014885707324316655,-0.041110266521094056,-0.019400361459187134,-0.02913428006529544,-0.0002962677595312509
2021-03-11,-0.03418078959176403,-0.040114558300782366,-0.038973590724723096,-0.03602854598659285,-0.02871344992765814,-0.02703229733512996,-0.012382445678578591,-0.04185345021555228,-0.009662980781909747,-0.03796705888101005,-0.04696331808957912,0.006198085659192793,-0.044740623625292957,,-0.0801397581085771,-0.02155240899036992,-0.04943428211867139,-0.03375521084639871,-0.045619637207281905,-0.030316568238847576,-0.06687678733942051,-0.020151185798227344,-0.060018580858608346,-0.04613547682714925,-0.04720172369902004,-0.0535608477020015
2021-03-12,0.026739477848024253,0.037012532578495703,0.03352312066902417,0.0354881493712871,0.03579785556949598,0.026415646241906707,0.014873129969495413,0.04080221517097774,0.003158359029071689,0.025524574548412077,0.04528897682388844,0.004329928561080524,0.034020440976428534,0.02198053763619434,0.073462557065315,0.017870780183515844,0.03358953488003026,0.02230040670016381,0.019322366720872328,0.024168850523858063,0.024435665166120363,0.007172682864619199,0.04319747316472308,0.025033383031858713,0.03451502395705622,0.020081720750210048
2021-03-15,0.033426178080490906,0.03920438732305398,0.06253114115301729,0.0346739812689341,0.04183662946843184,0.03797368094891377,0.010340379560645197,0.05717787546398301,0.015435331986201931,0.04229705364696884,0.05012257015400057,0.014150927473886996,0.053425157330707004,0.033633700468204276,-0.020873683941960586,0.009260716090637278,0.04701149559519001,0.03332566957263168,0.02462672167841469,0.035989495323440535,0.07729422072628978,0.026323840849258935,0.08063581452667988,0.03415952592667369,0.01780103237667671,0.02514183290007906
2021-03-16,0.003250757801096086,0.0024885597243200497,0.0037229505769850973,-0.004350633019858563,-0.0026977866130413197,0.0091166527309844,0.0038317521168580006,0.0004320686231327753,0.007808782513111837,0.00770821670447287,0.011245521076258739,-0.017045904295496933,-0.003077499861790348,0.005399801728233622,0.018969281708557235,-0.004678698216581151,-0.0028048250340228648,-0.000428248964292402,-0.0056021943826340265,0.0035883698783439463,-0.008197357153398616,0.007003597453198219,0.03401770696620234,0.002406107492710155,-0.001036506655098331,-0.009251633950826399
2021-03-17,0.020580312081024718,0.036567500006201084,0.007727771155435643,0.03955971537749917,0.025728783938171344,0.01876263134312249,0.02539270661243672,0.0027218128515944617,0.023998625641650482,0.01581541846895734,0.019538559844259302,0.018062484218630225,0.016698989198379616,0.011889709642195415,0.06303534634309234,0.009543291128010278,0.01442998406922428,0.02157293041634971,0.008075527680041284,-0.00024850570036450716,0.053315506005454844,0.048356717836997735,0.027601977877462214,0.007583457225289229,0.01618818798044391,0.06354389683530548
2021-03-18,-0.01865718438427935,-0.016489225819493015,-0.025869534320838827,0.002912436221031193,-0.011953654506645494,-0.020406380638341198,-0.01751230258121439,-0.024998770893105527,-0.02085925208649215,-0.011455173549857969,-0.0292201478674385,-0.012660744711809342,-0.01936476607483788,0.005142199989000562,-0.03216816991482985,-0.017275406880435606,-0.02200995558976166,-0.026545120951902257,-0.009469395404495415,-0.019300585823815396,-0.04834578236897749,-0.005303726356307176,-0.048481384208350194,-0.02889574544584117,-0.019199367589150376,0.024576753130995128
2021-03-19,0.01072131219037589,0.007930016373782668,0.0008261694644823292,-0.00038463037487349955,0.016564035621927403,0.018011830174840093,0.002361495125725991,0.010581462862011205,0.006254496976696222,0.0073700613498586835,0.015961291557584356,0.025965470635152532,0.0033026196764670036,0.022100868258928836,-0.009523809523809545,-0.008126781594425203,0.02133291411177154,0.006070069615540408,0.014846301525030811,0.02497758663204818,0.07891692366008524,0.0041644712776558535,0.009837820758520383,0.010845207028099562,0.0007018763309614281,-0.005018949217606298
2021-03-22,0.000685987903707451,0.0041981386074878115,-0.003241858628339885,-0.01667332737394687,0.00018570592359479874,-0.006159584103073348,-0.002092934541140151,-0.005298272606607182,-0.0008479635699506335,-0.00901195097253189,-0.014338466436123484,-0.006294689689761358,-0.003338556051391145,0.016025831517959926,0.030181695685086815,0.04300227671299034,0.03582165661321395,0.01254414889860625,0.0040993741115012,-0.0006247193106488999,0.043303669329386674,0.0026453636241934564,-0.0023769990587886223,-0.012587164448372615,-0.0035734173846341125,-0.005648147570865032
2021-03-24,0.0042311994790492765,0.012155338370541613,0.00023720567590354173,0.0034098723984368196,0.004098285945832621,0.009932762053436184,-0.0002807723383614069,-0.004349223402635085,0.0053558889474752,0.001777336132584491,-0.002685779591699818,0.0012791406963437353,0.0006841729128343897,0.036090696229684305,0.046604837161181224,-0.012256148991826171,-0.020019000981194024,0.0033245893946752397,-0.004113883808191235,0.01158364676126697,0.010349052690689114,-0.00029305270464709726,0.030000466320401736,0.0008621315590678064,-0.004274188388100033,-0.006712063602488476
2021-03-25,0.003971733005617946,0.009628553094221627,-0.002939770148980582,0.01774518634868194,-0.0032772174892012305,0.008676728883593518,-0.00044095789476921723,-0.007350695942409154,0.004770201354215956,-7.070563441523512e-05,-0.010643943636831485,0.012542051045951165,0.006898886088452659,,0.009043377878211611,-0.004293809524233944,-0.005129612283774115,-0.001783156792917795,0.0016421433640661925,0.009311217423674226,0.007942261435064851,-0.0026799119395102635,0.004712450968201554,0.020275981236115896,-0.0013805619662379095,0.0077750570627806255
2021-03-26,-0.006051541221963143,-0.013462670246173591,-0.0011377711802608795,-0.01459862664645013,-0.019014706414681653,4.995487377924669e-05,-0.0065097197217605625,-0.014575017740602629,-0.006380333646212599,-0.0005014242847787026,-0.0021869889990482707,-0.0038900091371750836,-0.0030899313483771064,0.020372307114393046,-0.050759012695182903,-0.008755708690371511,0.0001849932812702515,-0.009685577787098346,-0.004187642048910686,-0.007482974398025477,0.057657336012926774,-0.013655139253014283,-0.0052122179759689176,-0.0003735401485930323,-0.005173427071244328,-0.021757870442154974
2021-03-29,-0.03646434068405818,-0.04126851649995493,-0.037523328644161996,-0.061787246532406505,-0.037241065042240194,-0.03607542493196477,-0.023087124442530266,-0.04716072412748149,-0.024287803503506598,-0.04270374997223516,-0.03653356997029115,-0.031751025079159764,-0.05282007313103638,0.008630763921825713,0.006840074063657291,-0.016302332770050054,-0.05678482333114749,-0.04926600395097719,-0.025658089392898167,-0.006369860064902967,-0.07229615509265819,-0.0386133197024973,-0.06760711593028244,-0.03785929734133245,-0.03555623965144573,-0.045737390178664704
2021-03-30,0.010126538630204952,0.023933561523911108,0.008556814510225117,0.022384014891357624,0.003575070746937212,0.007024992272911562,0.009353117270651407,0.010285725490216746,0.0065748883078644415,0.017420026877568957,-0.004451370917415505,0.01986743507888243,0.012271789701074154,,0.03885505357745789,-0.009343381804171769,-0.0031646931971195144,0.020949577915975764,0.0041345514078670416,-0.007863019720930833,0.002933264331959451,0.00956681775947955,0.011274948364990737,-0.0022302662907403305,0.009318547774646087,0.02267567659536618
2021-03-31,0.006406309144251005,0.016219594275444307,0.016900214521986916,0.03258447458425269,0.025196525083832664,0.011826919709343532,0.00834307871947793,0.02227293450860148,0.0021659107779195947,0.005318723387713142,0.022266762675278256,0.003340111977675218,0.0012297388187665608,0.03951220275097348,-0.029658728163771148,0.00469729882619821,0.008339355228506743,0.010519873992354364,0.010195962447920648,0.012313286721403352,-0.011865382562518872,-0.003535247003817053,-0.011030799116333942,0.004472177599846756,-0.012855462015112737,0.00755895910167829
2021-04-01,-0.011053418048364105,-0.02309094368582758,-0.010112553146327826,0.017951965401858533,-0.013776516727594959,-0.001981577785678997,-0.013707256963987785,-0.021734346452376877,0.003584659261793791,-0.010384094603648343,0.013484961616971769,-0.004450674311568726,-0.017813294797654738,0.005626303635177095,-0.054691127297799014,-0.0018960150095507222,-0.02068675607490089,-0.01923710092681226,0.008387323482848097,0.005764276380682609,-0.04832919427860455,-0.014053784284866153,-0.03252439263509227,-0.006520384533460821,-0.0056960449923053975,-0.017385658938443866
2021-04-02,-0.0003746878369436953,0.00587796295059696,-0.0027961252247725404,-0.006883009209173878,-0.004001359967201353,-0.008229388926841873,0.0014233517957969954,0.022293379948657887,0.005043693158344901,-0.0009538658754171426,-0.0067738531709808,0.01446027508232528,-3.971539344959542e-05,-0.04173065998424871,0.0013011251128815144,-0.0064901563160713605,0.0014196411993475794,0.002846052423778625,-0.00930370177850083,-0.014438563787517502,0.0013956463594692325,0.004055402281508499,-0.008124271568844247,-0.00796727888443858,0.006550546951585381,-0.0020345578208715485
2021-04-05,-0.02359557607256598,-0.03038423074090952,-0.025004585143960964,-0.036873825998143504,-0.019024783896379613,-0.02605794787740454,-0.00468648464025419,-0.014299514571217331,-0.009722010884649095,-0.029200027731662994,-0.04881921765089867,-0.008034690687432648,-0.03368642114509021,-0.012703409436867577,0.0035834751970089487,-0.011738823994492997,-0.025823377423883336,-0.031179265547352758,-0.017964519631030868,0.0029772808104539805,-0.06399821889378685,-0.020542386961790872,-0.046989309787516004,-0.028763418627414754,-0.03568174808618661,-0.02462304596579597
2021-04-06,0.020147651294062454,0.021969645177843798,0.014840227351122351,0.01044755897267117,0.0373803761480904,0.025898144809952412,0.004606123328765789,0.0035941837836789775,0.01369252113083538,0.01840310757789144,0.029159689179007797,-0.01237828191547823,0.02537637156042352,0.015068270053543978,0.04504677663931479,0.010691678447887265,0.028636000329673655,0.026531051584335358,0.018607329315948457,0.029851949742106965,0.05607320456969095,0.019369263374875142,0.07141125032977182,0.008114493114486214,0.0023841757328822246,0.01754701133747516
2021-04-07,-0.0038710116452339203,-0.024134517094992314,-0.008637570494607671,0.016834168818631645,-0.004245985060772298,0.0037223074455482947,-0.010993919440188371,0.021883549436817806,-0.0014366354877176318,-0.004186059210680691,0.02871048290936412,0.008946943235695393,-0.004390087459738398,-0.002282904336109189,-0.010859617414293393,-0.020217410905200656,-0.012055236952713119,-0.009938638850448989,-0.015137868880279848,-0.014650033060868844,-0.02365358056502631,-0.0024471315075773234,-0.013684018403759463,0.00617417216329039,-0.004170533409075014,-0.002846483671871569
2021-04-08,0.013688395899825642,0.01626397869054196,0.011056895175228523,0.007966212018006957,0.011566108648484652,0.02645728829684056,0.010762965542838603,0.033939960135409765,0.0064724456665424335,0.017524988460120332,0.024421982823993698,0.008129927523530768,0.018455678408191747,0.02886909029045596,-0.022224425838146947,0.01168709310860927,0.014359812154620764,0.008275881605721791,0.011465621010139607,-0.003364238896622065,0.011261466975723583,0.005706260058210835,0.031729261684666034,0.020003785762245863,0.007308909541073376,0.020721760003680718
2021-04-09,0.015609893040512995,0.017143727098050565,0.0030128156248599674,0.056083627361650644,0.010625903620027119,0.010649825946057854,0.0010088303448927416,0.011472638404650785,-0.0019859833376870855,0.017531760121455964,0.021617873331704524,0.0049226163476744885,0.026902269553938808,,0.017641948907057708,0.01767307123410744,0.012250659825456712,0.016957152087220956,0.005700019410324109,0.008919047491305693,0.058178546918311314,0.019469929648537575,0.055467664501773505,0.012251530387815035,0.01685991380445599,0.009564927820500632
2021-04-12,-0.004118015659265192,-0.02202408639215512,-0.0012492660977286019,0.0031737841220559893,-0.004632056533889226,0.006268354175311915,-0.004809591898962506,-0.02083806424069673,-0.004362825413383985,0.00016362395930616082,0.009222625544089072,-0.012806772881769627,0.006162370097384857,-0.028375501637342298,-0.006156629318394002,-0.002908019182096877,-0.0173288497257804,0.010725360900215627,-0.012021182499361365,-0.010875302915482546,-0.025688753030387423,-0.005712447350918107,0.02698865650390812,-0.011475069333894482,-0.01928427519576225,-0.0023000254521820343
2021-04-13,0.0020491738353155533,0.023601881456920458,-0.005637065007612611,-0.023733520961896827,0.006760659754402726,0.005758056097829873,0.005346124024963772,0.0021935899930239588,0.007097154399583615,-0.0036856802910923327,0.005871242522549091,0.00853425947644653,-0.011800236175994011,,0.004214309730639155,-0.0004508523849922619,0.013110844085121667,0.004288958026334638,-0.00249835449691678,-0.0003782871132390278,0.0018742737249444474,0.001714988535643484,0.0063642768716937565,0.005338062463383146,-0.0023440710647075133,0.0037689466739233937
2021-04-14,0.005243681182467533,0.010575183237668784,0.015468843422518974,0.008186865726165801,0.006600713944884079,0.012332427751903756,0.00210385099807327,0.0033359619100049253,-0.0031573842299235893,0.004810379172980562,0.004667610744185003,-0.0052687344767699835,-0.00025000798742491614,,-0.009979376991572097,0.005024196506872358,0.009146237782398894,0.0003716256015427327,0.004609858370561223,-0.012971507237547078,0.028572682198507504,-0.0008059723338099678,0.04163319692152409,0.010971476564072649,0.005385828808220299,0.004788190976284801
2021-04-15,-0.00116349023933789,-0.008446064357528238,0.01240799387213569,0.022788483758516366,-0.002921210928558819,-0.008767404801236079,-0.0010693056048015274,-0.0010503348686066172,0.00027778881605879303,-0.004026157877338797,0.00917199054495497,0.003143883163382973,-0.004224071531264245,,-0.04868274424613617,0.0016549803154379261,0.0016018250571650332,-0.00677595025477408,0.002672170288793106,-0.008497227330237611,-0.006411519307302355,0.013344952315655311,-0.012042575834961905,0.007019713607017401,0.012607420747431333,-0.008983150219375347
2021-04-16,0.004417635304611653,0.006552547893533594,0.01215505050093102,0.01198921746552826,0.009368802219325437,0.004479463713141713,0.012550660077491674,0.005526124092272448,-0.001088971594329191,-0.0024185046299077867,0.02232944964538151,0.011706224423001035,-0.0016569080341228544,,0.0116405421675706,-0.00012458193578906984,-0.008734130705624541,0.008265247402744189,-0.0003139852238720671,0.00888823603197845,-0.0007267011380932553,0.014164789051328064,-0.0044446631868311675,0.004099356411648663,-0.01171153684074149,-0.0014823864500231505
2021-04-19,-0.013001338637352214,-0.006981322263931272,-0.01855327600032744,-0.03227423809769322,-0.00611521710977561,-0.009599958097987773,-0.0070466080465243905,-0.010620771839135321,-0.0027122007444606738,-0.01170598799487288,-0.012591929235606258,-0.019352450285722293,-0.014478627470066372,,-0.04402085462847808,0.001301569144659509,-0.01190949658215216,0.0076324961635240995,-0.0005876101749413276,-0.008778598061606644,-0.021637268462833176,-0.02116492544234599,-0.02654468823733665,0.00037603849731513084,-0.023270225576189917,-0.008088057545385849
2021-04-20,0.013118176103163494,0.021029025435564907,0.012341921136084968,-0.009437669982601815,0.00847397974220887,0.002350696963772948,0.013175038206067547,0.006352178454354129,0.006211245091299762,0.036751578540329045,-0.0009627691917677428,0.008662849551682728,0.010284007049008692,-0.0002120306270280888,0.023455314994114494,-0.0033553326219559476,0.004507974476697683,0.02488616238026259,0.011842389124684839,0.00999243909785777,0.0002679644096217071,0.01085112609650448,0.03931823652541056,0.02116758082888464,0.013539857895076887,0.012153095120059318
2021-04-21,-0.006999716483292258,-0.016826983350177727,-0.007302153131249781,-0.022000512674791594,-0.01325057410206783,-0.011242132252366052,0.005574001161605602,-0.014556202759016097,-0.0016176699272553638,-0.009927379207526985,0.005719655504230499,-0.01378352090249045,0.011131183410832886,,-0.017832421105061433,-0.009055051283093363,-0.00280256911131132,0.004341986896985187,-0.0015798561293104577,-0.008133356318758044,-0.023838201357434863,-0.007319228885486733,-0.004399744952924538,-0.016320001603126782,-0.01145463877490052,-0.0021725104081222004
2021-04-22,-0.01008209976324939,-0.016822889822836362,-0.010939534016634861,-0.0028243235189040297,-0.013869216302557455,-0.007115243631371563,-0.0005807742161708242,-0.029710834314921497,-0.004977914623607764,-0.012198605358292862,0.003037386659133704,0.002446930100001167,-0.017971590178055646,0.0004935096216642417,0.018680635266933365,-0.018388228971328913,-0.01954612472549966,-0.007076882911610058,-0.004081768345858193,-0.017795168729630374,-0.007313771052853357,-0.0014960222899110809,-0.01440226058347103,-0.015585478489109687,-0.00834966133603834,-0.014606377355570096
2021-04-23,-0.0038129518704550494,-0.006066337907872687,0.0012253759005561582,0.02722782221378479,-0.004088614081759083,0.0010215862530355497,0.002046256239875509,-0.006281532099974236,-0.008611098410838245,-0.008077744422414268,0.003918586858773591,-0.01027265780406362,0.0034931037586751813,0.016412901783765903,-0.009900868948472566,-0.010666945384239485,-0.012042235579018276,-0.0020214216381544,-0.002049664199800429,-0.013082526303521155,0.0012504956359074004,-0.01466458816527396,-0.001309322203164413,-0.019608027355770177,-0.006193760411410294,0.0022116028305290136
2021-04-26,0.004834260853207782,0.0013098275714730767,0.014238282033290653,0.005339992329345085,0.017548249097253187,0.011006681760703225,0.009163176385878324,0.0014269459563301834,0.0010437537666801206,-0.0016989842017571615,-0.0029956436676927636,0.007757141579391724,0.002626281830709942,,0.01494071914940517,0.04708392654305277,0.013899102782676871,-0.00032651358899161986,0.03490856538209133,-0.004223617550988518,0.0043450821524129435,0.004312753853255035,0.0010294434910740613,0.001720090915705556,-0.014805409694750709,0.0038077717058197327
2021-04-27,0.0020348615167688645,0.0038917339549037087,-0.00035622934881768265,0.006323065581293326,-0.009154511400608197,0.018857979041985853,-0.010203714128955682,0.0059774873980251945,-0.010946758658345759,-0.0029010082176529456,0.003660633195499271,-0.005243464819774779,0.002403966052821943,-0.0222683619783894,0.006967301428136785,-0.03449465161998594,-0.015564608432232466,-0.005612734813886716,0.0014598811439040268,0.0024300814816423486,0.01733271336585629,-0.0014840462783747843,0.005475138225647547,0.013132913156324451,0.023782059882477287,-0.014341035111818464
2021-04-28,-0.0008015753610831229,0.003941667134450866,-0.014695205753051915,-0.00792474543671311,-0.009042195339443622,0.0034933617021642807,-0.00850558595559077,-0.0066450716561773475,0.008968467579239081,0.0015872488925905148,0.030792977290224382,-0.013893449646492058,-0.007619492291611185,-0.02015759376572568,0.017709902855179732,-0.007063943971963416,-0.005709021162125867,-0.005475395560179522,-0.0005976233811937718,0.006322870685042268,0.007375491944350165,0.004443235480884413,0.005680315039815605,0.016554060089761596,-0.004850613117645588,-0.011984869044451915
2021-04-29,-0.0032425644610001563,-0.00860831595474757,0.008395829387181225,-0.023779066597408232,-0.013237238034410279,-0.009553476296861312,-0.00571001996842105,-0.00873953373534333,-0.005831955600032975,0.0025504137225232457,-0.004489911266533382,-0.016328183002662366,-0.008404542047895125,-0.03681373874999383,-0.0025091665568245823,2.0567738113513867e-05,0.005920048200982103,-0.007867772845367396,-0.0005802826590888682,-0.014388670966492462,-0.016034380901078477,-0.004647799156596509,-0.012869074566482322,0.02048085347859834,0.020356654085313907,-0.003448710407238783
2021-04-30,-0.01573417078140639,-0.024759430900311786,0.0034443068686150075,-0.022491963247881257,-0.010860252045725154,-0.018062692063067896,-0.0011136643566948656,-0.03352414570453175,-0.011529686582278915,-0.02280897157620861,-0.03359273200428623,-0.009207474709162103,-0.01248230653910656,-0.0045218203408696755,-0.008437402881249481,-0.009710303557248334,-0.02755031520722928,-0.019681093938875058,-0.01327500589784049,-0.013518583467562026,-0.04724506411065932,-0.011961521904848801,-0.038507107211496895,-0.007995270180281844,-0.013009144963810518,-0.034069809736656964
2021-05-03,-0.012237310223367447,-0.012920784555758336,-0.011095862001523793,-0.012485303635338774,-0.008691467054005076,-0.020952773671598677,0.0010986891616550846,-0.0006817276223403113,-0.0021416968647405116,-0.006302839127667005,-0.025776595103604416,0.018991374053705965,-0.023377703398239563,-0.020218461299703255,-0.02319340919400037,-6.6398175359028144e-06,-0.011090201884300321,-0.014957155317345802,-0.012547964893312016,-0.004107390297489706,-0.020800627265565308,-0.012641765460166765,-0.03663224658488792,-0.03204202221047722,-0.016525528372513726,-0.007243362186569587
2021-05-04,0.00950705190750274,0.01802164850420698,0.014889964975471478,0.027083341711286214,-0.001978812882290835,0.00888214240140031,0.00692016051793702,0.0009261818252078623,0.011325668288344646,0.014182067149235027,0.004707492835116789,-0.00108087102470061,0.00894656368419076,0.005886407183819091,0.02472576666313445,0.0020151247520929227,0.017159118142619556,0.016121169428600354,0.01761013278837026,0.0024679478769282317,0.017927345175253406,0.012088302511854172,0.03592501576532347,-0.006324758791745755,0.014244361650362655,-0.004993455004627963
2021-05-05,0.00788458327573861,0.009749948062471347,0.010730776074870734,0.015174991463786092,0.011188667932460976,-4.6321808042136694e-05,0.00841352398136716,0.005365233660651952,0.004688705385773928,0.0042247979605191345,0.017905925082489466,0.007991256710309338,0.003560418342417119,-0.0003606841668337968,0.014887494030940945,0.013337071418234259,0.0058598844327022205,0.01734794846872477,-0.002793085459331518,0.03311450720756926,-0.0017967663029812286,0.0061842522254622195,0.005444515708593288,0.009720097800674343,0.0010799160190046093,0.019835026240229297
2021-05-06,0.01105117241229131,0.004706901090876669,-0.004339287708214142,0.0030407513029161635,0.01046329212622047,0.01259116893167692,0.005698817054589772,0.008599292265518225,0.00616057888184564,0.01389166755009541,0.004581087006915618,0.04092759017697592,0.007109527271407935,0.01969264941974566,0.0015241339425685896,-0.006913420534326087,0.004829532924503915,0.010567514472997516,0.001328813333986975,0.01254132521466698,0.007974566793772342,0.012116075681124716,0.014967710193884987,0.017148589767191084,0.017172010117260845,
2021-05-17,0.017502712652376753,0.027518345933068435,0.022551544235576135,-0.005327541014187665,0.03604990314514964,0.019223201364506916,0.006801732923892434,0.03892903709226736,0.012746192740147797,0.020518198683717574,0.01785875507156265,0.006324083961190739,0.02058985706935684,0.01281777723138372,-0.050901291131176196,-0.009429489388520312,0.03198786505499593,0.011701753604969445,-0.0003513675892554552,0.014660338215631773,0.021525575483410025,0.03338145088103584,0.043689720421978086,0.015286036997184086,0.020286169710384303,0.021777494467886644
2021-05-18,0.004222275718896596,-0.0005437989277279898,-0.0012357429861122235,0.01966284147039273,0.006542319306572029,0.009129068938651206,-0.001191769997256381,0.006208093452963682,-0.0013937616396357186,0.010850438615809097,0.035403124750535676,-0.012606073349219208,0.00468515702445404,-0.0026053586231101766,-0.02134915981838056,0.01830352143494368,0.025264224655979245,-0.008576083229525924,0.025973867511499424,0.001337844535762595,0.009156341824000297,0.01078403934678395,-0.012568972713021589,0.005833641858302689,-0.005788645209078888,0.0047105752393855616
2021-05-19,0.00021292352991200258,0.01863660021364133,-0.01510850014401495,-0.0037835573444196338,-0.007140284965261416,0.003760879671827619,-0.009993496324828382,-0.0015645977996878119,0.012418161345734813,-0.0035724074073366875,0.04206138559631082,0.004572607600942794,0.010242726002345442,-0.02367203841735599,-0.012611621411083906,0.004144270857128429,-0.005236560980404901,0.01589554680432778,0.00010472794906958417,-0.003821541104877996,-0.00884799218370369,0.003892572104741326,-0.0017891099945953153,0.001738313331947208,-0.0013672379787714412,0.006205925817748777
2021-05-20,0.012825660676613981,0.01652109829000734,-0.00248671947559205,0.0026634987946165256,0.001190980632855237,0.014293466270363061,0.005811866631964341,-0.00347914975215573,0.012444164541036458,0.008025668779058803,0.034288272469197224,0.006777097510152841,0.021801592671347694,-0.01655285033220344,0.018099342985083422,-0.009990596560776693,0.005607793897136565,0.0048970416479982015,0.005293774761373646,0.015058629469355597,0.025536287138667457,0.013168874113941511,0.0290770979192229,0.014592197477299547,0.02126790850800773,0.03338779206680716
2021-05-21,0.01480862057992743,0.01947133846261937,0.01638696840163535,-0.0019434632275950436,0.009698053611382802,0.017685846810469738,0.017353426399059797,0.01183477125174316,0.011502024050218638,0.008377854126225565,-0.00665373983461794,0.03102468894228369,0.037361120130783396,0.007603699646500595,0.016967165495333423,0.013603955894339825,0.016139779120231554,0.005279759180596269,0.010308315713350058,0.02018398099018822,0.014993887428612379,0.01097244937465067,0.0036395298509810845,0.010451218776355563,0.0299382247154475,-0.010638684960511161
2021-05-24,0.008458217009862507,0.010284624911630225,-0.0003548777655723867,0.021085000066455657,0.01792297929769642,-0.0003227524441078959,0.00999375156136394,0.010112380557409787,0.008232376231429457,0.004800068170782584,-0.006307661561317161,-0.0002466323694987153,0.00841000231944028,-0.041529488973638756,0.0075885685396875745,0.003245695709656826,0.00896768627595907,0.004673666604814358,-0.004372524205857098,0.012886085173571224,-0.006554309292739535,0.0013558464360643372,0.018995490490676125,0.010956302814442043,0.046867920887643875,-0.0008692894170481876
2021-05-25,0.0068647560008207225,0.003944910684093772,0.014437935746487371,0.0001144426682228028,0.023734827345419512,0.006157970680162914,0.000771878391545483,0.025005705012197253,-0.0003112306472642379,0.0055615179664003315,0.004888666053463164,-0.001444522586966057,0.016496473589607586,0.013568055411163765,0.031668345543345564,-0.0032226964492474974,0.005798504754759947,0.013056373951796998,-0.011704276077244266,0.00969563159042077,0.006006680709565615,-0.005842048207339888,0.021653101358970372,0.00436958205963495,-0.009213142180178964,-0.0017148637471042782
2021-05-26,0.014652883740507043,0.006183932816423388,0.008921750097618447,0.012600850839576683,0.004873930192554506,0.006892814688529799,0.009109268184155039,0.02476898651752977,0.013269096969482736,0.0017328332978481242,-0.00010716290911015151,0.019474868102677446,0.04119875006738573,-0.015774687270548038,-0.03432797569391815,0.01333122574526921,0.002141458433771029,0.01488870139397866,0.005382298761452492,0.002128877788077512,0.00381548521888761,0.0027681666988663626,0.05389685302829237,0.026912936814850956,0.0315674315029257,0.005602547988755517
2021-05-27,-0.005212338700536087,-0.012581450896074032,0.011205473955923806,0.011564336949273077,-0.00546578391486113,-0.004444306640476412,0.004850328520483449,-0.006610364415995526,-0.004271837231240868,-0.0008835166477111531,-0.0063443782580078585,-0.004768378115125491,-0.0032448477128517116,-0.002223750935322492,-0.03692399780303113,-0.003320652229725246,-0.005995288470714535,-0.007456518022203429,5.494253281214235e-05,-0.01521946724890319,-0.0048882639472162814,-0.010424630352128837,0.01574662505456333,-0.01612911513643209,-0.01591188337203977,-0.0010448942530311884
2021-05-28,0.005267289188635097,0.005189343951829227,0.008274631064651636,0.006225382609134263,5.7957037014963625e-05,0.00437185351063055,0.010707866404593864,0.019628716934110037,0.00418502331311483,0.015746250483441325,0.008289076338267845,-0.007216834124682851,0.004152563449498703,0.007573590052815919,-0.014721406536524777,0.0184912659635052,0.024530303853951867,0.005253249758355172,0.006005594934167314,-0.009834843486009305,0.006565809772691111,-0.006137891826624626,0.005025518963577179,0.010769764419063374,-0.0016088114510600332,-0.0006148747761302401
2021-05-31,0.027777102415866717,0.035278184904075506,0.02626135001587558,0.042747933597809006,0.04884228350688214,0.012865510094666861,0.01196628942426548,0.04368077294958499,0.037529303349703245,0.02728138458053302,0.04332601552977344,0.015500588398734411,0.040679604944991905,0.009838075235037547,0.031637474368368765,0.013521745264376495,0.042649255990177784,0.035203092031056704,0.0050717267576400465,0.027294496224761662,0.030399131514118827,0.014102366440309294,0.041056885751715344,0.03234516501473513,0.01558792481766581,0.03124928894076377
2021-06-01,0.013586045949483988,-0.003013654316133241,-0.0035205914306975644,0.03187855532855244,0.0014397744941029823,0.009001357370956758,0.00474325026686539,0.009390166031833675,0.002768673236545806,0.014971753979878172,0.00486705505520522,-0.0009060604500849618,0.026486523770695138,0.024443948614710054,0.007755688389441263,0.015509036678487964,-0.0006446349328274407,0.02091450980186664,0.015836249718389667,-0.0029047781820753685,0.013302956872498772,0.006053297689611603,0.0019215724815919248,0.021955126344496242,0.07344205595528344,0.04496544316926543
2021-06-02,0.004234450767300339,0.015348700031358076,0.0030866939434457397,0.01676044366365666,0.0015565195538190671,0.009286956884142366,-0.004563508328493249,-0.010835532755262611,0.01159120915254557,0.009636564051373968,0.029222311663347583,0.019750138177827045,-0.0016411530349752196,0.024478704248460364,0.023970065918590425,-0.009349516572892957,0.004562760385907009,0.0010898863877291248,-0.0019004002262347835,0.0030938811230065786,0.015478915959668688,-0.0014015493615237087,-0.012684225955687412,-0.007111863935045183,0.011818781645151178,-0.0026355766489247756
2021-06-03,0.006327192633264003,0.006638781590448206,-0.0038948500419823395,0.01814881848137001,0.005980955528869549,0.004341160056582805,0.004656416494843868,0.034246673765210595,-0.0055199334544653944,0.007710957830630974,0.005428633087990538,0.005460201488415014,0.012517264843912438,-0.0029234198947256096,0.026908674757569917,-0.0026634077412278634,0.014143384056560447,0.0012602502720168857,0.019882923032711247,0.008274170363093414,-0.007280365144588574,0.006369937247131502,0.016343001820744257,-0.006967916491352024,-0.005823251268787203,0.019291607648228088
2021-06-04,0.00840380891417186,0.02822512995080344,0.026503632846021308,0.02168947144909868,0.004075529597740954,0.009435348942189862,-0.006792832680527133,0.003792202049698201,-0.0017045493406950035,0.011195628829692874,0.03362098733510686,-0.007843438832464323,-0.011536041875721855,-0.024454505823374467,0.023721535320445422,0.005192958913301737,0.017182153927096717,0.012236625320802136,0.027950259368488273,0.01712822901008141,0.005789682134005436,0.009737852653223734,0.021550205657275695,0.011450900428900646,-0.0001528913017896547,-0.0009492333988945223
2021-06-07,0.006515234747714763,0.004413734888700405,0.022005403151618363,0.0052149084200805995,0.015604010733619885,0.010614169369751429,-0.001974049004047138,0.003973389619701365,0.0036647577239633045,0.009889405113047544,0.02965405519158404,0.010514324806637665,-0.004192506853494699,-0.006618479449830156,-0.02204401182938709,-0.00035294726363294116,0.007143114767549512,0.0206856978092735,0.0027847047269211733,0.018724636252469715,-0.010258946775652089,0.00157759044920799,0.021264605686506694,-0.003358084029136872,0.008380613633995974,0.001189204039852972
2021-06-08,-0.007392083508367492,-0.006979607798204624,-0.014654019344402676,0.01520388522651637,0.0006142969411346779,-0.0012136946497180473,-0.0037352974918526158,-0.016474200995304864,-0.007402580458340984,0.0015613835840321219,-0.021043894777848033,-0.010711750834449411,-0.0064367878837256805,-0.01683334982946505,-0.039588763526321916,-0.0034084201633899913,-0.011128128411244418,-0.0004471347902354761,-0.005721231910279302,-0.00214445068362811,-0.01833038154331343,-0.006057297460301443,-0.016647688658296893,-0.014775160477641106,-0.015107488049574874,-0.015432222821906297
2021-06-09,-0.005016049670957128,0.004543599641154616,-0.003164934217685822,0.005952511867995817,-0.011258703140810703,-0.00696204368063373,-0.008766516430658105,-0.011894200937861936,-0.003949664500688883,-0.009594187336712036,-0.010430226926145461,-0.0009504290141877739,0.014966440134523428,-0.02179199436130852,0.0013570641051469517,-0.012520741978423539,-0.018695106926123774,-0.005090095930232991,-0.004595474903997629,-0.010867551039832335,-0.003973180465977583,-0.002484613849917716,0.021540196296456343,-0.011546214947703734,-0.01241043416813863,-0.018816242847134162
2021-06-10,0.014952585417871802,-0.0032353802684392807,0.0028467923924749045,0.04957663697085881,0.011487743286150836,0.0033744109184931734,0.007047336468200371,0.0050385160255004505,0.034122092712410276,0.017855632523836835,0.005002996829608179,0.0049452123530547105,0.013773949857750363,0.007091169011049447,0.022760100309895323,-0.0022257415485893717,0.010800767087930714,0.013287097664465564,0.0017335334663735294,0.003169900967313131,0.02631686720550669,0.011377070796420344,0.021213885775132307,0.02369564646426281,0.04762924224038748,0.006339376781157702
2021-06-11,0.006452882174888142,0.00037978256365571726,0.018397145037125917,0.005305443332244086,0.0015313673828358798,0.004291714376307242,0.0013410444909633834,0.0030148239136332396,0.014153935778686224,0.00913657027323439,0.018724511068002363,-0.006423378299567406,0.02472814145963644,-0.021463474769054636,0.00877413411583497,0.0005796806093872064,0.0033100405803138853,-0.0045508081143897094,-0.0032966898586688715,0.0038897476585528523,0.02428578292023048,-0.002023849540379187,-0.0047787214636595314,-0.0028415854972509793,0.031049207586538313,0.012565450185440566
2021-06-14,0.007299443548563799,0.0009394070815112899,-0.0022150218913253583,0.011507987079449037,0.027377729276103224,0.009988126250958254,0.0035555726724922575,0.026591914295985165,-0.02133866951158944,0.01039919493351148,0.007228456553665681,0.018052428958072013,0.014298330167511458,0.023607676523830695,-0.021851759173300844,0.03693369259503437,0.013613049934699743,0.005099673648072026,0.018063316450016992,-0.01220041226627274,0.036487282650834035,0.014760162791437666,-0.0031908588536316007,0.0018918905334830427,-0.012085260926568715,0.0025002906249970147
2021-06-15,-0.005147869207360088,-0.010621019665690679,-0.012664474666496603,-0.024818876862452804,0.010904949205982747,-0.003279850649848278,0.000832121805842162,2.2526927146074545e-05,0.0012547315053612934,0.0028218504115914587,-0.01496219760045664,0.0024472056923539203,-0.009271707206551651,-0.01915962552715859,-0.02718119050261901,-0.00862507385544417,-0.0021777124771403195,-0.009307844037778332,-0.007668954225267156,-0.0026585010382323884,-0.02473409029573173,0.013628381561665015,-0.018003322341087175,-0.0062692445601587364,-0.020391639063100635,0.00027299871024348093
2021-06-16,0.007751115283864303,0.008392924019955672,-0.001558079608197982,-0.0020879723780823922,-0.010690044146592921,-0.004809093049806829,-0.006639157894524311,-0.005963966470786281,0.003058162229714001,0.002139291376596386,0.004225079397274752,-0.01858618774506832,0.007373860159986539,0.026454581397851284,0.05911297291157824,-0.0015266597375655777,-0.0012243496986266145,-0.002348251634769552,-0.008096243925451354,0.011457408748781138,-0.0065206834212252485,0.0026710350015896945,-0.002981678778388832,0.022051666768070584,0.07144425105158425,-0.005529144867079301
2021-06-17,-0.006359959603330028,-0.014061732749906297,-0.012170404652937712,-0.01703095725650457,-0.009619593434638918,-0.01070160036112311,0.005049135712481195,-0.008758294933017254,-0.011668734968282404,-0.014711863346658447,-0.002577904984849074,0.01574396065286037,-0.0005091498390328086,-0.0020971749121867778,0.010136484956031422,0.001737639942805208,-0.016705431434022193,-0.007404450741934174,-0.009407512505493251,-0.01480628618710722,-0.031597518330115815,-0.014312011115331862,0.013575484331601356,0.003513747017410935,-0.029717004473872457,-0.001398652463324453
2021-06-18,0.008038007478586,0.00370953310074047,0.008185215410879201,0.0010211981527681695,0.0024485807126528787,0.0016400602332160388,0.0006905987493386918,0.01566476295207688,0.0029561896163052192,0.00421627582869637,0.02666783056210209,0.013574714566232248,0.009337994283357343,0.020184324629637485,0.009736842278178268,0.0010475866939480827,-0.00471723646887592,0.0042756736836439685,0.011533650412055785,0.0004113324283162578,0.045586167594179494,0.006602996628168775,0.025461203008199196,0.013786854508313694,0.011239767897373763,0.027141246172529627
2021-06-21,5.263334909904506e-05,0.012037013103659589,-0.00723270684191428,-0.0029852565249929484,-0.011107315166442241,-0.011887146475208178,0.009208905718822824,-0.01644963297285118,-0.0023423556173258753,0.004057921260419174,-0.01809214565482089,-0.01154346779410645,0.005286181588474275,-0.006818620147677451,0.010372358397010575,-0.003879795912922257,-0.005346927730745299,-0.006322093504375792,-0.004034569174389972,-0.00723532466552194,-0.02377377903286082,0.006653913327936397,0.00272170467047129,0.021531393823251716,0.019577183949811783,-0.003391399295382976
2021-06-22,-0.0013073470969334196,0.010948068106911835,0.014840574815233806,-0.0009998455756079494,-0.0014416105920759454,-0.007698110165149354,-0.005086994439190584,-0.0048546813150126345,-0.005978569978764702,0.0072198839135865465,-0.000825825475308369,-0.0035797349610303267,-0.002958698044822046,0.0025525244740411124,-0.004083327171012854,0.004780376932284031,-0.0034431111572227583,-0.008751224990417167,-0.0019606150283556917,2.991442856818789e-06,0.001942718474940347,-0.006323311882796723,-0.0019571704010738302,0.013469755691211437,-0.012996397721458325,-0.011241839520430785
2021-06-23,0.0016284285350530816,0.013693024350552519,0.0032099027120004314,0.0145482475284745,0.0016533467936359675,0.006153037611464314,-0.003936898242344505,-0.004185185333134086,0.005325274543818719,0.0073401397224236555,-0.002004840821274889,-0.004517594023370728,-0.003571587364334617,0.0013063796905459224,-0.007446662533743584,0.0015224883975229753,-0.0034792086016496426,0.006642351751658504,-0.00788703637825873,0.011979616607308341,0.01340363230644842,0.010431972017340883,0.005590941900741063,-0.008331250058430162,-0.008165736113871242,-0.002753385729947618
2021-06-24,0.005397864296411673,0.01954023273513348,-0.006757899977709513,0.011947407957199906,0.0018783785185229052,-0.0018991950385529822,-0.0032317552006864867,0.005475292276428249,0.005135729243839157,0.0068061541325255695,0.0026221927904187723,0.0024693463369237193,0.02020834505504548,-0.0007358685640094231,-0.03144418090825915,-0.0005694964648606526,0.0024277759844489135,-0.0007417660761225991,0.006166922038025019,0.01852666625979085,-0.01476059932824611,0.00284920444677569,0.002479018071188379,0.005928992466673566,0.010658002411323622,0.006441139126715363
2021-06-25,-0.002455297825985004,0.008055432555461905,0.002276249032008943,0.0010831504620364048,-0.011272747490383699,-0.006059060631181819,-0.0019901132502493702,-0.0011836463469872902,-0.00021097448095733614,0.011942546399913651,-0.019439822356428788,0.0011407823969011971,-0.008092246653037772,,0.0403302640826903,-0.012420480205127538,-0.006783665166429599,-0.0026015304898351632,-0.021944835893455986,-0.005765980994258606,-0.019514575180590826,-0.01306497866229531,-0.0004666677810964322,-0.006871056013191009,-0.003952754196521427,-0.011471460642709727
2021-06-28,-0.019571545249807577,-0.01324409859205411,-0.014172681176106181,-0.0025008356299359527,-0.02559593755050718,-0.019045428668366737,-0.01734265825806598,-0.02326258609452636,-0.014682733598234275,-0.019837966051828672,-0.027464391892351264,-0.005830412964017169,-0.028524644081305617,-0.04267881082446437,-0.034245183418823655,-0.010073963838363897,-0.03162234698059621,-0.018386882137428395,-0.004425399660435449,-0.0003182056873009066,-0.03663795274080628,-0.020888126963182475,-0.01956288534990311,-0.02885986180042512,-0.03331207683660105,-0.011907140979766306
2021-06-29,0.00935685255716687,-0.0030401716018214177,0.028947332954763233,0.00567520110634991,0.007210402322634649,0.006630422823311819,0.013568461709086821,0.0030781896545799344,0.010133964100706534,0.007588626569312057,0.029389527769800305,0.00570199294525503,0.012999696699347248,0.014317608552819105,0.008394950130578019,-0.01762638812311565,-0.004938298047927028,0.014667087433536771,0.011330878433780334,-0.006863428810412163,-0.00026214595612136793,0.025166834864352946,0.020538785384000845,0.002499210610186505,0.02183402138864063,-0.002453660108643082
2021-06-30,0.009569877172206143,0.019340889132376516,0.028160014384152623,0.004818027278099842,-0.00015466256683953106,0.005586320504467977,0.01471249924113629,0.0005507873497729551,0.006876428629263932,0.016059982868285687,0.013693769295322641,0.013564789336511566,0.01144875631489789,0.008652236488325277,0.0070106826302389486,0.012267871512048,0.0013180041080316724,0.004142410482667724,0.01822982524617298,0.011055301305356218,0.017143988952007416,0.012175077536239778,0.01355180538565993,0.006782806049563852,0.010235504496190605,-0.002323195316402423
2021-07-01,0.01730212858858142,0.028140696501227393,0.019362957007884596,0.00509149312347366,0.025627451669716413,0.02694237875168881,-0.0052525223259858485,0.008731208908561576,0.004467886602121639,0.014448521785088776,0.03298894030648597,-0.0012880984145963521,0.01167414226614496,-0.0020837372350026215,-0.004141197566277145,0.013021432780048692,0.02339469133457175,-0.0019201629800053854,0.007740291998100101,0.022250447830057245,0.00737660536449064,0.036887960503935315,0.01586808512781344,0.022835280142866853,0.04194951954842496,0.014961026881899894
2021-07-02,0.0016134114600302694,0.02077089993469685,0.013975167034176006,-0.009973671153074293,-0.009346362296068686,0.018799045626187554,-0.007946972881294867,-0.00592879582787745,-0.003920460743750901,0.0009514482076248015,-0.0015676544990264236,-0.00865661098977862,-0.0032447424059624643,0.005299309984885731,0.004638006177347581,-0.0028753417868125075,-0.006742124424547925,0.005168761349529802,0.008064186572379867,0.007761937212424941,-0.014692569765512309,0.020739094598590923,-0.004459990398983389,-0.003164347728392282,0.007859603934566674,0.005630541691706255
2021-07-05,-0.00564660163236232,0.016785562509229968,0.01171013858050847,-0.0037039919945297097,-0.015576185883179864,0.0028639796199837354,5.8052883428910686e-05,-0.012386761449222017,-0.006233193285551338,-0.0044009540764833694,-0.008784072580460748,-0.01893307838363419,-0.006339527494770403,0.004427278299053132,0.008702215599069307,-0.004622448979644561,-0.013801942622994291,-0.012902527483718701,0.0052737163239372775,-0.007488140276763264,-0.018730312809121796,-0.011792177079167647,-0.021332609771858534,-0.006664108830232414,-0.0027720260446743275,-0.0037659837727075374
2021-07-06,-0.005119302696356018,-0.013337210428671064,0.01448886505293795,0.0014593027654714041,0.00749214780564549,0.0026149379258130767,0.004430762030912329,-0.009505934779313345,0.0034025446122342945,-0.012772436571102413,-0.03655007526817879,-0.002122884962865841,-0.004869039662068018,0.016603709391583104,-0.003580920229263221,0.0025099442036909114,-0.000561036414415603,0.017244238593221356,0.011530443355382641,-0.025197556608873597,-0.035628921646603695,-0.01873114304598733,-0.029329522558395594,-0.010344214575769388,-0.008391336062217208,-0.007568072487528184
2021-07-07,0.0027161697389220295,-0.001987289829472583,0.010415577062899486,0.003302800702450833,-0.0008384143181047253,-0.010405986015287996,-0.0023601264874503537,0.007735298494138585,-0.004471811210439777,0.003457750840287944,-0.012525605032552197,-0.011462573317442493,0.0018387902686622104,-0.005737509106893496,0.11186358567430166,-0.010469648902658252,-0.006654866324336416,-0.0071652024564343025,0.005385134708657299,-0.0006669980139440899,-0.006188240345982116,0.013083109844361755,0.01113763253959324,0.010826353554320666,0.0009635751770500064,0.03524932526885172
2021-07-08,0.016968914672076372,0.02395852036876873,0.019431259268895537,0.024636610919822038,0.016786718942429727,0.02074467781693892,0.0068426200640987304,0.023351171614581053,0.011785002998039196,0.021845737502540374,0.030253727986204664,0.009001271737203572,0.015571870118487444,-0.004409111863931892,-0.007486827001048038,0.008818247000874968,0.008977964346519663,0.01190786079725159,0.004210826342195856,0.008826441380103658,0.018549918228731477,0.032239265264811516,0.03885851124572622,0.006683763039307074,0.013377277262648129,-0.008314556627896227
2021-07-09,0.00023634067762898803,0.008242171121374597,-0.024579662286687717,0.0017024955718148622,-0.00797121460340217,0.005398790743779633,-0.0045664368203647155,0.0008374170858734113,-0.007482508320428262,0.009140830898419727,-0.005220244490678964,-0.007914444683299347,0.023841195908782302,0.0076497863598480875,-0.015151403592361584,-0.009532386750465194,-0.012431408840096783,-0.0022930618270434605,0.005805812506986849,-0.0020548899532469513,-0.01133167067063734,0.0037510146749842508,-0.0026755861099753697,-0.004233946868306144,0.015413542833353455,-0.0188373000743266
2021-07-12,-0.002089582743307522,-0.011925677111475597,-0.005533982355356709,-0.01558905832110761,-0.007730038231934653,-0.0011086055882434758,-0.004813886514125581,0.005668543144370355,-0.0007533407387081732,0.005696447662110847,0.003182822062477978,0.00431708421526813,0.0027579942601272073,-0.005993424270543668,-0.014308154380124727,-0.0006749373068601905,-0.00036313956537687494,-0.00798184589944391,-0.0010156911080270046,-0.010807880151974323,-0.008142874881679835,0.021051397909865995,-0.00802095328052673,0.0019373636884317752,-0.005740342273461835,-0.010641093053893158
2021-07-13,-0.0002268501797894018,-0.01051481269244835,0.011377640750899753,0.007900090226534984,-0.0028199849371899604,0.0035923802983968134,-0.0010939111040866429,0.012479088901996086,-0.004179304596535006,0.007160533049028803,0.010574596394918645,0.02452187620897884,-0.007880277072739651,-0.011224868801433557,-0.025202444836787893,-0.003033767714923974,-0.007738670335466182,-0.002147787847040894,-0.0038458027005442924,-0.003908045798887278,-0.0050150341426574985,-0.002455666364876858,0.016116001201217273,-0.008480911644568708,-0.015001441648736185,0.01141812111353424
2021-07-14,-0.0026995330290781787,-0.005514550908272958,0.014626019331183751,0.0040337024601604,-0.008691246887815855,-0.005989225785657561,-0.005126731888040542,-0.007518789883347653,-0.0020607039607591915,0.0039119243284217635,0.0029268777996431052,0.0051581465598126396,-0.01566185303207715,-0.01942598780337096,0.007020808580906895,-0.001379111609548872,-0.0018601444618889919,-0.00664715283465285,-0.003323962353887396,-0.005653512077956708,-0.0017141382176042441,-0.025749477706324554,-0.003297203913237854,0.006478271608879775,0.0005128648317090257,0.011185939606213391
2021-07-15,0.0029952992218061423,0.018175579143400414,0.0034559504549089154,-0.011253789739738451,0.0030434303171204906,0.004974777113611378,0.004866511116383215,0.0037531583880553443,-0.005825360225644537,-0.003748284922841997,-0.003103319149159641,-0.002200568952899183,0.002991930208864896,-0.0002572083845044186,-0.013669635189293927,0.007787138700218188,0.008068644055490336,0.009794067582380564,0.0017613401591521545,0.003483477698051304,0.0022097949500193836,0.012354179010288048,0.006885201880997911,0.0042021150005688256,0.004401608259370432,0.003689219776089381
2021-07-16,0.007462046348906067,-0.008468638518280036,-0.009076470519913712,0.009805438378451345,0.002914981711014348,0.009524919478056547,0.0032960640310839154,0.015024315657308258,0.001213365599069752,0.01104811135851837,-0.0033295349554174716,0.006469810381098802,0.015453631987847999,-0.0020459664360083785,0.01949519067151527,-0.005893026111983474,-0.0009702308589574216,0.0021374643506397034,0.011007720294006831,-0.009965516595368528,0.009605946454361691,0.0077818215812420505,0.016267555910743792,0.004363174495636461,0.022285451515852286,0.006752387454082094
2021-07-19,0.00644505215305367,0.02229932776535768,0.0024790464763874004,-0.00035374150595525916,-2.9272648158391867e-05,0.01124864261313672,0.005837069555745011,0.005371915589906865,0.0026654903468402874,0.0038369383973789585,0.010581131264809918,-0.004214867879766731,0.009977470455941318,-0.005375764775216646,-0.01126050317996466,-0.0005853551741359375,0.03004412182891135,0.005118991219795199,0.013174654556570606,0.007673902834165265,0.00587488560428262,0.005488072391894834,0.0051659500331509844,0.00019018710371764084,0.014175555469620448,-0.006906383645763681
2021-07-23,-0.0013739289653121023,-0.012172628301749044,-0.016213700611323892,-0.007436746094554673,-0.0002820230000625322,0.007277733382382128,-0.002349724532068895,-0.00819401983648022,-0.000594124664302769,-0.011453535604996524,-0.0089938118238689,0.0031851719665213236,0.008484459187811927,-0.010029172761274935,-0.007568793424622536,-0.0013028717249865818,-0.00205336131023152,0.01520368601885115,-0.0018015556160795865,0.0031996155683304906,-0.02143151515941652,-0.00765175612777342,-0.0028541998674404545,-0.005416776196502057,-0.004536252359780694,0.014595833829954366
2021-07-26,0.0032991191149129343,0.0029192498208699845,-0.004566480863500676,0.013994997640925655,-0.011005999023458897,0.0009510136425097185,-0.0015171107123595983,-0.009574407920160814,0.008715904394095721,-1.7786013432946906e-05,-0.0012403537763922001,-0.00910095997643364,-0.002071827924159164,0.006241286983004163,0.011075774296929367,-0.013694443149803781,-0.010646762537324217,0.007139580365409806,-0.0022608110887510665,0.002137932371851362,-0.0061664977929491716,0.01629192143509846,0.016999760357194766,0.024659430382501693,0.021193629090500796,0.017875516359620886
2021-07-27,-0.0023202883476996805,-0.01567798003119696,0.007258628388176314,-0.01323346642810439,-0.007815465105446298,-0.017412755791173896,0.005536188619792465,-0.013693929114305205,0.002206399384413122,-0.012639833153631666,-0.003604921340358521,0.0016260681966997134,-0.015347860751573673,0.014679412321450064,0.05907835337630862,0.0034738956063455617,-0.013294607869863893,-0.000931496894240394,-0.0021323415158089765,-0.007822363575112916,-0.028412205464479368,-0.011476378658440194,-0.011516981267137063,0.027271884517215968,0.01171552255680563,-0.014694601834530233
2021-07-28,-0.014727380349422132,-0.01903530075179437,-0.028803543178394255,-0.018924589354306298,-0.016316491458517397,-0.016479777070423907,-0.0059593208085481466,-0.016615316581987925,-0.010109604555387008,-0.022120773932028995,-0.02310305061234469,-0.008968803197546286,-0.02491148183124024,-0.017607430058630746,0.019722269115677857,-0.0060358904196805285,-0.009950866140212924,-0.014867842724914801,-0.008829053563601353,-0.015005056777908017,-0.03978662066562666,-0.023594442749445582,-0.026792724209305507,-0.006840129680012358,-0.013725805045679365,-0.01842432812210537
2021-07-29,-0.004476820605162121,0.007023913406321647,0.000569621907858396,-0.014497376326383348,-0.00663147373650626,0.0025534388369878934,-0.005693375939629269,6.0367280561307076e-05,0.0017805076153320895,-0.00559481189531877,-0.009812034251604207,-0.0023074925448172004,-0.0074290767959175105,-0.003094361255800019,-0.019498638816873193,-0.0007841398489482343,-0.0072152086835124175,-0.009620086949933881,0.00536168927588512,0.0013893068786755387,0.012930506163192662,-0.012475123164430522,-0.01102120868025841,-0.004823477899897011,-0.013324789303432536,-0.013049053360825106
2021-07-30,-0.007012826819141595,-0.021772713444213256,0.0027879096213995203,0.006192899409095527,-0.00529232770380149,-0.016193229077722738,0.0014831820276891617,-0.004918135546324021,-0.006827351770915662,-0.007696574394941284,-0.010128790875203722,0.0024212720371210176,-0.010020923702138312,-0.006639477584687525,-0.014046806427733927,-0.0029102967884018782,-0.014103786785786894,-0.001306437076131109,0.007112228961869989,-0.005891877833156446,-0.017734321136920445,-0.00042790492056371104,-0.013604793519371022,-0.009713201277448095,-0.014727853948195998,-0.008294193503859923
2021-08-02,0.013685180541707372,0.014639708224386006,0.004266697665566532,0.023702873793456352,0.01163344579777007,0.017089192850346546,0.009158126779423006,0.029910982877651936,0.004965584717863062,0.01238190273805262,0.04261958273118016,-0.004047238336515596,0.02281547068254085,-0.022216996029600034,0.027772763287742863,0.0034334106134942532,0.01680947543098526,0.0019801607488684064,0.013648563520349192,0.004836854022269222,0.017065365770282837,0.007468377182198067,0.029992467205957312,0.015509502017338847,0.016689460056575445,0.02046699779759827
2021-08-03,0.013230958436794423,0.0044901886748989085,0.002893062897876608,0.023149971782206437,0.014092385720940463,0.010295847135044377,0.0020759940086411298,0.003054529266094276,0.004041110544330603,0.00988678143956205,0.03434030106337536,0.01473171585825516,0.0037983604720168763,0.0324972951244189,0.013506505993284013,0.0015608479569390599,0.03597784136552734,0.015462224599869845,0.01940083197957116,-0.0013181883087699045,0.03787094223742998,0.01342254321472879,0.025394067093697254,0.009489829592979497,0.022172440522860597,0.007285901161789547
2021-08-04,0.002929932343038032,-0.006426399753863843,-0.00602352920794572,0.01289518292405023,-0.010134667664440867,0.005688636011528975,0.004233261036193964,-0.0005524219780221237,0.017012556098630567,0.008636858867942387,-0.001973611773996723,-0.0012811847635456311,0.008379125048524349,0.017110947166549983,-0.019920554628161495,-1.9596995358278635e-05,0.01622558330110903,0.011659847609843524,-0.004356818894452233,0.0011326673053493673,-0.019554407879167734,-0.004795070331207643,0.007191748003051566,0.007861094990125673,-0.0029090348901153083,0.010640135591983143
2021-08-05,0.003634580212366417,-0.0063448040803332885,-0.0063089910687880325,0.0075150285990637404,0.002959954441822967,0.012422384776958569,-0.002091835815637222,0.004401069564089717,-0.0056928933449090936,0.002623352724931071,-0.01621726918358692,0.006769499790582762,-0.002870031479476652,-0.004805876174012698,-0.02108721111106325,-0.0007281977601915901,0.004618033317053103,-0.01005633617649275,-0.0018330990303174384,0.008774347093205395,-0.007606697509358301,0.01712973251556747,0.006846169578259888,0.009168617862891647,0.017993339995927782,0.006140249530898423
2021-08-06,-0.003913228550388325,-0.0036022255178822884,-0.0076065626393827844,-0.005146609765753281,-0.009607835488253773,-0.000502110830508257,0.012499479790569623,0.005777565337069884,-0.0058472397719920854,0.0033008774639436077,-0.004358270824587285,-0.00344920484170522,0.0036490305150637557,-0.01206082790755672,-0.004936091416222199,-0.0029088432505742223,-0.005597685732930686,-0.003995805443148606,-0.0074489701098996814,-0.003631186719054737,-0.021293912903540102,0.0013142793898848508,-0.01770734902755358,-0.015772394905921625,-0.018189898627915604,-0.006651195562473067
2021-08-09,-0.018861637222169443,-0.021078912085066848,-0.011398196645774603,-0.015529113934609474,-0.017554261986105997,-0.012244036209761,-0.008821345749513043,-0.025941016924025527,-0.008796665188682924,-0.022056150189304784,-0.027330987249061727,-0.021486646233768038,-0.03170140384926877,-0.01727181355121976,-0.018836243295235953,-0.0036065211445040213,-0.012524516205085398,-0.011416903600027298,-0.007324659920207218,-0.011531092445211453,0.0005208994229975727,-0.031883228451150686,-0.03072605478987574,-0.02753699042773551,-0.02696271888286431,-0.023872029487611284
2021-08-10,0.001823309789045764,0.004035048560399523,-0.0002796734822345818,-0.015023458820989766,-0.00044885441636473533,0.010259778070963331,-0.0017724773028133744,-0.0012795279502263261,-0.002376865445674995,0.01170366916718269,0.020782977810594183,-0.0001473397562106313,-0.006362780663953698,-0.0003233684325760211,-0.0005544478454618113,-0.00051854864787787,0.006909717079227773,-0.01170594740895893,0.013541817661481026,0.001620302124158836,0.000770317643893681,-0.004889636238200585,0.01588021138706223,-0.001646804457475522,0.000711150483026829,0.0025078736463309084
2021-08-11,0.0017345298284029724,0.005684123177281608,-0.007855689378799916,-0.006548467616671216,0.0033564751339644205,0.013777600573839432,-0.00071039553664047,0.0077185146371635165,-0.001744947665854852,0.004577946325268606,-0.008260766028756342,0.003420806148853539,0.004826367922168877,,-0.009965005477842594,0.0029693167307863755,0.006209931202046881,0.005688315219352688,0.0007566242704642123,0.012033577030005294,0.009589017740273098,0.0011227652869529314,0.0014004151408031722,-0.003117143130509899,0.001441321670670167,0.0029056534672101675
2021-08-12,-0.006927416806003297,-0.002794904505624518,-0.01131162580270162,0.014742102922643866,-0.007404977662556003,-0.0039036722554986122,-0.0006790838641093644,-0.010331779111393657,-0.006736148051398804,-0.009134183776858758,-0.013566063189633826,0.003230904854634309,-0.0015011447523945343,-0.011267699359495148,-0.013865473224496399,-0.0037465874959392853,-0.01654283441143367,-0.01030152010722564,-0.011771814010019354,-0.007334958404231278,-0.015399309351107698,-0.013547825428669835,-0.015878941689529247,-0.002925923998236515,-0.005857212760300083,-0.007772158870137898
2021-08-13,-0.0015983064737216841,-0.0032582300164482295,-0.0011563500170625833,0.02781866579697319,-0.003259715256831816,0.0015562723032639739,7.5923615063749275e-06,-0.007510541503378515,-0.003217570341422766,-0.006920811273274485,0.0020077377568058865,-0.011844087352466285,0.002145826072758955,-0.006900006963940664,0.008844418101169618,-0.004468694136923385,-0.012470287507929865,-0.006044802679261552,0.004218993547773331,-0.009827537020652533,-0.009173788691413998,-0.00953553798690443,-0.0022023496593833922,0.008270376959086789,-0.00046111099990300277,-0.010734422372052984
2021-08-16,-0.009103776086547732,-0.019196467825097853,-0.012488863057976965,-0.007633950442630821,-0.009369224634940589,0.0023951668745201466,-0.006172694373953835,-0.01155810367219083,-0.006896131620257595,-0.005516150080502189,-0.005926695343319281,-0.010448545836883094,-0.006127760103676111,-0.01594937589317094,0.012192871947190473,-0.003942333920951641,-0.013917066272390779,-0.011389152633854913,-0.0015030809530325933,-0.004609325022253276,-0.0186369808110656,-0.02136090082401422,-0.007774496206273286,-0.011791053799479822,-0.012750720018852501,-0.016047049471449897
2021-08-17,0.010455799259625698,0.008859797712984705,0.009513554086377848,0.001393878714120907,0.007854858141809862,0.01823340993112806,0.007030326040941623,0.013998487908780666,0.012144504518700543,0.014337502225646052,0.011232800906093743,0.004811476597237673,0.010107143791625198,0.023835713810608616,-0.030623027485817616,0.0018257946351821208,0.01037355633527791,0.014191544714796389,0.0083643796336405,0.00500979544383791,0.016396022083916995,0.01399786350873656,0.010815366896810072,0.01690830481847756,0.01794799877770143,0.02053559866487194
2021-08-20,0.01203628930390614,0.015262609382946372,0.013182026306334194,0.017945531478220866,0.05210388698068749,0.012806083878149929,0.005456957975581461,0.03210092518821867,0.004046578185176429,0.0056750161640213,0.00810588774824065,0.002134049984879179,0.00849272851296096,0.037128326348190376,0.005861026779503953,-0.005435496455314076,0.01208565197863893,0.019153480262023403,-1.440066986652111e-05,0.008027126153298295,0.016112497400217585,0.024411880208166016,0.010542925160747266,-0.002314453395828635,0.005909881053125484,0.0047160036269036825
2021-08-23,0.012815689300338853,0.02072429503693004,0.00014706917559224875,0.00972239497063652,0.013733482343827456,0.0126723615171269,0.01593311800710002,0.013660862404319418,0.012763997955240096,0.009342049925610912,0.007966833194180512,0.005034491475177053,0.008703653815652329,0.002668677803606856,0.024035290099543805,0.029183860465392952,0.01613092825654166,0.006025049952207651,0.00575938877171614,0.01069197730950609,0.002960095053172712,0.011672351007726154,0.007716187414636551,0.01699139602989975,0.028248728949224373,0.0007043534142940899
2021-08-24,-0.001303917712968716,-0.01099483568345635,0.0002040736026483866,0.008451101967469343,-0.006772492622177116,0.009666220801229258,-0.0035209412089977367,-0.010181517829799333,-0.0070522076453922245,0.002502956106438254,-0.0020943686202948286,-0.0029458449257492537,0.00581139621941603,-0.004760134434127557,-0.009215792492383437,-0.006985875458192126,-0.013909794340840017,-0.005555164076532879,-0.008448614300152757,-0.01161528381841436,-0.0093225429304728,0.020404369635878345,-0.0021889595105251125,-0.0018188438265126915,0.0012212808270170485,0.002856147014554611
2021-08-25,0.0016786606374898504,-0.002871839422908096,-0.003271605446601814,-0.007921583667921525,-0.01000663395760439,0.002168151673187232,-0.0045531145371986385,0.004174730820196269,-0.0016835459120787227,-0.007945532186068346,0.0007736637979599744,0.006666457118505003,0.01293478347235362,-0.021161384297105595,0.0019380490379621942,-0.003246740850905261,-0.01101975501977373,-0.012804680046860195,-0.004475788986827705,-0.019674506548753794,-0.007409330555642163,0.018150987191479877,-0.015013213291408442,0.004234370575657626,0.03903958697881985,-0.011076707081432527
2021-08-26,-0.01057749706831223,-0.013120101253944496,0.00471596173999593,-0.028646354624270915,-0.020852018031537193,-0.005815627319302723,-0.0034185271552561957,-0.014418433244722112,-0.0028432001551191694,-0.012708498127977072,-0.006509927622710465,-0.0019093950267642051,-0.020266990074621856,-0.03562136315879416,-0.007073555056483642,-0.003145565129054312,-0.016841133963665118,-0.008959565187734858,-0.012544531127170633,-0.011220381228763935,-0.01381505154156934,0.0001984603490466522,-0.008991346689075993,-0.012203689531106288,-0.011058346953600185,-0.03597241505504197
2021-08-27,-0.01040065694764382,-0.0011088006718314263,-0.023636857520665206,-0.016128131677308515,-0.007797311375479975,-0.013115408352545273,-0.003806181111147774,-0.009915707620894757,-0.005909684265034306,-0.0072050023794951405,-0.014968805352161552,-0.017673543203758788,-0.009518950212619356,-0.04462584936397137,0.04316218042747064,-0.004201661839908666,-0.0055504790716251785,-0.010329609641740511,-0.00682184763874868,-0.014635985379163791,-0.017825921350773877,-0.02517681127867474,-0.009459094818320746,-0.01601026590672679,-0.011214139832135608,-0.012303818901394722
2021-08-30,0.006493183871178337,0.012968605963023258,-0.00882767577894185,0.008809252797803554,0.007858173433441595,-0.002931465282947334,-0.005734641246092774,0.0007077653974199479,-0.0006472190823196199,0.012340009186508988,0.006706213374542025,0.006974745479331157,0.009003965999790808,0.02378226274712386,0.0030744061969429437,0.007185702051350773,0.009405045905815007,0.0014149207364595878,0.00690055283540536,0.015315736781763872,0.06197010592494878,0.016251008898042374,0.018156249475461256,-0.0016173781997506473,0.0007174316542314004,0.0019098009926306798
2021-08-31,0.0010739586116638798,-0.012982576455845506,-0.007641460276763129,0.014122923659969163,0.004675999546051429,0.0081309175441787,0.001220544571745391,-0.0010839978571081377,0.0025455873904035903,0.007647056728025382,0.017410994410893554,0.008140629411975785,-0.00745657417335544,0.011214452216315451,-0.032120568494485566,0.00588359546357492,-0.0041295400934161786,-0.006557368627082921,-0.004775035736014492,0.008150922193693937,-0.00587348813818217,-0.0114300860224081,0.007052881970029114,0.007613559535184729,-0.006896252589416722,0.006622255214437452
2021-09-01,0.005998698602361286,-0.004142780566973414,-0.008570748124742804,-0.0018215444210303855,-0.007207779361463648,0.024590949336993247,-0.0016410436622104618,0.015147325918124427,0.005343883396860459,0.0018805735395612255,0.03173541368942515,-0.00837179359873752,0.0017923954222038685,-0.0064202742183046,0.01577772004974501,0.0006249903941599189,-0.0014664265737920716,0.004541262048683603,-0.0022997380837072147,-0.0005158386364245448,-0.011350444964727507,0.003700819336081814,0.03355973896315606,0.01518405348675107,0.006321245732804936,-0.002156823534598081
2021-09-02,-0.006380629674161516,-0.01736316630648756,-0.0012063101748802177,-0.0027909923466740705,-0.028072189059433345,0.0012723537072662186,0.0016446135638913061,-0.013057324246846655,-0.008587039192547172,-0.008834454052279655,-0.022693355502084067,0.0016770316056724953,-0.013377490082424,-0.005613590428759391,-0.007638956990927592,-0.006710740864589004,-0.015050413383368063,-0.016026045346554177,-0.012916479896354496,0.0025663029679641497,0.027463836353843807,0.0007484992879678447,-0.01202604063394148,-0.005200866021675694,0.0020416829695252326,-0.010720317977726027
2021-09-03,-0.00035440504550950677,-0.008710660294725137,-0.011641274606169275,0.0016202379671633738,-0.008232631712969944,0.018946342632271986,-0.0023379866332665176,0.0025849434683801,0.002157727381523898,-0.0031343758533053496,0.00664037413363248,-0.0014597030810570581,-0.006629259950805449,-0.008594957187298302,-0.001083298215968309,-0.003633867230231985,-0.001667200091761208,-0.0008196826406412366,-0.0016686851775741807,-0.0018344294256015564,-0.0012563156993756763,-0.009587947869660721,0.018111321876622483,-0.005847969954776058,-0.007292248560699106,-0.0008745578571505153
2021-09-06,0.002464572811489327,-0.012039518135805782,-0.006414244935681561,0.017946765788931018,-0.004583330740153667,0.009187819211319398,0.000528776222856181,-0.008643120022540146,-0.006346231494609588,-0.005447827578378689,0.0016013251664295236,-0.006482082808986839,-0.00033000120211711267,0.009223616846525423,-0.009363293673548632,0.00466172074707949,-0.0007767288652544218,-0.0005875535072765586,-0.010013277033533375,-0.004870003129355015,-0.020869275791787073,-0.003912468189271116,0.009531015108669605,0.012724853420200077,0.047566942336960585,0.0055024417768582135
2021-09-07,-0.00982469455567411,-0.012300001098703084,-0.010900401115280864,-0.03547656530584312,-0.013359551140698403,-0.01210333516356971,-0.0009518969702920876,-0.017772080261696188,-0.001228027934642717,-0.009800696221163141,-0.011415560967616848,0.00010436809069640507,0.0017958602968939918,-0.025095668726239917,-0.01177250662580824,-0.007841549518277063,-0.00848212825735332,0.003752031673035755,-0.01132195616045184,0.0016310405687944998,-0.0003727622896603777,-0.01456382652300729,-0.005725428974550177,-0.01515886525678602,-0.029871833283121787,-0.026634762073945217
2021-09-08,-0.004084132874575458,-0.012235331811346183,-0.009648215053919171,0.008918114668845659,-0.019547541288865756,0.006861871338845585,0.004438225798096901,-0.00438878092420894,-0.0047721589723552305,-0.0043226225638961675,0.0032335104238696935,-0.017098588254227217,-0.0018677123022685965,-0.011759325058277184,0.021009942388418995,-0.015407709823968718,-0.008512549829960796,-0.0078063220632073466,0.0037282332793557244,-0.00814241156994441,-0.0022464730323041304,-0.003608278831354228,0.007084273953843645,-0.007471297007087836,-0.00963838367264344,-0.022753316607007218
2021-09-09,0.003855573482093524,0.006356893086553827,0.030968160949599227,0.0012837781299127604,0.0016418402519194255,-0.0016974163965655222,0.007460229609398567,0.003584497607819139,0.00010522081133541266,-0.0011382998315898495,-0.00575562521622384,0.004827293102752852,-0.004381836061611355,0.009910863853156168,-0.000849415438087267,0.006798634168346446,-0.0027197264299273862,0.0010708382349636086,0.009218117000820696,0.007164307141589966,-0.005066286150228305,0.012314479719490375,0.006472078512236949,0.0070350594079139905,0.009410630738950074,0.008387608312725003
2021-09-10,0.00561933814156461,0.004717387024181285,0.019474647472608922,0.008764795743381116,0.019211900400317675,-0.004102563858392305,0.013798602798947969,-0.0003108240604122274,0.008090397220630303,0.006903964763203052,-0.01684619107834956,0.006109021401530135,-0.0015430419035599885,0.012760823570730717,-0.0032677183608458282,0.001806544470390109,0.011699476392724728,0.0043475407672489,0.021994336602234266,0.0013186973527701817,0.02598211289641067,0.0027630981150902952,0.007161929102340305,-0.00010998517796380908,0.002134553372304936,0.010500309458406215
2021-09-13,4.011615878723444e-05,0.002784657807218396,-0.009050511369698172,-0.0032531842887958593,-0.005219949643316589,-0.014229327820718717,0.018126768130324277,0.006036686449189477,-0.004386760226181626,0.0007926707344186644,-0.005628572965712897,0.01019007838158068,0.007001548813901909,,-0.015371116039606978,0.004670564364032098,-0.0023010997769288156,-0.009775119350191111,-0.0009127582442191806,0.006101308575479113,0.007023473058966584,-0.004198785923612739,-0.006066297854298158,-0.00033633936196207637,-0.008129505932980494,-0.005472834388464104
2021-09-14,-0.014203739732943126,-0.013806884543883536,-0.02012923696264879,-0.01839618284001432,-0.027747745327767366,-0.009825331914850369,0.0007278641936523278,-0.018036852669622072,-0.014287297741195684,-0.024262647405396593,-0.01387463588982657,-0.012467591908789273,-0.014462415146892546,-0.010373644409829047,0.0011940467942503444,-0.009010679147807454,-0.016495550470024767,-0.007773951453768441,-0.018975573444190517,-0.010713153416449064,-0.06496718476232813,-0.020680160183668823,-0.019247475219798065,-0.014858735294656335,-0.0011236547956728377,-0.02985804321510091
2021-09-15,-0.006041533932171423,-0.014037379962278596,-0.014092174628382206,-0.023132555362187345,-0.017383206819817636,-0.013896215101673394,0.008417733776334091,-0.006724101517014283,0.004754027756850616,0.0011830301242368429,-0.006533381947347354,0.004215996084190284,-0.010941954795225015,0.002517041021427635,0.011077518439661057,-0.0040103818966446825,-0.008375251511044247,0.008675423097877596,-0.012275117548466516,-0.00505907065468747,-0.012262190288948455,0.0008388239715926917,-0.0038006623900436,-0.014774335874777264,-0.015664094523836287,-0.01104816086151894
2021-09-16,0.00475522763893117,-0.007477897483318119,0.004975587313107738,0.011062724185535,-0.0029814146386396984,-0.004325347841760678,0.026415593958056628,0.007811079484717537,0.001410684656607256,-0.0017764773913581634,-0.0068153037109729975,0.012884284227165158,0.010286949108010002,0.02116737766061838,-0.002543426537115881,0.009534131742619495,0.0007862662659740868,-0.002054334138737249,-0.0054283179228363666,0.0001754110676208041,-0.012610871538141805,0.010522782551169221,0.02108595490132568,0.012482535865853232,0.0014294335245025208,0.003382921731430677
2021-09-17,-0.003147126343179749,0.0002960780562440979,-0.0045677769636022075,-0.009137123853870277,-0.006124868180693316,-0.0012489791141860021,0.006836383517852174,-0.015138440440571626,0.0051220653323424325,-0.01258296516199332,-0.014043784899834618,-0.0004121892364962383,-0.006641752359363156,-0.027473182713996236,-0.0019152805322619284,-0.0030573927461252093,-0.00884507546704056,-0.005702775536996885,-0.007428331216307316,-0.006915177839739661,0.005869772690435232,0.005053493283127852,-0.013924574813114802,-0.001461759320646353,0.0026443554558977264,-0.017803760942690205
2021-09-20,-0.010117345092093059,-0.006307970708124845,-0.0056133112084451875,-0.011640115764341541,-0.00986582673598595,-0.01919482106452147,-0.01180334321449834,-0.02113123612598006,0.0030431273608615417,-0.0067763647509982376,-0.00969468836850105,0.005334366275732353,-0.01325257547796281,-0.01352217235844396,-0.01374897613012884,-0.0062067357014964075,-0.001126631068315509,-0.012543132599045437,-0.008200965542141225,-0.006377928819322801,-0.02436552712276402,-0.007867202247450049,-0.012707425348464307,-0.013368926217253852,-0.011891512917459478,-0.017444167844230113
2021-09-21,-0.01590901658374953,-0.02309603192428315,-0.02709226709470708,-0.022107521093586935,-0.03465641418833674,-0.02288830608254747,0.00014794552405924532,-0.016002758797253457,-0.01798237893124945,-0.02081224848049085,-0.01875579264376202,-0.006521852223153412,-0.022106006324975287,-0.009005459550235425,0.006254848629510507,-0.006739761460044819,-0.013187769654007753,-0.0061623037863880875,-0.02243579776447581,-0.004554209419207404,-0.040247038737052016,-6.899722305379992e-05,-0.017264525046798745,-0.0075915087383337035,-0.02202427067998511,-0.021018433302486067
2021-09-22,-0.02649742857014815,-0.031998673574066536,-0.027565772837177822,-0.03496033727229658,-0.025243750698757558,-0.03529689513119107,-0.014421701463586742,-0.017288995306934073,-0.009415960653514466,-0.030551852426963715,-0.023812427892281236,-0.013146387316901171,-0.02774541532971815,-0.021508574827358868,-0.04537044473260437,-0.008437524712173183,-0.01127577682406596,-0.02001464757882912,-0.014096439646817048,-0.009117240144732697,-0.0494788632392362,-0.03650161520061394,-0.030965668343521862,-0.03305590146324125,-0.04904168577043915,-0.04053096777121279
2021-09-23,-0.015869761171224732,-0.02268659136994423,-0.02378745726256472,-0.010836664921571574,-0.011681031967724246,-0.013527471474744014,-0.0013090501238540498,-0.015201891378813179,-0.015169226469377064,-0.021984867603780905,-0.0364016169793594,0.02557243475939268,-0.02751999004567981,-0.012269806996434948,-0.039062095100897136,-0.010506323733286915,-0.01720910994613402,-0.023400146376257272,0.015091587438719967,-0.008343306582882105,-0.049928523756813836,-0.01732230538738202,-0.024602312957216675,-0.010316360523861458,-0.028654600001456056,-0.02439380540705574
2021-09-24,-0.01122606102831324,-0.01425434114324188,-0.01969069140886345,-0.0075913196192438194,-0.014456767084645814,-0.008208276344595285,-0.009461346548864658,-0.010430666379315537,-0.02166498575898268,-0.0021441530304425805,-0.026979148274903702,-0.032628162373340125,-0.0155729092189762,-0.006950386954419112,0.019431411906618696,0.005163430418916426,-0.004550775409439699,-0.009766980496161176,0.003735653234068076,-0.009790358783784195,-0.02641418872214185,-0.008756690566556766,-0.03593814563626247,-0.0027304029583591558,-0.00650498314468098,-0.011771878798379515
2021-09-27,-0.01289030560674224,-0.014447886767416563,-0.020442199668259248,-0.001339364442439539,-0.005295254970060594,-0.02197565500296526,-0.0028670117374002095,-0.018522542570416654,0.0039046055359919043,-0.010335648413586807,-0.01304262703580746,-0.007937506578537796,-0.010245729765964067,-0.02226085907334155,-0.010849751383072273,0.00031480423096233445,-0.002023550032093091,-0.010737896658080642,-0.01994953355472537,-0.0032485689699857418,-0.0589460360092432,-0.0022175882167128373,-0.03324637723598475,-0.014677796911036552,-0.013870848935213568,-0.026170767237606446
2021-09-28,0.024567959535052503,0.021121305852655658,0.03492159644999196,0.024675530568130394,0.008651213794660514,0.012033809620883722,0.0052688196057822986,0.014757623880166723,0.014455725388516916,0.023982745778302655,0.04955677343073558,0.01300636583554187,0.03267423502850815,0.0012643146202576672,0.05586040268051344,0.0013158415982779392,0.013572246500054804,0.00685930140767696,0.028638468906890653,0.03202699046691975,0.0725665225412706,0.024821873919610073,0.05891192694813964,0.01566590676828323,0.0537119324510703,-0.002392334035850513
2021-09-29,-0.025724649950210426,-0.04017327778097764,-0.011579018839166138,-0.026508050794527838,-0.03073371125172213,-0.03084892635275053,-0.011714169790362472,-0.036199401220369354,-0.019416571804525717,-0.025966155594376823,-0.03271271849532492,-0.020598885465342363,-0.026419320938706276,0.001846695587216285,-0.01879866969224694,-0.009898664965785009,-0.0324612376159019,-0.03399998907208274,-0.03161314934779407,-0.029529175050292438,-0.04168316627730201,-0.01874384863751773,-0.03387388570189761,-0.01861848318792187,-0.03408029000146099,-0.009438175336198146
2021-09-30,0.012597412403849796,0.010581367345944837,0.0015592750947722306,0.0016321942258038513,0.03463559055641561,-0.0006861688431433082,0.014179729494886384,0.020066680793124105,0.0069937637682639464,0.011907746870676656,0.009434343137596612,0.028370765136097972,0.009487131457203864,0.03433895206047405,0.012906758949165598,0.02309394739981957,0.012835357500501306,0.018623033136364833,0.006243133808711011,0.01990036208341528,0.03715547335543423,0.01682311006343571,0.010794355080312413,0.02443045118800195,-0.004762441285120392,0.004048119592276661
2021-10-01,0.013535822609935301,0.011877117863955,0.02833575453996985,0.03430864593080588,0.0007777326831508238,0.017794448432261196,0.014180238105780958,0.01968477055234615,0.009795216958733659,0.012323335707928656,0.011086400970719149,0.009691733874154208,0.02840116357296902,0.008814121308313744,0.005381394103724417,-0.006104637941337615,0.035095247154427744,0.0016189672540023181,0.01519185941055961,0.0025478849579246765,0.014810895017889514,0.002044151710937866,0.014432680117602152,-0.0025792402257264016,0.020171458088169187,0.03754463368450944
2021-10-04,0.01020170929854729,0.013818626854421511,0.014547962440913303,0.022000937026227785,0.011243941842351522,0.022969844015116776,0.006675012940447515,0.008320613524668508,-0.005355459573932242,0.0203045396067099,0.01174646978873863,-0.006499919419360188,0.01894485186121316,0.01134853525255941,0.0026888542944742133,-0.004418436095552536,-0.0047589513454730685,0.007581511475891672,0.016773356615251967,0.008590751273910116,0.011447341401508188,0.0099385635135732,0.029108955909148304,-0.0069638248654817145,0.010968667913200428,0.009706507985125151
2021-10-05,-0.006246082820896364,0.005010105891814265,-0.010947508477775161,-0.01645418706598727,-0.03092301405751873,0.0004169484928736764,-0.009158931101038376,-0.014044403230676397,-0.006536644396049539,0.003903697723822757,-0.0013553003062293605,-0.009711898447392696,-0.001460396359205167,-0.007332427536231895,-0.007878627762803125,0.011697016274406474,-0.01200286304862023,0.0035110516575285466,-0.01386763582572791,-0.0047549472966357765,-0.009379938386153835,0.002926885868802433,-0.011899343290953237,-0.001957374853048908,0.003609887734558189,-0.01909690310964643
2021-10-06,-0.016676077913383644,-0.018935216772739672,-0.03237943031174796,-0.02113694017876891,-0.035403279979917705,-0.02453129237875807,-0.010984562793480335,-0.015147670286180878,-0.006564928211865083,-0.012799273210093678,-0.01385638383792733,-0.014164799204036816,-0.01365370746138963,-0.010081587221053456,-0.02174948961514075,0.008409622994280025,-0.017201977546048186,-0.011595760871363076,-0.01266477282694779,-0.011616259061877115,-0.0319489518274364,-0.02270307890615735,-0.020876781509480826,-0.010838885082126683,-0.021830488410076936,-0.029865791160841815
2021-10-07,0.002078455856831646,-0.002839531624949765,0.0018883765205156833,0.00019748705868107472,0.04290277011221528,-0.008047543287817567,0.01010451946315794,-0.007373354116704978,-0.0007921871105319404,0.0035277468977343526,0.0038459833052587786,-0.00023828816128533548,-0.005073646745479414,0.0027989658192849043,-0.008320751031428411,-0.00040560721305726855,0.0006153853342765809,0.0015056047915169707,-0.0009244795872878353,-0.0025724193836695716,0.009819654407600298,0.012832147595545953,0.006655192731801628,0.0003999695999671994,-0.007408218074803989,-0.017843409669035803
2021-10-08,-0.00560238058326286,-0.005158674470790836,0.004348184917542852,-0.006893568879871493,-0.018074628399914923,-0.001859052342423284,-0.0046176059035089815,-0.0012973042889904602,-0.007841536944999465,-0.010181258954808136,-0.014679063272512042,0.009961574365930334,0.0050783941020413614,-0.013069228640404773,-0.025313439966432285,0.0027005779828946364,-0.006441973904086851,-0.01624695612114363,-0.006726627006359521,0.0022981107604486445,-0.016854696754910192,0.007427093501316383,-0.0005635329167211449,-0.01115166874805279,-0.009951358613095637,0.0033033118518865923
2021-10-11,-0.03018802271804208,-0.039556455422114514,-0.04042388368577764,-0.0511425779992723,-0.04390977405423964,-0.026240832099243522,-0.014149269577987584,-0.04242423789297812,-0.017285012741454935,-0.032258224468353136,-0.04255996751313009,-0.02646418701406262,-0.03738270268418053,-0.005662148425257724,-0.012827862994558783,0.0031322506166883424,-0.03017990751284352,-0.016591074139118894,-0.019537203621373494,-0.02557166213443084,-0.03204593798736802,-0.024223393088349355,-0.04548346777006536,-0.02335688289830387,-0.04700909207807781,-0.02106240976753887
2021-10-12,-0.0061838825883015125,-0.007530275383343521,-0.01010393024448819,4.027104922532665e-05,0.014264361192660698,-0.007831326089788733,0.0179578931652221,-0.004996507789601386,-0.002405050195582078,-0.011157553400056058,-0.015356727444531407,-0.006208523932927581,-0.007189049831046607,,-0.06409686455201358,0.0013491541786581351,-0.0043511632837195885,-0.008149863405751148,0.008032889319189848,-0.007387200618829122,-0.010043988532093845,-0.007306388905093308,-0.010378004099559563,-0.006344192949760134,-0.009832702816142435,-0.0173619474736548
2021-10-13,-0.024628775298499266,-0.02633670650372392,-0.008904430204001543,-0.01898817291300897,-0.04163513086044138,-0.020518617160871888,-0.0003050133795026108,-0.02957635149455982,-0.012659318457508848,-0.030679430954898633,-0.013845729874352916,-0.023489815880759338,-0.034018664259710424,-0.036745225720625885,-0.029296224417546615,-0.014188183878555083,-0.02578964568942234,-0.010559835925596145,-0.010636998558329237,0.00734113425073563,-0.03471772181619992,-0.014993099251749492,-0.03973950485187997,-0.034853565692646984,-0.04263363812681695,-0.02195781209739983
2021-10-14,0.03213053681136964,0.02917407951673815,0.025395669405843854,0.015234842567609505,0.06329975013657319,0.018750583630691767,0.017180834500051072,0.04227402964620212,0.02009918452811053,0.03414843167338361,0.0434172154575904,0.027763307150451305,0.02844834815130114,0.04362274310340878,0.026379816225369224,0.009225044813442718,0.030286493841403632,0.033425684452998095,0.024914744428639748,0.008420181383876355,0.04922932657388435,0.023286571727441762,0.06461180850582615,0.048555048806254913,0.02022398820215186,0.019582358370275776
2021-10-15,0.012138475311291566,0.008556540264101119,0.014187877219302494,0.018640226588422366,0.014265432957334767,0.011974578662306366,0.006697753326235451,0.008618053372477156,0.024625252149897938,0.01564217995951549,0.008724978453459653,0.0015034952301228657,0.0189206933839284,0.007897697996129494,0.04310765789291446,0.029745192148075472,0.011004438516745658,0.008892904816946698,0.016838829546050586,0.004153127731240573,0.023628497554723626,0.0022809661115960056,0.005220174125306763,0.014806599805292767,0.01816099621082108,0.008279389278331717
2021-10-18,-0.008102211707709436,-0.011317568731508378,-0.014027864045899355,-0.03417385220949587,-0.01997880381927985,-0.011494794755544293,0.0041834429284374475,-0.004704960048207696,0.005813459062145587,-0.019840660031514093,-0.025292255100248018,0.03830468201540373,-0.011888721989219583,0.0028403865184642163,0.007346154214469908,0.015698168979386584,0.018498103672719576,-0.0012256862085715386,-0.003155586793641785,-0.026990260552557703,-0.034964644264567635,0.015643678778658847,-0.027088220805109028,-0.014869196973140094,-0.016237341823182327,-0.0031917386421095317
2021-10-20,0.017175590125383913,0.009612065283501415,0.01834089875163425,0.03530226923035462,0.044288313766556904,0.018992007612811026,0.012481873552880779,0.01675280365472498,0.01907372405105986,0.013455325396719365,0.005355063461929673,0.02455216436713323,0.016024669073627158,-0.0020528543484205075,-0.008922096958798737,0.006491028431311635,0.015114055260444478,0.007716545019401624,0.013392030611800776,0.008473013193784787,0.027363025530002083,0.01532292243825348,0.04162056281143008,0.040135679189111755,0.009335842983016126,0.020417322761898282
2021-10-21,-0.0025283777562247626,-0.013731225245130962,0.004899075070418916,-0.013642836646579596,-3.889998936636163e-05,0.018983117261245807,0.014532395992232211,-0.015952224970538924,0.015418182694619158,-0.006823542465110324,-0.016113113564812893,-0.014239304707791719,0.00020395689450023342,-0.002774032576832175,0.009656080749309418,0.020130106303882123,-0.008007956987936462,-0.00974530814361918,-0.005548958691239527,-0.008846506378039996,-0.021024234605761305,-0.013993669752171511,-0.012142290306164307,-0.002000104753458935,-0.01623357401654994,0.009805951401839291
2021-10-22,-0.003664879548469719,-0.011073947222548241,0.00184804805766417,-0.011877860024447285,0.0051523616067956765,-0.005427320737453948,-0.005795352507848695,-0.023334440546921666,-0.019404734067443807,-0.003143935560558181,-0.009936383083875788,0.027213305838976482,0.0007732580463456207,,-0.025304735262300107,-0.012668579736954289,-0.018034740982026485,-0.011002565819298676,-0.005627609019631691,-0.002953978649639588,-0.0056437354815218055,-0.0023590093349858954,-0.002380079187497267,-0.0011479652457542441,-0.007633675986882066,0.01721851711690788
2021-10-25,-0.0001607096889525414,-0.002944078256784566,0.007078366642113074,0.00274811578782147,-0.008047003432448038,0.007005425971034935,-0.008988757279538944,0.008744903264631843,-0.006324731643349346,0.0006111685190106408,0.0017857436213037186,-0.009911372879981051,-0.003902944886441051,0.00778442248609354,0.0031898467240481926,0.00508349181918355,-0.005848723945634027,0.019147598752346298,-0.0007428758281443515,0.011398381741438559,-0.015118867261831787,0.009513885423242087,-0.002150802105964411,0.012698869266747377,-0.004878447302045991,0.008166441401935787
2021-10-26,-0.0026689348522189868,0.0004308462597691169,-0.008774150457662541,0.008246780822579541,-0.007720133389669984,-0.0020981750791346995,-0.002078044674666485,0.02095561256278864,0.00424886933418248,-0.005323881879588967,-9.081020748545147e-05,-0.008337976390561101,-0.00670717578592952,-0.021865315112966965,0.008181960978836,-0.020756889710653537,-0.008627136896803056,-0.002382795454312525,-0.0011297685842386453,-0.01480247291584851,-0.010793384745007656,-0.011453816667855821,-0.002540442455676512,-0.00019571818582286848,0.005444035262377288,0.010953948083644333
2021-10-27,0.01678783490517523,0.004000246439205546,0.023780319222796047,0.031137406408146606,0.022676220080690063,0.022334842352196307,0.0015126498054914284,0.04292232598566463,0.004434985666536154,0.01754712862578339,0.015607607204659368,0.02196160486429684,0.0050368917080959915,0.01651538050761714,0.004256505342867501,0.007197325743893257,0.024700558594932503,0.020550943579455656,0.004551867809417254,0.009292491240261113,0.014403536267486639,0.025691626607315065,0.014506784833824402,0.016476896436086783,0.032549695544515575,-0.005083444642969198
2021-10-28,-0.0015080364323525786,0.016452728298606147,-0.03072635859730263,0.0021802445942685766,0.027409884334257256,-0.007738889480880383,0.0037364829389432475,-0.021499390560090138,0.0015290947480779415,0.002793211661225717,0.02820829980823532,-0.043713075596770914,-0.015529997507611637,-0.008008538889728745,0.00665692755990438,-0.002946986123754991,0.01033825004972344,0.01196509816514893,0.006248445590934471,0.012293106432893232,-0.007704093436347065,-0.006922675849755959,-0.010830422387154426,0.0053601047069426234,-0.007043298026054751,-0.025424617123884802
2021-10-29,0.005364744041009988,0.01937071838321801,0.00594317151300805,-0.0013399974978102376,0.039700204373396775,-0.00026431520501388634,0.008813217225171798,-0.0034655014496383176,0.01755150084093317,-0.004987695432292849,0.0140508063797265,0.01610646988213152,0.011116386182948069,0.011272142640164518,0.002821772812473408,0.0004282501860101151,0.0053154641906076215,0.005472013936138331,0.0035469905940911815,-0.0021695202121164952,-0.011168201496958713,0.008310237631153565,-0.013802601168375974,0.0012669029456702872,0.000438948996763866,-0.018772919316946163
2021-11-01,0.019507907844648353,0.03437687542817682,0.02610033505665557,0.0185551308149448,0.05034754367204119,0.028794092962056334,0.002405503350493593,0.03927694301795565,0.019592168557686068,0.014871845155935532,0.042058937808142516,0.0037342790025970247,0.021801121362820412,0.01826464769803386,-0.03121382919758651,0.01488778770768795,0.01053202770098633,0.017508057214115233,0.007433297403458118,0.015192823843700663,0.06815775417671416,0.03163323812981861,0.025254964429541542,0.01406130630445563,0.011258542913756947,0.034916527518182416
2021-11-02,0.001082062102614148,0.0077202386789045115,0.015107297905280412,0.0065552540337440405,-0.005111095028247392,-0.0018233678408308696,0.005092199740403168,0.03790859586659642,-0.00035692296861888906,0.0014520772958971178,0.006155945593363003,-0.001995042428197403,-0.0003423455003145448,0.03520910763096666,0.010624271686918749,-0.0057190094721442375,0.011234509072585178,-0.0017772712391558587,-0.0102732967532157,0.00047466085239170704,0.023445241942224915,-0.022085987656170373,0.005880134266169536,-0.011245009424337798,-0.0034483820564789602,0.021456674777363682
2021-11-03,0.005753555642318327,0.006684566817999482,0.009538853453362615,0.0033255017795667716,-0.004533739346075177,0.005010772164021846,0.0004468705880882329,-0.011460075322499272,0.0003432070641480957,0.01327397662833899,0.0028888028300398196,-0.006535667373344529,0.017715492980548607,0.022516774929160988,0.009346314827887947,-0.0132377549339798,0.0013002680682883498,0.00416841337897518,6.287032988911978e-05,0.01728802469615759,0.032970473638589515,-0.010948012776941492,0.03316720099360366,-0.003106353484102898,0.009846460527647073,0.003139481331686067
2021-11-04,0.01984416917181986,0.009763933003894509,0.016435832754563826,0.03321020542828794,-0.009877114462391687,0.008277142565459698,0.005156771048520609,0.012850813498803682,0.020581583467426365,0.02241608223621114,0.02513069017478899,0.025425021828453666,0.04270507284688229,0.02565877091890259,0.026030068384080382,0.005378218798507861,0.021977284120301904,0.00043226210030992973,0.01600146943474029,0.011501142734392409,0.04968255348299361,0.0035193991152214863,0.04260762896361643,0.02282514442713523,0.04008321563876325,0.010986717461151707
2021-11-05,0.0029433360628882427,0.0162634946099127,0.006837308251918195,0.0011557086053343157,0.009543861709978863,-0.011506117059841437,0.0035409590853911267,-0.00308454130072755,-0.002864709454803057,-0.005936167244624378,0.01793055228987317,0.01193392756049566,-0.011406969214082447,0.013835512803779629,-0.004619840109942777,0.00016351329613017995,0.02493507108537865,-0.006985623323670781,-0.005646498915576238,-0.001203436744093588,-0.020421090051821605,0.016434367254163987,0.006474037142033191,0.0061562528305550215,0.0031605973542006005,-0.002234747712768659
2021-11-08,-0.004158825200408684,-0.013591254434076761,-0.021377087606603378,-0.015080498267900765,-0.009602824396168644,-0.005487990973797165,-0.005334930785520696,-0.011528981066622543,0.002435569748426641,-0.01188645403078928,-0.011020841228459219,0.01142981787532565,-0.005905305240977571,0.008333355561720582,-0.00772223394464322,-0.0051392434091139805,-0.009145156366887813,-0.01435877129081746,-0.00987162559236834,-0.006208069723172407,0.0015783714770833679,0.033515798026950684,0.00011287735213697367,-0.012782707918921724,-0.002265990437112736,-0.028604768680751097
2021-11-09,-0.024366332387037993,-0.022962282529758248,-0.042953505195107114,-0.011928321369074624,-0.035743368610959385,-0.011132191250902451,-0.018755569327567962,-0.03530143476445045,-0.020583274319735407,-0.02816905300449331,-0.03440758157073861,-0.025362037204459488,-0.01475465115807414,-0.04326219096338804,-0.020877122076548127,-0.012594624239925106,-0.039338377483377165,-0.014158373300275917,-0.022986495143978943,-0.023091535909682673,-0.05993831013198386,-0.003954646678644119,-0.028974816918157946,-0.02405650898717062,-0.033968796987671766,-0.010583521861303846
2021-11-10,0.002542730274040246,0.0015040362671324137,-0.006901599858833568,0.006850518134493178,0.005383939833942003,0.003116309834671897,0.0027105421718993427,0.000646439418981419,0.013306943977033216,0.0018368942228176681,0.009243404381117279,-0.004106999841691306,-0.007498452581803716,0.006524829407043881,0.0396432094495049,0.01448188441667253,0.009513347091830616,0.007728827658922785,0.004712748516124377,0.002342033882759842,0.006625927756958028,0.0014020558190182394,0.004374279869480009,0.00351940311387941,-0.01326180519838184,0.017060869186921512
2021-11-11,-0.008370927757819939,-0.019485728293601845,-0.0072118402767033145,-0.015290968898497704,-0.0038540501753942264,-0.008514808938004492,-0.00881283677756164,-0.01705925823318516,-0.011293896929012805,-0.007174299511453267,-0.008999862825337842,-0.003655088516178995,-0.00992914233476529,0.012987779951511375,-0.006697934991810946,-0.011146977075052716,-0.010125638561230943,-0.007292379961800909,-0.010184249893815044,-0.004898307674985697,-0.02448128892834936,0.007662066607349083,-0.016769194744265692,-0.013290522838201218,0.0017715751819469396,0.008959597425752697
2021-11-12,-0.0098533006073585,-0.011869571922690314,-0.014523738094981864,-0.01164520736859298,-0.023308040595704155,-0.004980978344020811,-0.005968131862923466,-0.011812863834317266,-0.0007141306757455687,-0.015312146709403483,-0.009043611615704846,-0.010109524238635922,-0.005262373282191623,-0.025798085960088202,-0.01962623679380699,-0.012984981891419306,-0.017776356418880424,-0.008143897934033171,-0.015229730681172195,0.0014648377002472086,-0.0406375079555463,-0.006456665093869052,-0.013434966612638544,-0.0021947994215077093,0.0054039359795433495,-0.004422483303576863
2021-11-15,-0.005906196627823318,-0.001409429468453749,-0.00022803713215754917,-0.01794364555233523,-0.006472824441154733,-0.007938852074919903,-0.0020374485729780733,-0.010665057310407365,0.0062032170981277295,-0.014738320427892098,-0.012790165202009374,0.008168166478318065,-0.0013925598527900391,0.01599376556140894,0.011796738938765237,0.003352706614425688,0.0022924086994493553,-0.0011854035899184292,-0.0042134178433547165,-0.015302834471562082,-0.005791085394590945,-0.012294970800408764,-0.011795029242245339,-0.020940813184892146,-0.012275552735250309,-0.00761350732272062
2021-11-16,0.017084331366852508,0.032290749155755714,0.006541282215421884,0.02159825060954554,0.043170213600288186,0.005876588430539608,0.006176996863754125,0.026080704608281952,0.010105789401821339,0.016389399821326686,0.012367067365128603,0.014427200757697493,0.011044426976991895,0.010782857457226255,-0.007809803415523889,0.021376715191219697,0.016184814574077784,0.011869938161635936,0.017960894904771842,0.03268389843422751,0.03564394777040264,0.019244250281189614,0.033776117252579944,0.02006509179625994,0.001479711665638837,0.01632562232728957
2021-11-17,-0.014201114733494087,-0.025490000470939335,-0.0046674052302026064,-0.021515793341211148,-0.03201528115033745,-0.013547765790730956,0.00917487520589511,-0.015967121901867595,-0.0028423230494906138,-0.016956088631681136,-0.013417025659096748,-0.014985784094833997,-0.01423397400855524,-0.0025433562082483783,0.001732119645112093,-0.006780827049937793,-0.021658309040649082,-0.005359968281470324,-0.010927969150656455,0.008008525760530153,-0.03014491495935734,-0.006337410181234311,-0.032875369637719816,-0.019616634784926753,-0.023189889626925017,-0.01705993384456503
2021-11-18,-0.0011655008323129042,0.003613767243977306,-0.0011193607241203468,0.00870548623856468,0.004452361316974927,0.003880924340811436,0.000553974670171764,-0.007378215236433028,-0.003941916333001957,-0.00645073515209952,0.0028548921583804363,-0.02205039532132667,-0.0081856650384156,0.007149479778597978,-0.00530467232154348,-0.0026415989940042905,-0.003532189635257435,0.002494673041763635,-0.00035575409821232543,0.003990130937383139,0.014768818568171305,0.013725709595486045,-0.008995751357130608,-0.005331591389828659,0.0031773177931858567,0.013590938529045499
2021-11-19,0.008501184646925841,-0.00035927202922207967,0.017263907772674263,0.007958982512429814,0.01566412577558633,0.004439690569328267,0.01928399966253507,0.011807179461009147,0.027145628803452868,0.025000949404226612,-0.0006398622313166236,0.01822662907649262,0.007796743619437663,0.015024143377282473,0.011060117245320205,0.014437608729332474,0.003201930222757252,-0.0005981947456093881,0.0019219534481309947,4.483093697969466e-05,-0.009886787964424715,0.0019919608646167173,-0.009764793182750935,0.015035722591806869,0.007537247792211752,-0.00800396617590693
2021-11-22,-0.015168749632179563,-0.01567237414946713,-0.02218909277339076,-0.024828111675931686,-0.036763133730718184,-0.011970309464472948,-0.005348569562043326,-0.03501178862290657,-0.014067822482308328,-0.008895373778224185,-0.0185056517245847,-0.017897293575086102,-0.011461128272112759,-0.0029912578269689996,-0.019934440448724153,-0.018854648783985184,-0.009374312095130288,-0.014202281868238534,-0.01198896542194399,-0.009974168083108753,-0.04206705187242707,-0.014033349399635135,-0.019351212146935786,-0.017893608809175086,0.008730646497725543,-0.01984922418846652
2021-11-23,-0.026491326600694972,-0.025453895710275454,-0.03332931051323973,-0.04191946708306218,-0.04161992437194227,-0.03077470910722866,-0.014300197396623372,-0.02921812883753395,-0.013382949531188206,-0.030766198467184713,-0.02919757490002156,-0.018867881997129902,-0.014680769340141476,-0.02231965580200604,-0.011141845638249872,-0.012995005076709781,-0.024626480283841772,-0.02688033756288105,-0.016252844447932426,-0.014483452202272864,-0.05102015847639629,-0.03304176978796308,-0.04908112463213488,-0.019272323383133866,-0.0441091092414645,-0.03467393199059529
2021-11-24,-0.015012036519011392,-0.01459752187749841,-0.030839392092017675,-0.010858697648518078,-0.024018157083300875,-0.026979183647239294,-0.011606047059598345,-0.024267803204892958,-0.010901220886387453,-0.014271000129048951,-0.02041635227453442,0.007031780183842791,-0.01224578339297674,-0.021319173409691194,-0.00642027955460787,0.0001769293386334747,-0.020692432306887984,-0.001972933392720152,-0.027315092697003236,-0.012040352652436312,-0.028360635517965166,-0.008728989243734026,-0.009270542896951792,-0.01047803488342726,-0.013082250860336231,-0.01836694560835081
2021-11-25,-0.005362242965847636,0.009735325251430772,-0.01660771126521884,-0.0005974481853757485,-0.003835744092239947,-0.008420176154294745,-0.010401972582487835,-0.007310476368123875,-0.00889890438042736,-0.004821408593166501,0.0018673640929564028,0.0032706650892907843,-0.0033137912347937113,0.007534167908119153,-0.00815656298490619,-0.007203399897131868,-0.013126315826524834,-0.00968610464529954,-0.02373564996703771,-0.015918030552648024,0.013169190659589658,0.0004084317039493503,0.0022003469479452815,-0.015106866428209733,0.003735088789842478,0.0004124216309619455
2021-11-26,0.004143540637476635,0.018943480890542604,-0.0053032790402366735,0.019961345973807665,0.008409216019155154,0.008705671964359493,0.0017092221719082173,0.007785594667331974,0.009731239269469838,-0.0052545752549313166,0.003287333590372347,0.00042776207331145233,-0.0032742276604522977,-0.0030282519820930554,0.04366873400438768,-0.013842095667034426,-0.004503390626920345,-0.000565317867480486,-0.0001388277989855031,0.012616812769849085,-0.0012735236465177269,0.013027370584436978,-0.006509241717339005,-0.002853768198539298,0.0043227165860087735,-0.016056884943904753
2021-11-29,0.020025745613247926,0.01650065530221396,0.03625966438680893,0.024795755959703385,0.041889008383538595,0.016760359863149624,0.022273921157115906,0.042376793323551924,0.02165435546659422,0.019990747381646704,0.009310324834250797,0.005218506023053606,0.013782614359231764,0.0072083257665050415,-0.022637784045397527,0.030131906011142462,0.03038578985969899,0.007106234213194285,0.03183666041902574,0.02938960695121941,0.02782061377981332,0.006010473526835082,0.028026695534235185,0.03142471734590585,-0.004404379742835585,0.025033991896590557
2021-11-30,-0.006594334767522973,-0.015495674905051016,-0.00986877070234306,-0.01037165954144712,0.006196328985256641,0.002101779935159757,-0.0035532088680101546,-0.001824685140118687,-0.006242974715639356,-0.017109980549465383,0.004066662623949335,-0.01771353464509314,-0.017199870973534592,-0.010928074438505297,-0.018237322947428747,-0.0026144934312921086,0.0027152855143959143,0.005838017047178137,-0.010565102737358766,0.008421477142250151,-0.011495362074792015,-0.01871082519573538,-0.003347324164653831,-0.015709015173989017,0.004897121168413081,-0.014443733483404386
2021-12-01,0.007903506832306745,0.009245107853087475,0.0012775053466030362,-0.03141125464295225,0.029034759960697865,0.01423383492281416,0.002530541079712928,0.004061168881070248,0.003415001832608106,0.006436940786238866,0.0032788694278908146,0.0076262135887682015,0.008311809998020836,0.008593257492549133,-0.0011734780260091633,0.004976862278998018,-0.004045018248396081,-0.008572782968002929,0.003536188498590979,0.00404952781368223,0.00184306314945612,0.01964113697279077,0.007448816595340032,0.017732994965904265,0.00751469847851287,0.00778075634790909
2021-12-02,-0.05679416869862687,-0.057872135104426306,-0.05816405221657074,-0.05319938156808703,-0.06575749987901632,-0.05209899256224354,-0.03951357494795484,-0.06806455718702017,-0.05620903933600217,-0.060852774656473256,-0.06556754088532112,-0.04073916436280585,-0.051517367588771734,-0.05528744963355331,-0.07165997455514872,-0.0503150843529615,-0.054490756457762295,-0.052500309066705386,-0.05360111855377758,-0.02910222312969201,-0.07933949702367127,-0.05598914321197113,-0.0645437321523394,-0.07970443427113301,-0.07977711991545706,-0.06174499574597053
2021-12-03,-0.0147998257931561,-0.013478061675885033,-0.025570350921325383,-0.03721375656800511,-0.039572723572590125,-0.021337565891256648,0.008925924770114729,-0.039661123529843696,0.021317495783288405,-0.02871209635163441,-0.024787905597829746,-0.014166103211988145,-0.01484578451637904,-0.016775117890314866,0.023414594782245446,-0.003237312545224802,-0.010244240081312722,-0.018056579761825217,-0.015331725177980808,0.01614844522074897,-0.05148764458244376,0.003158350242958606,-0.035015743722123634,-0.009599049746865582,-0.02060814057485276,0.025548083709197866
2021-12-06,-0.0035335058830305672,-0.005218880712082463,-0.008618669372885848,0.016488701979115672,-0.013556112963597227,-0.013688058582052576,0.0009483537637963354,-0.006477312663701379,-0.010351473969161171,-0.016763600812275962,-0.007704540295283224,0.006197148223127848,-0.010802086035862319,0.01825118494264381,0.016688966123899848,0.02757796011120367,0.0029490223302353624,-0.009649866880261577,-0.012691887806613431,0.012697936622458935,-0.015631730798975618,0.005710357750343689,-0.013517198767326473,-0.005697501165680711,0.020323427315933507,
2021-12-07,0.019883804206640616,0.01665070756618734,0.03478128674209535,0.03387933930408611,0.022518217415277375,0.01645412669081469,0.008630360139835435,0.022877638567182067,0.013158767662859968,0.026562498874769403,0.020585581623588367,0.010749505818714422,0.02007330296926774,0.001922220666934667,-0.01560522853400578,0.02360185321376379,0.017008606411846983,0.024859972778129888,0.0281738684247258,-0.0029045498121057414,0.053441546038833276,0.032879679001131916,0.04232890860397687,0.02474906148776163,0.02483626100529795,0.00046883513074530425
2021-12-08,-0.005996593882611477,0.010126820171658482,-0.020998818990442685,-0.026975948202022114,-0.01582098627718537,-0.0061902834410037895,-0.002310655632587144,-0.02488938049163212,-0.003765676076811299,-0.004221069268018282,0.015034673712790584,0.007168630594667055,-0.008435878562763196,-0.013265259413490141,-0.009316146303590567,0.00951871374181043,0.013740143550267009,-0.007515918365374713,-0.0059833878373712285,0.0001145750054380287,-0.01591312358744243,-0.005270836094023124,0.015893929216045537,-0.01947130861000223,-0.027928381729772557,-0.012521721477071174
2021-12-09,-0.016591470386696932,-0.031096902718848487,-0.027513629223256238,-0.03265629921171423,-0.029931070686828973,-0.020382708284204944,-0.009329991531114298,-0.021802322845106706,-0.003460573282111087,-0.017218733659942104,-0.025193636673677244,-0.01449655784158909,-0.014154744941103031,-0.009766262817972327,0.0077522772065495155,0.014559390198686684,-0.020600410029389726,-0.00976520804602643,-0.020568841786910333,0.00339879896616622,-0.032118372555274916,-0.0045490098703369845,-0.024662043285535753,-0.02183045538052896,-0.024232681943456777,-0.0145076390415347
2021-12-10,-0.006276244877544733,-0.0071575634305266365,0.0042198735382594915,0.010240348547490508,-0.00861636900304323,-0.005502266261736761,-0.0003464955227099831,-0.006654058021498173,0.0047549194785169325,0.00962500216287756,-0.012381070127782149,0.013979008680516764,-0.01227537854408825,0.008811721894143218,-0.022640387199883816,-0.007680258933164541,-0.006453502415302459,-0.01286121114621519,-0.00449980711849032,-0.020768334088876777,-0.00947398808682448,0.0023849541172323357,-0.016519818395415282,-0.00897869092696596,-0.007938955837601099,-0.012362354289018699
2021-12-13,-0.0226134663799103,-0.026447221658622722,-0.012072897411840842,-0.04414351521193445,-0.012432889635293562,-0.0214536574845504,-0.009579019964510096,-0.025070270200768262,-0.014617469647744621,-0.030875027345015897,-0.033649377596407716,-0.0242574347934971,-0.03486798873532492,-0.009500204251795014,-0.0047883257202158,-0.017420587063175452,-0.00994080266623465,-0.033611716028570555,-0.01914902759720263,0.02607703745098768,-0.015664242850125187,-0.027378495880504373,-0.048653217976162545,-0.02048293634781821,-0.054519155446362606,-0.024237290377979614
2021-12-14,0.022663600633700116,0.028977736384616714,0.03829831885386517,-0.008024573746337657,0.023329750343816916,0.02017554885927377,0.011474776748656268,0.02602665858201423,0.016689977612544267,0.022805332455883957,0.02523751037325685,0.022228169661145714,0.019092642193487403,0.01764868758540694,0.018203742363789712,0.0029505954625942965,0.0263557513509733,0.025547917122514904,0.011291083707865603,0.009634254221221319,0.05669314247980767,0.007078221267420988,0.04051024413771319,0.01688520733595146,0.03638851153226489,0.022054418646701546
2021-12-15,0.045133681771462736,0.04695222045082825,0.05278013104077994,0.05101101203650386,0.06844169730423263,0.04371355205418714,0.009859858113620562,0.06741596959811154,0.018899757569676157,0.04028182992751697,0.0667800599283049,0.00295617069578218,0.063467447345457,0.023488652443432734,0.02224296519012732,0.02201007227219509,0.061744895961991994,0.041778998053985494,0.03778780411636181,0.031396753734540324,0.09003386139966646,0.029247941552266326,0.0837961446434866,0.04191190636361398,0.06287923259553405,0.03696307791275494
2021-12-16,-0.015969983361020092,-0.020080213754149222,-0.021901140280739702,-0.028956637641481132,-0.020288679798560152,-0.009705689745954475,-0.016526103885646515,-0.02848206580490893,-0.01856267120148684,-0.02962901185133425,-0.008086486087968156,-0.013008172457939416,-0.01597035507889348,-0.019290244054997074,0.013001916118823429,-0.012109224350281445,-0.006182026068988944,-0.019263321537293043,-0.0238236211385154,-0.024131438782079708,-0.02153751296436096,-0.005602081275364212,-0.001601887352989931,-0.0035711456787098955,-0.022846284784957854,0.009813001376462294
2021-12-17,0.00666768595210079,0.0035202749571609823,-0.01146480336158243,-0.007645386180912883,0.015287840116887153,0.0022927956886941835,0.01338847781826574,0.03018251615101275,0.005796550195032716,-0.000785059093819941,0.005907761247131956,0.00292639516366212,0.0035024368670611675,0.00981381774195661,-0.011709743755584165,0.006739831804819935,0.008136607391783113,0.00895901106753591,-0.006009027419124384,-0.0005157867826356331,-0.02639892479529371,0.003049532676584628,0.0009846891482301334,0.005855375184001465,0.03281785802418686,0.017132876631831162
2021-12-20,0.015932990373606196,0.03494864645193613,0.022303758220158905,0.015882514420165045,0.01801767071932868,0.009283400265135168,0.009963963255308055,0.02638898019343484,0.012068996537230576,0.031148910483334465,0.015044916456879146,0.01569197290074824,0.011860383043651068,0.015069028903159448,0.013303962385157778,0.006258052939269343,0.017864459529005998,0.011275105710598119,0.020987391553999386,0.026886023867582893,-0.005789304273970425,0.0011400633641992508,0.02643272533796601,-0.00804865348277927,0.031034147677502996,0.023613920446713094
2021-12-21,0.0031425302139022793,0.006425870081017915,0.003737020496146354,0.004502756901296578,-0.0031853549509620327,0.007940282713105554,-0.001850529176435874,0.00036264781324053347,-0.010187192959052873,0.011091412447346441,-0.0029597922706320334,-0.01181938550393598,0.008886961872693751,-0.007288159268887336,-0.00020523718026436988,-0.011324129388570858,0.004878820945681755,0.013086002303154987,0.01214681081508542,0.007361440061979855,0.01589568221230031,0.005991889128671203,-0.0042964325466211695,0.00891815830057093,0.0004956093593528277,-0.010825688505189002
2021-12-22,0.0031911844221160974,0.020839429361806407,-0.011194338283513208,0.026698259344387427,-0.0029064982784988147,0.0007560364060299539,0.0025901379469436213,-0.013584061144178428,-0.003036029744228611,0.0012164143363117244,2.3736492816284205e-05,-0.006971148255004215,0.0033330227655903257,-0.0205883601085374,-0.021410873670046165,0.006231360349359755,0.007862685220452352,0.003527618822615361,0.006933047342365637,0.017104507269868365,-0.003439290715464588,0.006180932698703283,0.0022191329571432184,0.008592502214586933,0.01214351088592198,0.0031031413189648027
2021-12-23,0.007337262534700423,-0.011028850208488672,0.0009341388527139838,0.02739795615151499,0.0031082769015891784,0.0039465469344361764,0.0038135423814973867,0.006193314834009367,0.009698216148864474,0.005422232472953461,-0.0008828795856388183,0.02625991361140802,0.010778503687578302,0.010743118997004641,-0.002506080077992884,-0.0001338371310968811,0.006240908404630652,-0.006547521153365733,0.015676598794287993,0.01263747777945933,0.006981235956932563,-0.0015335771333216508,0.023770145562767925,0.010542172733521558,0.007969182941205435,0.01645780234593508
2021-12-24,-5.450223871127246e-05,-0.014981973724922592,-0.008630957798255718,-0.020202596750163004,-0.007751942604747923,0.005579447896636388,-0.0005215663887149166,0.003912289696898126,0.005568423519387752,-0.00571358680896205,-0.008381832511162738,0.0054231264750061875,0.010474212970658892,0.0021707054621619704,0.04387609263481723,-0.0032282457613281024,0.0026520631828508058,-0.010855603857530371,0.016048014965240418,0.009353998427433143,-0.018216935805909162,-0.0026452355559936336,-0.016607000022425638,0.0130860875092779,0.0007999561741187655,-0.014044324347929932
2021-12-27,-0.005736904258522442,-0.008077892342221973,-0.01896857944703261,-0.003311331403084483,0.005571388999364809,-0.004453820950077272,-0.006891035407760154,-0.005318076035925111,-0.0023310038084181717,-0.011001993372639093,-0.007296892785797575,-0.00963166165813444,-0.01656532672433698,0.004631889567335327,-0.014345588242646553,-0.013407633495443189,0.012395522889342227,-0.0021010973919245446,0.008819436998740708,0.007618809654405907,0.00812166029712108,-0.005720471510821368,-0.011830621955562972,0.0007227838102155262,-0.01969870030331695,-0.022289394655683054
2021-12-28,1.528645727008087e-05,0.0059441825203710216,0.03237639639271106,0.00985368186542542,-0.006225025268535786,-0.005385661694951465,-0.0046768300927134375,-0.0010300504804787725,-0.0007253811944593439,0.0038200690679915062,-0.003904150765703459,-0.008647831822024096,-0.0020506053247805376,0.009998297106187826,0.001040719148386604,0.009948619689984006,0.010468466611276404,0.004012695713919628,0.009310331104142859,-0.012461250564854007,0.0038388552539885545,-0.008389951808773286,0.007090576978850476,-0.0024092769497506827,0.022536374813258004,-0.0016513918519153181
2021-12-29,0.006014086344148312,0.002089610611753143,0.01721438314885293,0.003923344541516771,0.009764655019010547,-0.003637659801054186,-0.005002460672303849,0.012600023204227888,-0.0023538635410465603,0.00947455135216767,0.006577210467964241,0.005103703175537981,-0.005479132552948418,0.03522465496458832,-0.0005551014588412054,0.0005649345899738922,0.014567893707845702,0.010339005271145715,0.021941244249654726,-0.0002557986735334726,0.07999796198562859,-0.009323267743094317,0.0067375826975279674,0.0003854105807606159,0.014731054482811442,0.02206540336945037
2021-12-30,0.006725969678210091,0.007324923502375384,-0.002233353745809511,0.0035954331106661463,0.01382106852551876,0.005405454412538319,0.014329416562386465,-0.0044793648526066,0.005031361870081986,0.002671447195532961,0.01368359960298741,0.011817534509147687,0.009129890445126642,-0.010752110331721373,0.015971614836165215,-0.008390043033275812,0.0052655446420245555,0.007882705355789707,1.6639121265327184e-05,0.022744505912374275,-0.013047765161846414,-0.014425005992159725,0.012421470309313938,0.02422100013809167,-0.01346759444757864,-0.009327602604782909
2021-12-31,0.006518238340323496,-0.008451759379454093,0.014313725025188712,-0.0016370897334237466,0.014692318682976184,0.010273831213977938,0.009462219648840198,0.006938648477666383,0.004266960788689457,0.004209125536801195,0.0010162672588248471,0.01746606695511213,-0.0010382822685040414,0.01609297981986968,-0.010341956101760011,0.015634358271488347,0.013874367755841489,0.009488911751324394,0.0057673473149175815,0.005062079904395301,0.02801088376775812,0.002902012953398092,-0.0098739572306545,-0.005251195044033941,0.018098503793002655,0.0039359094936640415
2022-01-03,0.007950525039217315,0.004788128612574258,0.016837273817866243,0.010549274145586022,0.007529676397536704,0.009611360309865888,-0.0031960725568294275,0.027086039439050746,0.006309874611277807,0.01081182285813934,0.02322596493818141,-0.025596192800182306,0.01122591664029241,-0.015224757609182071,0.024417727276899014,0.0046692958825794995,0.013210318008986898,-0.0003897873181017836,0.012057318755056768,0.0028822500677950463,-0.00644232477020204,0.006889656691742352,0.018385405345664668,0.003382037772461953,0.03231390076471154,0.02406435249699107
2022-01-04,0.016274206175135378,0.03245057543758123,0.015051275930622707,0.010431266837858888,0.019312298156143912,0.007253680567675564,0.00798020835100827,0.022794423887132414,0.007133889531577294,0.017236747645682195,0.010742401022409124,0.01371320865126765,0.01659069014972624,0.04624658466656323,0.024423891297104188,0.012398341431314686,0.02815531881230653,0.01928723330743823,0.023475136604376303,-0.002154106493253966,0.048130715948450586,0.010807691456723667,0.03229540615861517,0.009270637521119281,0.0071655389981590935,0.0033174310624140557
2022-01-05,0.006212184594035423,-0.0007418015624155697,0.00335845591451156,-0.014403068162878618,-0.010021155904843922,-0.0005369028435384905,-0.003609410062818138,0.006230962298398035,0.004197394521555288,0.0027162893481656827,0.002323069522079335,0.019703420537458362,0.01969079707517754,0.010832031171259193,-0.004935387923283352,7.70371222510724e-05,0.012743956934923239,-0.002621934248452487,-0.007036578374749558,0.012594297145664238,0.008093770710316028,0.00470170758482245,0.021271306834388486,-0.0071392821485019835,0.02579745084828748,0.008220129731812714
2022-01-06,-0.01298160121765439,-0.02103586914912029,-0.015470612912413279,-0.006476608824102281,-0.02722477803881401,-0.018387536584354776,-0.0036215207255019368,-0.025099312002602747,-0.0064468159883433835,-0.00648053591398071,-0.018159565549842754,-0.024206893828458198,-0.016441215818292446,-0.017370173971930303,-0.014866306753774745,-0.0007120736120574955,-0.015411435412620045,-0.010383266992627302,-0.0249385852828155,0.004183814104603516,-0.03466565520398396,-0.002230715863761919,-0.03550602692940251,-0.012612219255938195,0.009712504186746605,-0.018571193292831883
2022-01-07,0.009733238189751916,0.006956389723347124,-0.0021770804802593463,0.012043334952004691,0.0014528933268423,0.003995500903169825,0.01923036589333165,0.005732348685070619,0.023397868844568452,0.0037891804846083912,0.007404305738930361,0.008661120674225434,0.019486881248074586,0.012528666963927126,0.030253190408788527,0.007325084891540379,-0.004092468127364491,0.0024849643046931796,-0.006484380715610805,0.0018458608087152622,0.019772799434364663,0.012681116319908025,0.015449534430865997,0.007563121403253853,0.020044638500448544,0.008076107320581366
2022-01-10,0.010609006483991264,0.002690176383091003,0.01240544095416668,0.006482530955028616,0.0151352669137398,0.0032322612018960196,0.023634110662865675,0.027307877213785543,0.008807543150425994,0.01321205419348369,0.016766494073450083,0.0022803896658471377,0.008817366297805634,0.01518428895045761,0.0018604165388160093,-0.004403773082407275,0.004233825484764175,0.020107044773212,0.016876139138773994,0.008090795567215068,0.02248051504150539,0.008598659178241192,0.013088576772729186,0.00629656221371457,0.013785079779408729,0.012406042184324007
2022-01-11,0.004401999788421747,0.015240599180156245,-6.578256715655817e-06,-0.0063642615362087705,-0.004583916604071825,0.0055954676764654486,0.003757189366590835,-0.0002908941004102032,-0.000923314614651148,0.0003304074491947344,0.021253510499253076,0.01313439729193017,0.006240818916585705,-0.006444275958537841,0.0011868050784927069,-0.005576943487339003,-0.004213247319243502,0.00279423199122034,0.0007740645781886145,0.0026351331694305607,-0.0074651933383464986,0.02104540994337793,0.007106627846269238,0.008074046588566178,0.010340066421671717,-0.013270558982493658
2022-01-12,0.0027191692464033496,-0.01009355021722744,-0.011107439902609999,0.005065774476695539,0.002358679201840727,0.005021226422709214,0.0015483899609448847,-0.007845235888549351,0.002956741855986822,-0.0041228974410868185,-7.540337073658199e-05,0.013310253212338474,0.020781028944184612,-0.010932869908181209,0.017287100870556214,0.010855139040934103,0.0033636999776250455,0.010088871382148756,0.004448657072711815,0.001567081357740498,0.0026627679047886155,0.0065454061983433965,0.007294059012123647,-0.0010875908410732905,-0.009674445646622492,-0.0059584503121371535
2022-01-13,-0.0028487347328293466,-0.007386623351851562,-0.0056025787724289094,-0.002150898957267574,-0.010206585056519536,0.00388485694905703,0.000326791786091475,-0.00058657781914113,-0.0026914586445428356,-0.010998946204587974,0.00021712047074777066,0.009523355318252906,-0.006240866466480962,-0.00584078286932288,0.008806137137121164,0.0004914274420655118,-0.009345553273916432,-0.013405292141655775,-0.0044899748060563465,-0.016784344775554787,0.017884349381941222,0.008660862667493642,-0.00043407172509473443,0.00024839820783194994,0.005406434267352668,-0.02407598722388532
2022-01-14,-0.0027216014399530576,-0.0030332438587661104,-0.018622218598927875,-0.01607864345455499,-0.00623147942718031,0.013509456147494183,-8.065834788865893e-05,-0.011111054544321304,-0.0003310819043649747,-0.0008217229721300006,-0.01427258400852005,0.0030089697401018078,-0.010307346804907691,-0.0063645067127828065,0.006802328779199031,0.0056200152144547655,-0.00197835339862287,-0.009981745468476438,1.5361595422980212e-05,0.014746979597450305,-0.010911152433095483,-0.006495558637237931,-0.016850471404958694,-3.766628774120456e-05,0.006710500943524786,-0.004731209016692439
2022-01-17,-0.010443343648569905,-0.006456349143530709,0.012280934487881728,-0.009682004601583027,-0.012822105674489341,-0.0131231743637694,-0.006099267220972304,-0.019544265242553482,-0.0050296055550816164,-0.012324520230986558,-0.0073570296679039875,-0.012439259672628074,-0.024033578517575385,-0.017749174623507447,-0.023966206829089093,0.00011484762788366298,-0.016113753988691564,-0.0043891384045100235,-0.001118659409997348,0.017358348879592207,-0.033840423091106686,-0.008745536707073186,-0.026033374851077127,-0.002304757719617978,-0.017194786028080954,-0.01514114186131868
2022-01-18,-0.002019463512049805,-0.002500484887118194,-0.006156655098072755,0.007746127931333539,-0.004020710465472227,-0.011101604510175821,-0.0109590839309231,-0.0038498775258312226,-0.001185993502084434,-0.0008510801466090914,-0.003205344412925933,-0.00503463364683298,0.0013346465639273676,0.003162920338345282,0.018110425616833903,0.010017613930604019,0.01572413897174612,-0.0035893340214862846,-0.008747387252866255,0.010580915587945558,0.011180954567148238,-0.007131217332691213,0.005319670102258668,-0.016600851261602448,0.001193727112056675,-0.0007890554834531771
2022-01-19,-0.024357399056646738,-0.02804792308902012,-0.020843381237117986,-0.013712733372470165,-0.025832522259348747,-0.019641819559543677,-0.011720701481008572,-0.03186807239534692,-0.01418912483313419,-0.02212292807227558,-0.027029001478859876,-0.0188530337949896,-0.035024492881789486,-0.02334141480920729,-0.02802232485942605,-0.010144989662622006,-0.011787578793671172,-0.031303866431481184,-0.02514930477258158,-0.02766223122327301,-0.060967288636634864,-0.025882497310764828,-0.03886087515214353,-0.006476964894559518,-0.02716356286740602,-0.028172805832113207
2022-01-20,0.001566188171129677,-0.0004120210890344089,-0.00859100289997275,-0.004159825199259531,0.013946135994285572,0.001166327107759004,0.0005864019190210751,0.007624398181925045,-0.0028130776409100076,-0.000421564966726178,0.010145271584196647,-0.005639331942628105,-0.012517476120553817,0.008616640763179362,0.014447584167566863,0.004202298480148442,0.0025549259350046817,-0.003693245557042771,-0.0005070204568150796,0.002533251815430353,-0.005591070172557611,0.008326340088539805,0.00398861248244331,-0.005175002482072352,0.015514597454169884,-0.0005854540548896336
2022-01-21,0.005295163311558032,0.0034768347074372596,0.004888620635382994,0.011059880483674372,-0.009606388225491945,0.006618800979955238,0.006062797625956266,-0.002337051183123046,0.007211749991060112,0.0020884871383987876,0.016204469806509414,0.014779269929157457,0.002375767188982685,0.007158378613537926,0.011030322260463934,0.00422664078289417,-0.0015793513624421495,0.004521889359063239,-0.0009858949630347225,-0.0035608488836144487,-0.004653005101970253,0.0004279582355945684,0.013042294478345793,0.013941309453209452,0.009389869103453649,0.012505343972062238
2022-01-24,-0.006568724020191003,-0.009419607478154401,-0.016903041335291275,-0.0015644713567142625,-0.00962188061577704,-0.0037794452700578634,-0.0034983133162726117,-0.009981111914123087,-0.003038038184422017,-0.010171763465319738,-0.0071964140371889584,-0.003773354828940965,-0.007360465462416377,,-0.00571471957215102,-0.0013598395832871701,-0.017217967900185493,-0.00666892050754897,-0.005231357495223882,0.008996133548402905,-0.02128507588535572,-0.01161377019524691,-0.012087166899397437,-0.007930019499500713,-0.003235715342081523,-0.00824223154954154
2022-01-25,-0.0010367229192525928,-0.0019644149350707962,0.00041160234067603535,-0.005837098138005347,0.02236905138585506,-0.0005358758470934046,-0.005505248760065476,0.014853133677344718,-2.561151722999903e-05,0.002392175663948076,0.003924232342962686,-0.0013619075969576234,-0.01815323166988202,0.00967833308794582,-0.012954705484918255,-0.007848575682014247,-0.0019425303481003687,0.006447391923298726,-0.0010202631628049514,-0.00716902232364014,0.004168484352726737,-0.0054635916189547514,-0.014204022118632595,0.00554637704668887,-0.0015726309249522947,0.0025405519212006455
2022-01-26,-0.0010368760877975981,-0.00522115450386577,-0.005558445758980429,-0.005188468654756695,-0.001473458418094409,0.001973302901663094,0.0033075568121678943,-0.002972381604073739,-0.016229631172712273,0.0045617160209811105,-0.007639957901156698,-0.004217579325136431,-0.00456321516840813,-0.004044059330693461,0.02428320221256218,-0.0009092599429281756,-0.005704249687923861,-0.005201629414470457,0.004712383190964144,-0.008431367976096045,0.009644348106059408,5.993556106309583e-05,-0.004708437661921401,0.0038660676594738817,0.00016912360523339986,-0.005187485991162616
2022-01-27,-0.0009321986000115239,-0.005489300092016114,-0.002038575481025003,-0.004882774048836469,0.000651648700303431,0.0031558292696396923,0.002432017766186556,-0.004125424848957282,-0.005076063310416046,-0.003975176667575214,-0.008231721135445161,-0.013275757758603707,-0.0050858763637533265,-0.019232983480575932,-0.03547660860146423,0.0041339333796406585,-0.006274602711897799,0.005924100611608688,-0.0024434507444958983,0.004670269941718882,-0.004357555562814613,-0.002750531662451803,0.008422330292252802,0.004871679427915236,0.010030757917464595,-0.007799441391021011
2022-01-28,0.007509829245507111,0.007658365834035619,0.005436570345422609,0.016903357576625422,0.00235686021509203,0.009700090715326869,0.006009886887706523,0.009163950969362027,0.013092492123732107,0.004194387506181096,0.01751672772445695,0.0041935131167514066,0.004905724444455396,,0.04894045325027531,-0.003474775735688773,0.0009667315277611666,0.015189053481783829,0.003491194530427356,0.007538678494689468,0.0021006571509069594,0.010030916404512613,0.012532308190073397,-0.0023107857342919503,0.002976660476376177,0.012163614089723107
2022-01-31,0.013268145727590226,0.005322882817707997,0.011929699758284881,0.025369911223468856,0.014366926799836442,0.01621125626414936,0.00750486355191452,0.007337896184040773,0.007538058285407608,0.02300508168747335,0.025417315039495108,0.005150573159225436,0.0047138465119051535,0.006852489905679826,-0.0018695966857731894,0.005721191147991217,0.009975751952754986,0.0002694627973738476,0.006204006159821274,0.011927134937542066,0.022359646668853816,0.023503635050137514,0.021197315043033096,0.016571116614729667,0.020031715857981316,0.01950907878585345
2022-02-01,0.0067086602254636096,0.002474922503036725,0.010956268864455485,-0.0042700602294163574,0.006775202640361378,-0.0025498625055986445,0.00415703426859273,0.009778367614308253,0.005131326031395941,0.008328316065557808,0.012498057051460306,0.010033047845380236,0.005694620745161227,-0.0016229575584187916,-0.01506525360521016,0.012736140703813126,0.00857398480397773,-0.005200160607341381,0.006008846023783204,2.602239957905888e-05,0.02960851854762203,0.01868318505749922,0.011895607908526451,0.000581598775268735,0.017386968201551292,0.004893164116736792
2022-02-02,0.013044479200241937,0.012751820862184715,0.0091952972949388,0.03566743635302775,0.015633784885313314,0.016345912590670808,0.005601901127187941,0.024525638189731736,0.0031349009411185363,0.0038245005958660195,0.017066752848414708,0.014214623882261919,0.018895704476398524,0.020889571569264964,0.0003584376575361629,0.016126774227673835,0.026179609554447137,0.008796341099601951,0.00816299735681409,0.007205732026290609,0.013077560300431612,-0.0011024555272218556,0.020409383630489743,0.017697525997309276,0.007151973444524307,0.018007806958226957
2022-02-03,-0.00228869141383474,-0.00250975776680481,0.0022217158128835512,-0.008898458984188026,-0.016556546496550185,0.00393341887120434,-0.002393801382090588,-0.0075501134068847375,-0.0019541375652690285,-0.011744351757810955,-0.012886320258141867,-0.0039964111551055725,-0.001583180403889537,-0.014666662183546758,0.00066589297877237,-0.007230260520087101,0.013706713764662292,0.013150835619846155,0.008659347906129187,-0.002684459131753033,-0.02379746179043979,-0.00321004730655843,-0.008777261121989757,0.00314696577889346,0.0063966901471298465,-0.00837752407116582
2022-02-04,0.002636025537055166,0.001704332117950591,-0.006461087892719139,0.006475580459254981,0.0037036624866526664,0.00644704206954254,0.0009112599377073816,-0.006635806284318813,0.002303923016900871,0.0055509140474411245,0.0013210349231849345,0.010196561997852618,-0.0003859885914784665,,0.006122982405518632,-0.0016577883987680953,0.02077216233294348,-0.011103614716209529,-0.0018635895648754846,0.005279305628826318,0.00336148061388028,0.01273059190934662,-0.011206776506124236,0.0023468430993615007,0.00723986296525987,-0.00560607362303378
2022-02-07,-0.007456005507384122,-0.0056195115152771645,0.001405902003798587,-0.0180035205792405,-0.013141077732526582,0.00016049803260155318,-0.005129140189109617,-0.00927197705512963,0.000680340651803113,-0.007269330592187445,-0.0075036973980610044,-0.012550718394392459,-0.007520790232516148,-0.006735338305143251,-0.0232990504629826,0.010666869586082595,-0.009719334812062408,0.0023494282937626815,-0.01354235635605473,-0.006701018619836536,-0.01006865652729022,-0.010929618962054577,-0.01607018797085794,0.0019491371946430299,-0.001905876154579907,-0.009387679758085826
2022-02-08,0.0003318775435895817,-0.0010105203762288406,-0.008097369267011462,-0.007491824660099367,-0.004189302691242833,0.002598245480353617,-0.006688666329743714,-0.004268388018714855,0.003672261396327433,-0.007339249556785239,-0.0006372710431895764,0.018977423951487153,0.0021207590388890975,0.041657410925891,0.0024396790334176577,-0.003842247333649157,-0.006805651373667454,-0.001177558450429203,-0.007319132204679601,0.026688129204008093,-0.005995656739142874,-0.0021211404000592337,0.0022046650544582736,0.009461778641076135,-0.009266333179815798,-0.01160599302204221
2022-02-09,0.009037509511563258,0.0070508200988774975,0.009051147904563753,0.004453849219695427,-0.002008921149314652,0.017873674420806993,0.008241451329549575,-0.0025119654805151417,0.005032403481636345,0.008406998484587203,0.018490714635001442,-0.013267995794579268,0.009772195679884193,0.013516001625175605,-0.010456950047645672,0.008592365516810474,0.011944584282375515,0.0016749618829830087,0.002788261041421836,0.027586531278212385,-0.0030425193695130526,0.011582780940734201,0.01571004632115806,0.008275428993514607,0.022281495215364225,0.00660781274751443
2022-02-10,-0.00281087365988067,0.0013889401707937732,-0.007627459557091638,-0.018939772834127556,-0.01044904666020015,-0.0033469813014508063,-0.011391247490195437,-0.0070197272784719485,-0.0067701159120752774,-0.007755587891438345,-0.008250196784644781,0.009978101557213107,-0.0028526657673366602,-0.007001905513664197,0.006147139672462799,-0.008399409542609565,-0.011060843515706846,-0.006079688673092221,-0.0009694710882100388,-0.0023329330854108105,-0.0069198405143877095,0.009412285108093943,-0.018704067691942106,0.003513041747050994,0.014342453343848002,0.010655648426863507
2022-02-11,-0.0018050231688238028,0.023837027860079168,0.001701874487546301,0.0015692010492113439,-0.0011972636911447084,0.0011298555472162976,0.007459274807748585,-0.0027610732614232747,-0.007547566419996797,-0.005377861037417757,-0.012368836782698622,-0.0023603328443903135,0.007156602127816469,-0.0072939056711895656,-0.03925188381880565,0.0013585499554212288,-0.014705348544678653,0.0011952985714710068,-0.003436629230377735,-0.003126506274392387,-0.0052969494099840975,-0.005328417289684399,-0.005803762609388282,-0.0055061679815067485,-0.0025859914814903486,0.014007165587957171
2022-02-14,-0.017509087422106696,-0.025718594255069893,-0.021948736097056262,-0.017237017493160978,-0.010065299754865874,-0.02175636673551083,-0.002566454836101256,-0.027173300344374495,-0.00967615527549485,-0.015706659951828256,-0.035493730817639846,-0.01301594794687308,-0.028790485853322095,-0.008640798355998569,0.014371712573073805,-0.0003095099622627273,-0.01674551359247408,-0.015040208187888843,-0.00919020809761606,-0.008305204211033201,-0.029053977003881404,-0.014971327397575545,-0.030306893275773978,-0.0177318160627354,-0.03638509940268577,-0.022148959165125964
2022-02-15,0.0039712213682378174,0.01649916225660153,0.0009124973829248428,0.01993239564904905,0.011683883659176893,0.0009747933730400435,0.001182774080008181,0.001780302713455629,0.003145917395336447,0.007432305046680717,0.01913409729001747,0.0023625185054948336,0.003287557862886903,0.009289719176979988,-0.00026097250598529353,-0.002393045303288238,0.00414826804151004,0.009932849218493994,0.0021094767881773744,-0.006766624321332648,0.012430212969091636,-0.005947933014448982,0.026927257250590426,0.0012186556160506776,-0.004190615913765659,0.005101904340492375
2022-02-16,-0.0007737745494329,0.0009230429547153029,-0.00932512891163062,-0.003826005704535803,-0.006707820834054412,0.013018870841698246,-0.007587988854273777,0.007091182057123825,0.001379113151524693,-0.003534628874698236,0.00029343940509315064,0.004805253023504327,-0.004766564310603884,-0.01249850539570918,-0.002385003920572409,-0.00105780087282753,0.0010451484698844604,-0.007038133952466029,-0.004372211935582065,0.006656901463446195,-0.005806525112195676,0.005520486544735076,-0.008382739830872957,0.004053770642860884,-0.0014344872314558327,0.0004377322593027977
2022-02-17,-0.010782645043210793,-0.0050014735544760824,-0.00607770281350456,-0.015805432242396677,-0.004576365810810223,0.003488534877214502,-0.009344955495662782,-0.015260165759922294,-0.004782998049193402,-0.012623422145741223,-0.003352429087767339,-0.014980089086878569,-0.01976368449074802,-0.003953143675377617,-0.025985696049163193,-0.00018928022798445077,0.0009022066903879189,-0.0014270410982286097,-0.006511887148432177,-0.011552052395679644,-0.013732464265913985,-0.01675726501499791,-0.012015487491184008,-0.008092658951411771,-0.032141244073946806,-0.002079677912341704
2022-02-18,0.002611687426941606,-0.009401756847239184,0.007706410200746546,0.010268952172745946,0.0035635072922654415,-0.00440851480143164,0.0041934952637607496,-0.0028910250413103633,0.005904212408030803,0.002908001225733028,-0.0005251544065993929,-0.01933431813333483,0.014324515538860686,0.004782934623987878,0.06385563153166685,0.005535707188967454,0.025521860556626707,-0.0008830586122968086,0.005770198980918412,0.004394258054750522,0.0043890673737018715,0.0032862473478713276,0.00037987701314091363,0.00014858476607517712,-0.00650019025637964,-0.0021135599375395886
2022-02-21,-0.007262364818811558,-0.007758714066690696,-0.010817319837189634,0.0029328482946033665,-0.013965823505892816,-0.007838616375562555,-0.007969942075370672,-0.00504143464100897,0.00025928564687766845,-0.010376136926471356,-0.003943233678074809,0.016879433912446107,-0.009427375424430234,0.01340920928014569,-0.004092802435580507,-0.007581213994144853,-0.01847259072032753,-0.009891856555134249,-0.004807513380901919,-0.009551063997910423,-0.016649293140906074,-0.012362900165660847,-0.012335838206969681,-0.008766781057505828,-0.012026821311380881,-0.007815134502086984
2022-02-22,-0.016846428607351974,-0.009621009542568035,-0.03466580455994098,-0.0037414616690323753,-0.017845011883926884,-0.014853375036940633,-0.0032516809733323703,-0.025652651958662256,-0.011640952535338431,-0.015219702090166673,-0.017765474203114084,-0.00044233385012034824,-0.026297342010105446,0.006389103727134388,-0.04374636611724059,0.0019721360260433196,-0.021165743574356844,-0.010259105826303044,-0.018999861467154277,-0.025647440471279228,-0.03141445364109882,-0.014382433289566954,-0.037940822227946855,-0.007770772959672635,-0.008241280354179436,-0.015480256153264593
2022-02-23,0.002837670008254826,0.015000377185349682,-0.012257463038405358,-0.02521588662128532,0.018689072319506284,0.004795146325246286,-0.0007432296096211667,-0.006139327439618564,0.01758805047304362,0.006146770700601791,-0.0005323516786500856,-0.006958301758097477,0.0035218949127628113,0.02351951156682049,-0.017153028304264198,0.0010465532637659036,-0.008439983511366187,0.0017956357234965026,0.008641448520127248,0.004592857017250241,0.001060854590140603,0.007832634552189641,0.015270500819322122,-0.015041886977385219,0.007456531520946503,-0.01453345951787724
2022-02-24,-0.04354515997212071,-0.04675800469109224,-0.051858027074034446,-0.04396447450331864,-0.04716468423517659,-0.04249154444690466,-0.02307918674016623,-0.0593199800980262,-0.009159198261443815,-0.05092338419486181,-0.053564972807688904,-0.04124860535928044,-0.048853539172914365,-0.0332929312769088,-0.04036298546417531,-0.015402988536459633,-0.05278378541736047,-0.03273334347663359,-0.0373134448824057,-0.02561045717768865,-0.07966083634737897,-0.03762626207956441,-0.07004339473523553,-0.033504010539626684,-0.05958875045423786,-0.049391194909679664
2022-02-25,0.009097888796474923,0.019700018099209776,0.020256849395182464,-0.021053731620894495,0.005113287650341314,0.010881624780891337,0.0020508258818040027,0.007486836849404738,0.008307465664716058,0.0037617695664431115,-0.0016725664807421547,0.01953028055271028,0.005082502883489992,0.03555238294777391,0.07231499220111384,-0.007489668327938487,0.002242976060775781,0.0029616090515312554,0.0019841930790728602,-0.006000145931214665,0.00687905154800833,0.011104925850883879,0.0007161503895883722,0.022405435495069886,0.020416380796693803,-0.006768540143940072
2022-02-28,0.016047744626060612,0.016948702644597295,0.02128217048175085,0.009836023825339546,0.016092562848727288,0.004846503906739685,0.005658733799241611,0.0167099822726292,0.053836858990044166,0.018722457993109166,0.025025293121915777,0.0038962279824660898,0.013996360948734979,0.015830099811788845,-0.0008595387840670821,0.016540064574617708,0.02077570961712521,0.014740218371402117,0.009063165827552795,0.00687462300230997,0.032858703996241634,0.007122269836077189,0.03340138587351419,0.008421334595535783,0.028679004154518253,0.01701818750751799
2022-03-01,0.012872082766925247,0.016150853260223242,0.02004598241622796,0.019790578066702015,0.0008078272743175486,0.007856274310927046,0.005865911534356327,0.013196718603198326,0.004274866416346287,0.019369565760134082,0.013151555711056381,0.013370927537735555,0.03200863514329395,0.018452107978160714,0.019772697188597754,0.0278831971913977,0.015339328520844717,0.002292240277410193,0.011849089677736412,-5.094480939780789e-05,0.03741847525258962,0.017128712366671607,0.03608693240171172,0.005734822597756224,0.006745849939276067,0.02145722244160697
2022-03-02,-0.007111906993797632,-0.010343068275544345,0.0036918471770852335,0.00025132460212148877,-0.01234827689500731,-0.012123208188947632,-0.0022015879394728464,-0.012879497442931978,0.008017737832101437,-0.00189987200924212,-0.014005196239308756,-0.0022576940614218075,-0.019008247136167434,,-0.022933995756521077,0.013505237305970197,-0.00679158646148601,-0.0076745709298289555,-0.0013797817889134034,-0.005699457180700672,-0.021372577119316172,0.009316241934284025,-0.0025747258312096405,-0.01468529108061633,-0.017400659724583427,-0.005009190637197208
2022-03-03,-0.005747201273792803,0.005927399473835903,0.002281725769528834,-0.02552150233983556,-0.015982048390468063,-0.013512637604520213,0.0027983609478847205,-0.009969875767109402,-0.0073787717123084485,-0.0028651057395592937,-0.010157204139979578,-0.017983144438711185,-0.002416975745972602,-0.002579792640829748,-0.02516613218666519,0.02491940942133819,-0.0014705911133397476,0.0003204735784739787,0.009273547174909247,-0.0039135596435185905,-0.012866000951988033,0.010140449842877926,-0.01097096951591012,-0.011994687932879652,-0.003382893072136037,-0.009663914716509403
2022-03-04,-0.004134583012818619,-0.010505309332953584,-0.005165243244051029,-0.016607321916613987,-0.001835963701071995,-0.006926936683607136,-0.008274149298946005,0.005323320286051233,0.010483316084003087,-0.005029883128901751,0.00032442901356949383,0.003946166880745427,-0.007434372145487942,-0.012275429888376635,0.028280067702302212,-0.005053765376518526,-0.003992089469289651,-0.0008370194024311198,-0.00828253367929331,-0.00461730378863615,-0.00753469264809567,-0.009406984128593901,-0.012177618047371932,-0.0016103348485537934,-0.016975139842239664,0.019546961222837667
2022-03-07,-0.035616771223492855,-0.049420365655906906,-0.046057908363532685,-0.057767522290573116,-0.04719702794465835,-0.03754648516590378,-0.01692137580798004,-0.04173203516344571,-0.034770769201353295,-0.032064081583514564,-0.04531480525592744,-0.02052380275005296,-0.04023841565573418,-0.04033338619943491,-0.029142204127677915,-0.01367877403378645,-0.05230393491648546,-0.036662067058479436,-0.041342923781528124,-0.01838864797963437,-0.0615301128132644,-0.01886779207343323,-0.05565768962095758,-0.028533638261382117,-0.04178852775356991,-0.03985323481883607
2022-03-08,-0.011287897411188255,-0.01904589724661882,-0.011209589847274715,-0.025571830913588223,-0.012088042129594384,-0.005575231474246192,-0.007916890629072538,-0.025596226020702228,0.002695284414348742,-0.012341683561229829,-0.022572289225475384,-0.010367661230265708,-0.009666719539431429,-0.01643032854519247,0.003286316707866788,-0.011212806344685605,-0.012448490287499071,-0.007226907016622652,0.0012155051453575589,-0.011663915731143473,-0.01698327545874953,-0.003166363729533981,-0.022162998395233485,-0.027281908251948168,-0.002028719166246265,0.0086670665805543
2022-03-09,-0.0005800486761898534,0.005999315253226735,-0.012542211262013242,0.0017460300637701875,0.006824949131786932,-4.5376515130616834e-05,0.000815822352005674,0.008084530271323881,0.007958605762833979,-0.0029345088342093034,0.0044256648523378446,0.021215975536390173,-0.005665771735231829,0.002672508763314004,-0.014747125276936094,0.0035264859212942312,-0.0006915001081502115,-0.01012861391822506,0.004086931986740339,0.014864686160841427,-0.010652004696089984,-0.001778712210204721,0.00019230640720514978,-0.011023437748762941,-0.0025271019827204735,-0.015534053890454647
2022-03-10,0.01736692514653587,0.02146083381967785,0.013292922585125544,0.010598000239392303,0.05293773565813241,0.01887281517989873,0.012747878705010462,0.015203018168221588,0.021950746565545458,0.01019710411330868,0.02420382361871139,0.008292827885670144,0.020865054816098898,-0.020928919373153304,0.014916015996459664,-0.00033802166479379725,0.015116898558344216,0.01611819621787553,0.008535592914606026,0.004691444985395572,0.02133243870500784,0.0036808837741310607,0.03245026854988157,0.027786947727478223,0.011133012375737932,0.007716359250413751
2022-03-11,-0.004624217330964947,-0.00910136418756059,-0.004051423505470069,-0.010101802067441556,-0.004377832660024526,-0.002825383309469317,-0.005336285297135724,-0.013897313950094692,-0.0007085821298148229,-0.01294495768130861,-0.015488842832534433,0.011954922733214279,0.0011277965083699775,-0.036203273691691934,0.03720132427046948,-0.008030254317927338,-0.004175595057844015,-0.0005260912410957885,-0.006727020544850776,-0.0058788602884016295,-0.01480638316674121,0.005974666982530463,-0.012004708686675533,0.0019439483650250389,-0.01145790274506137,-0.009807726961179672
2022-03-14,-0.016037786474223357,-0.02108660071872105,-0.011857114293009952,-0.022784962948776254,-0.019384010899464912,-0.0198212201546173,-0.005755169986315335,-0.013802668812077397,0.004908489736496617,-0.03354322340887138,-0.008185003583372466,-0.020464017682286527,-0.01345174118800041,0.026393536371724813,-0.024536910549549776,-0.010852768686595543,-0.018804860696244183,-0.012799622375377144,-0.007305960315163437,-0.0008428915178480246,-0.029825974255520887,-0.013856601646692454,-0.029594128446388517,-0.021462259991870486,-0.01913602090057432,-0.019683515449415157
2022-03-15,0.011409790921240464,0.0213950278925334,0.012362930994495832,0.026679342719322652,0.014252802128774437,0.009738732426151857,0.0040747709296177215,0.02690651056298334,-0.00015535890269562685,0.015860197140784443,0.02062718654032884,0.00508932409438761,0.0033559869649589734,0.03556665094822764,-0.004435306132234182,-0.009589835983394107,0.017338024888919536,0.0007615820337682627,0.000958620096623175,0.00815460467631369,0.02912419905475111,0.01953500452394844,0.026344962106173746,0.012179139931497107,0.026984172992357038,0.0027231805584719826
2022-03-16,0.0094104886343774,0.0015910270697053973,0.015892867303504872,-0.0015353718525928928,0.02517975991349491,0.0043453964603106425,0.011126929120558859,0.011573528321027085,0.01185754485774899,0.013914207091360107,0.01083884729935856,-0.005354920416523819,0.017576144659429208,0.04542624942348916,0.03572615352206043,-0.0024220769429479094,0.0016011034244864941,0.007437164869383034,0.001284528784603747,0.005070832838074373,0.007673969612248033,-0.0043714777173085185,0.0038109073221030726,0.01967607889685142,0.0009914143984232566,0.007528320877157685
2022-03-17,-0.005166182453553231,-0.005060521662805326,-0.010274778124536588,-0.0014193322228700327,-0.004401874846227919,-0.002460067017379298,-0.004294381384432518,-0.0022303296870778045,-0.004535515874082944,-0.0008082227475558691,-0.006813563125230719,0.00998904435608087,-0.0004389219298175318,0.0027157909551688655,-0.02608204682398363,-0.010032411675566372,-0.011698770369408152,-0.003563994002918828,-0.007934441882373324,-0.0009752488682285715,-0.008312277223894105,0.0016119342066079217,-0.011185897382334402,-0.01629372576457102,-0.017276012383354487,-0.015498453523125205
2022-03-18,-0.023099687915014697,-0.02242389983343381,-0.02921132429467821,-0.007991951715630293,-0.02467238559388033,-0.02051666942848484,-0.010592843120771989,-0.04311318276052358,-0.005944967559908254,-0.02237686429280293,-0.03974551776780568,0.007444652651952345,-0.035489223491336166,-0.06095489194680345,-0.05322697898012244,-0.027098520554042188,-0.03552578607619937,-0.022445831584284797,-0.021323259982238753,-0.01750929527073611,-0.045794200684154934,0.0018036633950507114,-0.04846473256721575,-0.017763608602162778,-0.031192950278127844,-0.002093070387472834
2022-03-21,0.003911218288488534,0.0013143529019094546,0.012028792966680931,-0.006985372110790267,0.002677626591401097,0.007794533420990631,0.01386741432621424,0.008960755911459983,0.00562032468460083,0.002366623488597841,0.002198879039673418,0.00312918740046058,0.0073613670430162925,0.004874555696328886,0.005869456819463548,0.004833202041201634,0.0041799589328826,-0.008577169331242696,-9.548329851130632e-06,0.0024154319483391954,0.0063365594037337325,-0.013541425531795187,0.00238780603513273,0.009244749363837141,0.006068243270752957,-0.005928527368560338
2022-03-22,0.0023871553732470628,0.00382395667541284,-0.012207836797069303,-0.010100928038792034,0.003046595208241458,9.664068388641478e-05,0.00417506506727549,-0.0019566503322946184,0.006650848808387558,-0.004058855270057192,0.0029655696398679008,-0.008329489467945412,0.0045721584294640925,-0.000708578983443305,0.009874035619981097,-0.00505713529002122,0.010783670611547539,-0.0005713055903895509,0.0021851053474357452,0.011423191425582423,0.0024141293272346154,0.0020938468212193806,0.006997964227635041,-0.004117252663984042,-0.0006442002551523274,0.029126761725826483
2022-03-24,0.0076661355559300825,-0.002143478976312791,0.009840985048157983,0.015858450409886694,0.008003356460546103,0.014219487706638976,-0.001013771970367479,0.009553852653988348,0.012766731047732497,0.002935801755537309,0.003014605607817004,0.008542014765208026,0.0011745103332958201,0.04407473783461432,0.04487833827652313,0.0065592842089797765,0.013920509700302463,-0.0059620987813823745,0.00680100766563416,1.6960980897198561e-06,0.01963676726119995,0.006929518693811964,0.01801467071231613,0.008784675912905401,-0.013927724092671085,0.0208811416116593
2022-03-25,0.005908210820527787,0.002174206426220382,0.007564263248675522,0.004850357993963254,-0.00034472998140633315,0.0002635352838107202,0.0030086532594826975,0.011741086674920454,0.005044636234505383,0.0005849239540646919,0.0009047666184392825,0.018244080876600906,0.009341489563549616,0.017069116393550687,0.014100861360494862,-0.0070575012958264405,-0.0028455718462997437,0.00772562666367646,0.009612875398517417,0.007293900866221194,0.032165228317078354,-0.0033830457677485417,-0.0010304775450507484,0.0029193011591471807,0.005892686169830471,0.02409954780218343
2022-03-28,0.01278575285952402,0.030667101509274697,0.02513498249511474,0.026819864531016546,0.022428321554677957,0.006187288877225777,0.008811962114956542,0.024561178615673807,0.006610272918081679,0.005696886356388924,0.015091650112540267,0.025468797080282515,0.015148118014752068,0.004257781825677191,0.016624759392838553,0.008114775838399396,0.009583353858385317,0.009695113844063422,0.02553634254119652,0.001364281335542154,0.009597041558116248,0.005822091257729312,0.016466123115831732,0.006215516441241564,0.004459647171677774,0.0011542548676854725
2022-03-29,0.015462724081292189,0.018298997855312672,0.002885284880368449,0.03528479219348509,0.016676967128794913,0.017311293788356736,0.005624410231429981,0.02204540789560014,0.004354049993206448,0.014046684190599333,0.02825259227302405,0.012248837986051943,0.01727448823600246,0.008336937295126995,0.014703474379040848,0.008040216677805967,0.01525422924000478,0.0176292911534644,0.018627894224961628,0.0247328046019138,0.023647826045001208,-0.006129176744096641,0.02236945899572207,0.0071658224870919185,0.020746325311939495,0.00625506739702994
2022-03-30,-0.0009172089347880039,-0.00996851540805821,0.010081571185401206,-0.01679560229756887,-0.003854041005437984,0.0030102603993093337,0.0057004113016729365,0.015544260459545177,0.007596081952112905,-0.00043714377312111435,0.02215249835557348,0.00012398945803055513,-0.012239382838230029,0.00761829202037545,-0.06525853720051049,-0.009188310247391557,-0.008407693466468722,0.003143698113278817,-0.004899983413834896,0.004561140386536814,-0.012662523383663277,0.0022462006319737458,0.007277335600054058,0.0025960926004545077,-0.004069964797750295,-0.002058211625615064
2022-03-31,0.019251841193827578,0.015788946181621764,0.0013004237321070922,0.031006748466033074,0.01355200567470242,0.017697906286042647,0.011755048608768226,0.020250036366467106,0.025263880340463563,0.02064472527102654,0.03799965910421913,0.021477845540118806,0.023031895238204394,0.015546744768927553,0.012141286271356605,0.0024021534496291297,0.01706067860486512,0.02144125637352333,0.007832551845297242,0.0159735003256042,0.017407941489190226,0.0003512129428447086,0.02651650390418638,0.025539462548587306,0.02830472229488242,0.005749616903255983
2022-04-01,0.002657254761835253,0.01570907563004311,0.007042851772897832,-0.02708527971641289,-0.002835052408541793,0.004977089522451487,0.004678899447955695,-0.006877472097354657,0.009252755481966754,-0.0010048593355773251,-0.002358890291281427,-0.01133226801803264,0.010935617050276658,-0.040849249471774596,-0.007063538246329493,0.0013213607044655074,0.006313782962681369,0.0037784858484016803,0.0012455064698753237,-0.0021949932874072518,0.034710479030034436,0.0003360645034746151,0.005433741191653653,0.017480046325533214,-0.0056312916804036545,0.001943190337484857
2022-04-04,-0.03272585954275168,-0.033753777586616254,-0.03114495854261086,-0.043871228867294255,-0.048262934926420156,-0.02234083636270745,-0.034129509888567056,-0.04419452578585028,-0.031520189338014544,-0.028587192377780728,-0.041948224601795335,-0.025803712113412647,-0.04066570194151035,-0.0492159557018819,-2.4426240594307053e-05,-0.018809049304267522,-0.03840928583803135,-0.030392328561636456,-0.00733530857978279,-0.020490096245125277,-0.061935849484677286,-0.017526615540758562,-0.04782171882069047,-0.038336941270574014,-0.04075631549005373,-0.026707995002768437
2022-04-05,0.003518430775421533,0.001922702944365906,-0.0032323049584793546,0.004912184660553365,-0.007639278159587078,0.005535754122882493,0.004908765913905797,-0.005057203844608666,0.009850231448539042,0.010763723169306154,0.0066375833662274215,0.014171726765737651,0.023366189310561204,-0.013913585809809947,-0.004940619198931222,-0.008034740613044933,0.004359284430878481,0.0015264636178060204,0.0013398546761169139,0.012402562946365346,-0.006446234304389231,-0.008855440559501803,-0.005443092481404145,-0.00407426665865226,0.013094119502690738,0.000803729457279162
2022-04-06,0.00542546328604435,0.0048795155356053275,0.0010570849905483673,0.022557298496528766,0.0036398693836149428,0.004785630469730677,0.00472801806536348,0.007062227991152142,0.014573778948586432,0.0025194250997979117,0.010115670307581351,0.012624273458011138,0.00529372239534664,-0.004387856855787187,-0.028182521003933945,-0.0010594065542098852,0.00444856248341885,0.0024122526238595787,0.005668185753906818,0.0038488158565939293,0.01176799663140271,0.007164563955463832,0.013378212644222762,0.0014273912033240799,0.011661366079105858,0.009577516510174874
2022-04-07,-0.007647193807235522,-0.007162192774658867,-0.005658263960424533,0.004657861949361131,-0.010349200540093466,-0.0036210344044639723,-0.008302220957270534,-0.030758677177470235,-0.0027330471895978654,-0.02119392047533119,0.0005586754934633342,0.004762670235228093,-0.006444442056490961,0.007180077232889159,-0.024801422009325835,-0.006589296327421668,-0.003952931792690339,-0.005085216992073649,-0.01728492042680522,0.0007586817053361574,0.0012265347204275523,0.008747781467233392,-0.009736943381416143,0.002628398648038858,-0.026505282567054554,-0.0034174706236734798
2022-04-08,0.014914276923587889,0.008648646401614939,0.009476820805825,0.0016835658012401612,0.010747545239199126,0.008281848498879996,0.0278936393260491,0.005736692405195569,0.015241247244464138,0.005435993675426824,0.0178894263904672,0.02034650024334984,0.01566273428006233,0.015119545893679837,0.024100356889369783,0.017137358886918752,0.009584140677251194,0.010433956627485502,0.006954233952144475,0.006574043484118104,0.04399192455669615,0.015014178845602558,0.034548426405596425,0.019787439823484475,0.026422117911723265,-0.010582599431279927
2022-04-11,0.04424013274503002,0.049410630504306406,0.046420302599985225,0.02689050884932877,0.05392154711919783,0.0427290005685859,0.03568671008920501,0.06445901700498245,0.030850209716756165,0.03873793704095153,0.0577980785837184,0.03356318936270012,0.05319889313162277,0.050706407573429646,0.0215102232152503,0.024096197366526906,0.045162616685876136,0.0434448221923453,0.04567450451430697,0.04099712761386148,0.09504908517582522,0.013051646671526806,0.08221713409137156,0.04675622374650159,0.04024033503690092,0.06843712181272676
2022-04-12,0.0026278197832477227,0.02901117355954893,-0.0034335919366004697,-0.003672022199810487,0.007208355360811311,0.0035000906525271894,0.003136316193549675,0.017789167599350657,-0.00966120794938525,-0.006512378193974427,0.011416417310344429,-0.0042122372569653125,-0.002741536569951543,-0.007992284179109577,-0.008621877457844679,-0.006283519426521278,-0.007511212173866941,0.01109362123901382,0.01534637878958458,-0.015225489524475786,0.053519020805484374,0.0009075681148368181,0.024305823367236412,0.004306395761950792,-0.007883815108313335,-0.0018459199280835559
2022-04-13,-0.007369845761833915,0.0025998369244915054,0.026359082419058013,-0.007595270997003578,-0.0189737232219538,0.002378286060854159,-0.013746546571558832,-0.020077804817410533,-0.0016962494552181637,-0.00944244412781809,-0.003957773769358797,-0.004882312048612094,-0.007062049307846903,-0.010812354201006735,-0.0030260663333785964,-0.0017963653896121146,-0.011715918518424177,-0.004714680342919747,-0.00486538486930157,-0.004713003831247517,-0.015315949303586762,0.01185376942921243,-0.01173042564322627,-0.007527859526590686,-0.012095182945712844,-0.01315550102487556
2022-04-14,0.0068050828055850774,0.02074009215983178,0.0017781090475436079,0.01117334524505803,0.01894836299541465,-0.0025706157827021367,0.005951614278910374,0.005001741403069698,0.0038486204194303803,0.012966364037329838,0.0066302448107412775,0.0070094593716330976,0.014759023055735159,-0.023865179091885163,-0.014472776139643944,-0.0029693630370800916,0.0015606798077026302,-0.004220304331424091,0.008638635486506797,0.0004191951217407973,0.09632947587850937,0.003000513433425696,0.0031933692345086995,0.00220946353957198,-0.006427342824231715,0.028398171259627458
2022-04-15,-6.136296259849953e-05,-0.0077516370322781025,-0.0006258059152698947,0.001910527970326222,0.0024030985531914573,0.0012095199509479376,-0.001975432487143397,-0.0010167776332209815,0.0025430961658744794,-0.009344120332099167,0.00915560100415034,0.007940285943099257,-0.008047738852420468,,-0.030370375024404705,0.004777021191900377,0.017065518430856748,-0.0005968491302209278,-0.005633904086914032,0.004176747044812198,0.009107324448685589,-0.00010353572924319417,-0.002449712699894421,0.004073822727481586,0.0033872005852088605,-0.009489268932867584
2022-04-18,-0.0066056747149838115,-0.016726233885815435,-0.009213327237037177,-0.0016597116595634454,-0.009888262277300004,0.009879674002303739,-0.0069717360114470075,-0.009795083866434342,-0.00048535220030111937,-0.010963762849517186,-0.0202528376599575,-0.003554052368576387,-0.0006277446440159743,,-0.008876509710526692,0.04207161404336757,0.003126546584626534,0.0017687602061589591,-0.007000587815665005,-0.003452640710819886,-0.008159430907094922,0.00036601750570997016,-0.01597327014543575,-0.012242150019870435,-0.014244719502129766,-0.01848904825996463
2022-04-19,-0.01290396952606636,-0.002452269682831792,-0.02798213983382972,-0.005414234091395649,-0.010446256321583317,0.002383556016144665,-0.010860226105472326,-0.016361681298055975,0.007492294686496481,-0.006900757297840442,-0.022043341020206237,-0.01622986671574147,-0.021421136567320632,-0.02925873644374022,0.0017291022431729641,-0.013658962571922673,-0.015355584105335317,-0.010182268032044917,-0.017287063566177718,-0.011863590774763528,-0.048258191039005804,-0.013102451070355136,-0.015066886607115495,-0.012377603898935666,-0.017293604319108067,-0.009407478441107009
2022-04-20,-0.007309358981203162,-0.005644254487721501,-0.010297902757570667,-0.01985335116855571,-0.02301030441219097,-0.005291650650408355,-0.0046034865126937715,-0.018393739275346554,-0.0038843277414349264,-0.005758632193096045,-0.0025313139141573218,0.004592408678765473,-0.017101641921367452,,0.014112612710957807,-0.01287234842198881,-0.014802827496254747,-0.009563762805724447,-0.01775156994142819,-0.008422776309387996,0.016322985023110748,-0.011714407145943653,-0.004497689182011948,0.0017602682635061864,-0.007971885122233577,-0.00960665336220548
2022-04-21,-0.00626087755312152,-0.0009600145236895674,0.0026694242104113863,-0.012057555639426454,-0.010299020093979872,-0.023067271205684334,-0.0074277665212379995,-0.005586655130726916,0.010730343455666333,-0.016188287864546395,-0.004299433796169094,0.015018276640949837,-0.008133480197969674,0.004566758171691758,-0.01326371870481187,-0.007819459699405534,-0.012383814459431609,-0.0006097690853812557,0.00014125889950168866,-0.010580302215732574,0.025555784199170095,0.0017775535140928445,-0.006046144619651293,-0.005601345906619145,-0.02550283154887844,-0.004137325631858008
2022-04-22,0.004106281533029893,0.0006115308427426136,-0.00037069692512571784,0.02914328857065269,-0.006178351385019306,0.005938230864525422,-0.00699534400502389,-0.0036520773328155474,-0.0004962552135782434,0.00846399061882199,0.015464428915360614,0.017121631114764828,0.006158669152411235,0.007874177179215097,-0.002710030342345765,0.010705832316374342,0.002239287513075536,0.00761373856133607,-0.005799281354937957,-0.016972909138677602,0.02369213487928362,0.0026090426534901754,0.013102002300552576,0.003697910502993816,0.02336409153337092,0.022365981900973775
2022-04-25,0.00021343469617535736,0.0007415085657958232,0.006043097593603187,0.005832699391413132,0.0036392038297164975,-0.000665793836191586,0.0049198476801253395,-0.006666803305792279,0.012544318429287224,-0.009536292828390025,-0.012040911262248858,-0.013924943173124111,0.004475156572952732,0.025215764518811856,-0.01759179029207063,0.00849297054757675,-0.0006577740007281841,-0.0028878045762293914,-0.004694025297269626,0.014830225177560172,-0.019762023940462947,0.015764411310539916,-0.005603062244745739,0.0053104312061879825,-0.007647693867573817,0.017511000249199882
2022-04-26,-0.010797692900777355,-0.016406682066327487,-0.017660841931746312,-0.012035233743815543,-0.00868228957946442,0.0032799007072921225,-0.0012758661329018317,-0.017619103058473383,0.0014614919512798696,-0.007240658247580983,-0.014279887547458089,-0.022709963293221523,-0.004681720855353116,-0.006183769774657399,0.00028037844241933307,-0.012525510458569616,-0.010126621603441946,-0.013132022724686054,-0.012457314901119756,-0.016871788763788732,-0.030238175043582033,-0.01413253686466499,-0.023694937012275867,-0.0001068719122094978,-0.017886190500713415,-0.008450075825743503
2022-04-27,-0.006376663213488656,-0.015910993847834863,0.002012793462012205,-0.011228587729239315,-0.006029491589107483,-0.011894437199605956,0.0025469327641100734,-0.01501986969910058,-0.02400748549402208,-0.007148431316888489,-0.00237457001334009,0.004931250709446083,-0.006125974457472708,,-0.0030500766350795966,-0.0005042107670878981,-0.0031891161643138074,-0.006454838314094977,-0.0030553990429979306,-0.006007938002372389,0.054952216734649284,-0.0003828337289162724,-0.017982973401609013,-0.01189013322270572,-0.014910339581660437,-0.0030607750015291257
2022-04-28,-0.010313987215160707,-0.008201976931014886,-0.012445712422308478,-0.003242810560461699,-0.011928131759994742,-0.008353834820638326,0.001095580185951861,-0.01287409931285576,-0.015755591382871675,-0.020701904368405737,-0.01725507014946137,-0.016837508923938333,-0.006726465250128333,-0.012199116109507043,-0.008550539531838597,-0.008700278746610168,-0.009110417461774956,-0.008682501666499212,0.005925553441545483,-0.016677571946435547,-0.023984344121575907,0.0011493588505404235,-0.022208228363985623,0.0016049868786202884,-0.02417968834460924,0.017708395966931245
2022-05-06,-0.006596933199534696,-0.0008933664830026444,0.0024026452537893317,0.0018812466646807025,-0.026217340691961327,0.007669971543219847,-0.004678067079614589,-0.021222434698206002,-0.003715538919532183,-0.0037066751059542874,-0.020188555138056914,0.011403737899907304,-0.01802569523118341,-0.028110455983411813,-0.01463852947197229,-0.009401851818346657,-0.011209448547762365,-0.017005937124509457,0.0015655141211271095,0.00034796510949964513,-0.0449382122381351,-0.0038006386909549272,-0.019618007552819956,0.004194882061381958,-0.0036731503753277975,-0.0045907776718753235
2022-05-09,-0.038289818193256865,-0.04367703054296873,-0.04789394114937337,-0.035342002383882354,-0.05397256136052872,-0.028723700692872667,-0.02087000409859684,-0.0477776222185185,-0.03026439045572709,-0.03627326514056598,-0.03637335311216879,-0.026881430164300647,-0.05064809365848233,-0.020716194661415905,-0.042720324911733484,-0.025882646206662724,-0.04115552538965582,-0.040231233164735425,-0.03075612741684074,-0.026086788264041975,-0.07866180428648806,-0.003647266239446556,-0.06158320160968766,-0.042790183981486145,-0.04532513243202404,-0.0341757256941711
2022-05-10,-0.0012736087363237844,-0.006414277191277584,0.0011690785928176045,-0.014861681356237888,-0.008972773346871347,-0.004113136005152606,-0.008141582839837064,0.005300643823084574,0.0027532824590947858,0.0050887358642628736,-0.007391216694458654,-0.010034808168560711,0.007527142281248196,0.006322168098661957,-0.04372890217797748,0.0018927375589996298,0.012966326022888098,-0.002993475483585875,0.0025289619825124843,-0.012251052348156448,0.013830225557498438,-0.0072541512630844756,0.008904359057657518,0.0002448430586016806,0.015589819115410361,0.0028613588523253297
2022-05-11,-0.03151388320510768,-0.014594638424485306,-0.04878203084095602,-0.03759277520924816,-0.04342951207173967,-0.0235468909588901,-0.017582925763429843,-0.030378342247926005,-0.022864198443912315,-0.03417173059606962,-0.035250259547413655,-0.025865059749733493,-0.04775281600188094,-0.005883538510221349,-0.008247779759829281,-0.0005526157293425094,-0.015619172376853976,-0.038447280479762855,-0.023488153117687063,-0.02965331350006908,-0.05775715890394534,-0.02349092469722186,-0.04477569810659413,-0.03300264344889441,-0.04308016319947827,-0.028838015190417454
2022-05-12,0.005729095251472128,-0.002603739031608321,0.008093197444325642,-0.0030501719571603527,0.019573856044777994,0.0029350144204040463,-0.0049431875005655195,0.0035998409425119504,-0.00889593811321608,-0.0017993437501892043,0.0039624342352839554,-0.00202815943695895,0.00011296366029958795,-0.017627429023251623,0.02750487155727518,-0.004876423942524466,0.01293925657234312,-0.007287406269251659,0.00471244945565969,0.0018531087649636309,0.036008662590772456,0.0029100337553624126,0.010375988322164567,0.004705336548929018,0.0281741182729134,0.006630837791914451
2022-05-13,0.012354877986814065,0.013805787254093793,0.004420918310948457,0.022004793524151765,0.010459092506779167,0.007658759885130063,0.01615025735483321,0.00965772309799471,0.009761726166098812,0.008803712143739848,0.009464843995855307,0.0023165695616074386,0.01369308038703508,0.010468804317055325,0.03372123200633132,0.02597371383683761,0.008015514925973152,0.009925602788268248,0.011808352816796064,0.009155178129448088,0.03971044694612963,0.011844847473084036,0.009717618984934047,0.018397179992083686,0.008003668216174351,0.02071729630128827
2022-05-16,-0.027499524513618284,-0.028341877302243534,-0.018567146464567648,-0.02470330248325665,-0.03031200947356629,-0.009538036753172077,-0.01233791661275041,-0.03431269178850982,-0.010732090031100063,-0.028748165766730414,-0.03056285424606568,-0.023849715316816702,-0.028115260920347704,-0.010342330784444437,-0.02056013698633012,-0.022282847989930715,-0.03232882555633116,-0.024158848317846635,-0.03305355882577829,-0.019622778222959214,-0.034278376770282976,-0.022738127704354308,-0.041229600794896286,-0.04732138214476105,-0.05114879206411268,-0.022522857065027546
2022-05-17,-0.0004936803230866902,0.006850462253774108,-0.020095609715315273,0.002756983641677646,-0.012015852718575984,0.01346526916111048,0.0008457843962173674,0.006392825963589911,-0.0009352776146252517,0.002847974125034859,-0.0003039980898393487,0.004533045254747015,-0.004375559054311886,-0.01519367524652937,-0.022539869005921705,-0.0009503062500451631,0.001799148831178632,0.0060118976505057625,-0.005100457766034504,0.005195354466980435,0.018733110122958974,-0.00796157691168653,-0.0002208315403060149,-0.011968161791182763,0.009774792654741564,0.006787184566245219
2022-05-18,0.021385284620602303,0.022546792992632892,0.05075370909908509,0.03662871529265419,0.02225408203284373,0.017517705431014843,0.00401549869979285,0.03646059021286787,0.0029846377592275424,0.028723118448399764,0.06821184053651382,0.03107009540789792,0.0102678986888609,0.026292206553298374,0.04287418014982891,-0.001895497738970825,0.002933434716270364,0.015509553513288338,0.00029809553980151036,0.0019534103692631943,-0.004016080602274319,0.017826910727949098,0.04770318200932611,0.02420077807986675,0.014012371549631263,0.01939398987093499
2022-05-19,-0.004058429153274989,-0.006121402747857674,0.0064873160845934875,-0.008180483732194955,-0.010601776852322872,-0.010730716531788162,-0.0001871859372411707,0.0026108661662374113,0.006489380840074713,0.0014768028783386103,-0.004339463916821884,-0.005578468937999229,-0.001121294412232661,-0.02065801571628852,-0.006911066979068625,-0.008421813321278199,-0.007803989385094214,-0.00472996738004601,-0.011791327742225998,-0.0062281766932691385,-0.0015495685384740998,0.006583655807219546,-0.004436233673019143,0.0011816579347352443,-0.0050486978675037065,-0.008545671698208801
2022-05-20,0.0046292473203303165,0.005101741574249819,-0.002311875831688265,0.0006610475563675888,0.011041848760546938,-0.004423768379566367,0.0059117586618503545,0.011827942599788173,0.0012827908648363473,0.01191643061360375,0.0053042188678846065,0.016316572338580037,0.009673286000833023,,-0.015082344064998468,0.003013153317039663,0.003625715209856797,0.002715786801529521,0.0023747683541702758,0.01379439828669605,0.013800205197156301,-0.007343793275463972,-0.00200135975239906,0.007899110875863813,0.0005984911975522475,-0.00767063361828621
2022-05-23,-0.021031797479157042,-0.020417062276853457,-0.007663997429729642,-0.016942012690508212,-0.03242356966950398,-0.018661055269754277,-0.0050477068303471035,-0.01593030083280387,-0.017423780399504634,-0.016442159780529642,-0.025469813066748708,-0.03291654102067412,-0.03219985053152706,-0.0016096200306937591,-0.022961884145092815,-0.016752474441367737,-0.021050484646630768,-0.02371966540053286,-0.018498358113548427,-0.020919840722107935,-0.016898526602571268,-0.01543144643232291,-0.03697873544751712,-0.015546275537822849,-0.050290231864285606,0.003083686981414535
2022-05-24,-0.009365934273311723,-0.003734965602091733,0.0003572622490884335,-0.018586791052672663,-0.020063803804596853,-0.00706937514580519,-0.011899968442664072,-0.02320906485990699,-0.009464109317310695,-0.009584166632242831,-0.014196818292701882,-0.002931562827741141,-0.0031874077379736576,0.0046506370458681,-0.0055004701310767,-0.002151770774750178,-0.0074090205503788975,-0.010909286590174372,-0.009288269329238463,-0.008329318970285243,0.007171003117018765,-0.0056303106176906065,-0.013420109719531146,-0.0078017689004630875,-0.013330918895399335,0.0024214507969224364
2022-05-25,0.010986422919459208,0.004447483054194468,0.01625702972670166,0.016372940494359688,0.01028319634373666,0.010202951518318012,-0.0032657929823796525,0.013661043531940495,-0.00022452787590116724,0.008008251786505017,0.02343483821326379,0.013071607252729664,0.009402885116101253,0.00732013610823945,0.03184428519295596,-0.0028531604207286676,0.004851654457939632,0.011499709842281824,0.00018629223072010037,0.004806476457918897,0.03935597398856977,0.022112991201566363,0.03254654779128652,0.001581438409585155,0.011114182935510293,0.004650928699460192
2022-05-26,0.019949824542510992,0.027606768264279546,0.0111413312999991,0.020495182004970747,0.02483909295222731,0.01981166641844932,0.00997809027361785,0.02729995471237719,0.009578657734750159,0.021864680301306644,0.022074288664978143,0.017593228115164426,0.01623158272915492,,0.0035690984376592905,0.004373276728649567,0.022576833309210953,0.022658351668635224,0.006340321579835267,0.015172941736854018,0.05573094922534416,0.01864739636501464,0.05694837924247076,0.019356877013723163,0.01943504168414697,0.025708378249148955
2022-05-27,0.008573483027655527,0.007536593031295669,0.007644101876620554,0.0041146768437388586,0.021342703934018794,0.004422165561959448,0.0049642850236932155,-0.0053367372522985235,0.01078633538607857,0.008497454997214483,0.002389587641729011,0.009812936373476343,0.012274203088750444,-0.00448228755219815,0.029770916406247756,0.009173080851453547,0.019906313878930087,0.009656272438123559,0.010562518795676901,0.01596578003228799,0.0036057641022153863,0.0015072591815024584,0.011442846064608658,0.0035430122744828187,0.014157845635201609,-0.01700852488227908
2022-05-30,-0.0007117770635118934,-0.0009733642419064048,-0.011773521511784027,0.02011571184978451,4.4015659669743856e-05,-0.004444537316916228,-0.0021488556792284784,0.0068475785050386056,-0.0024200133139231955,-0.003572765314405103,-0.01106329773150314,-0.023658447903233508,-0.001889815405284967,,0.000730258848432123,0.01598084752667228,0.023432602500881406,-0.005387296778086081,-0.006065488147814535,0.005057531986520336,-0.0033290202765051125,0.01638800907275717,-0.003478676068625824,0.004301961231397073,-0.011108442698318122,0.0034852742106168677
2022-05-31,0.0014142844575069419,-0.0029858889963368385,0.0037275676594036994,-0.005744245806433334,-0.011997919338443389,0.002004296738611275,0.008988767577523349,-0.008689758835590311,0.001630015803427682,-0.0001768001052974904,-0.01245743305973492,0.010829497384001225,0.0045450033481023566,,0.020880740100728917,0.011410016949073065,-0.007335282042562668,-0.001305442158812481,0.003844942741690215,0.01448114476139197,0.004239372188837354,0.008197420837691852,0.0003667080995760709,0.003239561916649552,-0.012579562493316784,0.03616034128436463
2022-06-01,-0.007168876695389996,-0.005374541231685015,-0.008024927652481417,-0.013887810433162007,-0.01528584675526542,-0.011505898082526845,-0.003374462580331466,-0.0140304201446729,0.0153671538626642,-0.003237467208233946,-0.018309589218005223,0.007277581936921874,-0.014320420493451447,-0.004628727096169978,-0.020487394694880718,-0.005750375948045006,-0.002674947675071605,-0.0026509836409981807,-0.0007817536495095118,-0.0034326236177412493,-0.00989145819836143,0.012496978532335532,-0.019252712269846557,-0.022405693282265295,-0.002262383297176553,-0.01639114716814072
2022-06-02,-0.013859053711602235,-0.014043827566024658,-0.023797819549899346,-0.013170000174837649,-0.02534977439460736,-0.016426794746743984,-0.009324579789871518,-0.025574785302789265,-0.017867642606109672,-0.0014828065616186057,0.017064699049883964,-0.03697394607144033,-0.003373576309185805,-0.047541732542441796,-0.03160342540188404,-0.00876364603674476,-0.012754430611667466,-0.018952988070189677,-0.008481939908632675,-0.00691940556580678,-0.0017056543081829245,-0.012518389098091673,-0.022750190823152334,0.005683513198203998,-0.024431259847571343,-0.0011345717678115652
2022-06-03,-0.02083083730624465,-0.009389468156060298,-0.042746468502579155,-0.016129560430435213,-0.03177904989549365,-0.02175258128544308,-0.020108034864536006,-0.04702163781773425,-0.02416495612940948,-0.020789165678707863,-0.021906027041989278,-0.03182194057706938,-0.022511508536962193,-0.03411194855165248,0.031272225984825194,-0.015115820309746647,-0.019973607250426812,-0.02391974886800316,-0.01792494566730033,-0.02282188563432221,-0.04264427751032093,-0.011170419816143029,-0.024148046907962985,-0.0264608866995377,0.014492681283199804,-0.027093161622100126
2022-06-06,0.005191673415671293,-0.004464644975424259,0.010234262852095832,-0.003434639263085515,0.017448372057463392,0.007691120046163369,0.0007904667390637355,0.005403412438633931,0.018704957782737428,0.007969423200565928,0.00827261297917468,0.00048595629668835016,0.011219095770341437,0.019521780891150902,-0.055454364824145834,0.011585891415927807,0.024436271588931656,-0.005369744298591814,0.00462170738681128,-0.003543268089986874,0.014588910230654673,0.014605063051279711,0.015359634718889585,0.0057727758489346595,-0.007072199759819896,0.019748508960184513
2022-06-07,-0.0001519102565663031,-0.001928136837528363,-0.0024339379329246374,-0.003310877381247157,-0.0010540889427528427,0.0003944242911829401,-0.0010730300924624877,0.0005279744333048786,-0.005397061707057449,-0.006286709765369793,0.0014141727171382106,-0.02799497323317717,0.005358134132483787,0.005784236213193128,0.03461036435021906,0.007750226102234747,0.015419477951683906,-0.0026208796564606424,0.002690643810930624,0.005427554648625372,-0.009371036104775576,0.011900926780558957,-0.01199670590305979,0.0025423375596650977,-0.006828563182194802,0.01573863233998249
2022-06-08,-0.0009454049722181246,-0.005400010621636387,-0.009842458758424155,-0.004911577841461207,0.00425580374438473,-0.004320053668034354,-0.008219427628542126,0.005276319405653177,-0.002721859503501805,0.003134628637737613,0.018864593112252786,0.015467143657100446,0.006236308959333914,0.02698915730594183,0.028141079767308397,-0.0003667343233003384,-0.00046776585881140126,0.0030199207377946263,-0.0016882499798904992,-0.0004457301227316528,0.001897882871801787,-0.018282612947324996,-0.001965051676646496,-0.010454076662465197,-0.013918497952394629,0.005207841368640498
2022-06-09,0.005694785701053625,0.009986449489298565,0.014491244857787106,-0.007334441352088365,0.006813984776791937,0.0025545382620986226,-0.006779769417140354,0.0008561276826318798,0.0017062810297504877,-0.0025839595864508877,0.03036083658401319,0.010907966721852645,0.004134422903334384,-0.0071363124577858246,0.008049956318421684,0.009009408556404697,-0.006542903898943113,0.008796834763629052,0.023566313461772254,0.020229334957318528,0.002556296034573219,-0.002607302075687823,0.009545555192897284,0.005162254774877099,0.013910037524440276,-0.0029290645233678025
2022-06-10,0.007141722453845198,0.01504313608080696,0.009445190000181652,0.0034699242787855356,0.008774259663301764,0.008472263799774378,0.006307080969402012,-0.0021083062984129743,0.009884135951079,0.004711324564328603,0.02052240452938107,-0.006604208009643578,0.010129163873553133,,0.037752070123886525,0.013148546547913531,-0.009010606434760093,0.004348865047367074,0.012530567562567142,0.01075374982738745,0.004011170130515718,-0.007790089282777405,0.014374151708279881,0.020653748844398946,0.0022469268873934667,-0.002749309335099398
2022-06-13,-0.02003503226271781,-0.014245574155789495,-0.005198923240806799,-0.022847690259458743,-0.02765159927524124,-0.021827425673666894,-0.04601262354776253,-0.02851782460129421,-0.01983831480406952,-0.02150009396928525,-0.03745224420272133,0.0002427765140138242,-0.020061973309951978,-0.044416272155238655,-0.015124037020474565,-0.027453752547170612,-0.025953940136370177,-0.0031582547302837494,0.0013155291202462615,-0.01544348053150054,-0.01822706099688831,-0.016630907526029772,-0.015756855176753445,-0.018588990284534705,-0.023445143395094646,-0.022580825026443402
2022-06-14,0.0043583706294979515,0.0053531844054599265,0.003909853743162231,0.016326904378900765,-0.0035689895755627943,0.00020882480138729315,0.006721973368934258,0.010811779643938582,0.0008765884612689234,0.00019249269134772906,-0.011668816799299134,0.015383138207498953,0.007107397534030701,0.004957033276657826,-0.003497176591375828,0.008559710461587156,0.02354010415663046,-0.008048743470272221,-0.00285775270951123,-0.012823399131596988,0.017869291134865573,0.00018115434213929657,0.010739407095049272,-0.0011643225197110235,0.02260383718464626,0.00764754783842006
2022-06-15,0.002753474466875027,0.0009418407721905177,-0.0073538694990982895,0.014475010541951069,0.019614024847195367,0.0025187115058883033,0.0012301573745882733,0.013450118623452781,0.009445780123413143,0.0032372374282950084,-0.0023837798583712377,-0.009860030094680186,0.004066758448266942,0.012596876582155211,0.019990921277314055,0.011739655560924295,0.003241555732035205,0.0017614043324780532,-0.001494902565025824,0.0034289834073325054,0.0034292007559482696,0.0010439453269412609,0.004047133933470926,-0.0069301751306776104,-0.010108488142432584,-0.007406551703597386
2022-06-16,0.004850879533163448,0.0012332932119451462,0.009730771185249518,-0.007318142238993098,0.012502486048906011,0.0050289653658935896,-0.0002469622066282373,0.011229380686015348,0.0036587225913088544,0.009197192744577998,0.02388575894500905,-0.003925800297255874,-0.0013258994535306067,0.01437884989950089,0.00640975090473465,0.012757877273084334,0.02572430291926411,0.02633872698692717,-0.003310968105294693,0.0070968222585292475,0.002997410374627474,-0.003697258586657673,-0.008789175334823417,0.007582791329913685,0.004301749922240999,0.004939331317463019
2022-06-17,0.010656342960560318,0.007529863376596817,0.004642239617682148,0.0318428583208815,0.009225896011875609,0.015782774069667254,0.006873419329143699,0.028311644168925138,0.001856187782981768,0.010227025238992035,0.020415232373572807,-0.0125428817973205,0.01082822482222675,0.01748956381673125,-0.02023066769679613,0.018445677549819017,0.011578413573240676,0.0031646382462362094,0.01029002677301627,0.015491659166508314,0.035007287896974826,0.007699217965800854,0.010455295678862652,0.03401755974812886,0.017217998986557348,-0.0027532473981675687
2022-06-20,-0.010119648549802929,-0.00795679496345962,-0.012775480309684603,-0.009627946940424547,-0.018625941754673088,-0.012122017167481977,-0.0070384830829153195,-0.019225491511430104,-0.008374155972823724,-0.0016963873403998049,-0.006882998278914754,-0.016117720424179825,-0.017479259119584385,,-0.04546439628482965,-0.0066406056093348265,-0.007413389916903694,0.0012585302885017163,-0.006936574800696871,-0.008169639833723728,-0.013188319183315922,0.0036952193169316415,-0.014439126067832462,-0.019896897569763067,-0.0052843892953341005,-0.004661728989363401
2022-06-21,0.024035962834251634,0.015245666984971363,0.02073423752696915,0.0269780534574247,0.02364969746415437,0.027048556708137036,0.013502190750029477,0.03316132367842934,0.01360660963242255,0.021533883837954102,0.027035111628224102,0.038214864584183175,0.021189066200762732,0.011158151049956247,0.04051920930298409,0.019608115890558386,0.017998395204803706,0.01859547662584929,0.013604496192624983,0.020471233959965595,0.06367326910376603,0.005603087140430882,0.05465664767168007,0.005102166310421952,0.02865012044808468,0.015384566421203894
2022-06-22,-0.000984588206086513,-0.0004922512790267453,-0.005876149015441852,0.03409290752158134,-0.008360951485913329,0.009177707820862836,0.0020469360131207094,-0.005734270485860384,0.00406232835712822,0.002621581025131758,-0.008818999521921259,-0.006882586457617018,0.006090611130559002,0.005783919403309208,-0.006776549524280884,-0.003984224339794451,-0.009127268316895299,-0.0022899112277351974,-0.006875306240249379,-0.00383535051467098,-0.000995660049562308,-0.0033350363527330598,-0.004417463134166585,-0.001492664354129861,-0.005780802667428017,-0.0021805538766763166
2022-06-23,0.014574185300535312,0.029652373323522573,0.007660785230904271,0.03359046397142693,0.010746525583038236,0.003509419924127762,0.007516270723375451,0.03191832100005665,0.0007828238626898917,0.0028491915377995003,0.010606123659506436,0.019669561674828917,0.0167658853874122,0.031646870309196475,0.017635474357891576,-0.0027825437257053,0.008983571927248468,0.016362971560930084,0.01319112245082773,0.040060055860338874,0.02808233235898988,0.0058381456380525165,0.008860198403660353,0.01307918455688962,0.01690326968344831,0.01666641945316133
2022-06-24,-0.031178909370138078,-0.046593020121177275,-0.03555675664169955,-0.008651298332783016,-0.0619193701272007,-0.036676943810047595,-0.04217908025330297,-0.05294187612447141,-0.04447816074559639,-0.03248992480195084,-0.05463473284011646,-0.010380453630773584,-0.017257143790042236,-0.050873547216397835,0.02883198741182194,-0.043113726231350874,-0.038640149847084304,-0.027302280460735753,-0.01615954915682301,-0.006645947151514485,-0.06268356409462583,-0.0047150640598651265,-0.03753023688096966,-0.03227477979369755,-0.04477301881446905,-0.030200409317362675
2022-06-27,0.01687485703080087,0.03389062631574737,0.0013855215922745912,0.0328879526872505,0.02802861681472619,0.015847658369881196,0.01743684570458724,0.028853643242802634,0.014432033601801755,0.013126476723219427,0.015758197175982185,0.03095773212239745,0.007676669525771161,0.045088161295576856,-0.02622897105431346,0.0173382339960991,0.01870362916488645,0.005377704172844111,0.02104734229646723,-0.004176858344718442,0.025862150059009992,0.013660827067392311,0.028740878856792378,-0.007970763907638881,0.02606248700691216,0.019961172678581107
2022-06-28,-0.0067972675561956694,-0.005609199624856631,0.01727514514690666,-0.03272175359178162,-0.004569518273536424,-0.005118896498943253,-0.00511898926928171,-0.011662734414409737,-0.005624586637359652,-0.004419414362106536,-0.010069201390469887,-0.011313236531571116,-0.00576128421693384,0.01925243461723891,-0.08298481479030616,-0.002185077286811249,-0.00495793340629992,0.004501759248333029,0.013107650245938221,-0.006885275291094916,-0.006282801654743264,-0.009596616251426009,-0.012031368543706542,0.0032673860111573573,-0.02869546328338792,0.00207953772344574
2022-06-29,-0.0010012307964186345,-0.003797052213197088,0.0007097489876039809,-0.018515361928764833,-0.0076037447459829256,-0.003963294357108429,-0.01135747194181691,0.011584975538574368,0.014306369335094502,-0.0005624270292863472,-0.00923518793043752,0.010432854940961168,-0.00298007036167428,0.002272070976063245,0.0037990112797863427,-0.012258015469241934,0.015523194386233409,-0.007663575980037053,0.016703308290357766,-0.012042287351832583,-0.009307185140158658,0.014865964056532304,-0.008193604423064906,-0.007937760391360883,0.00859847431759548,-0.011873780012002788
2022-06-30,0.004844977932148834,-0.001316512872854847,0.022557478341042967,-0.008658048081359115,-0.0004338298604583827,0.0030977206373815564,0.011037485746671044,0.013953602196898276,0.03647659726908966,0.004714223162650949,-0.009333384107969633,0.012225788281255721,0.008202324600339143,0.00803085000842818,-0.014414541679850077,0.012186301385469278,-0.0051963509732862396,-0.0002249651394857638,0.01769363363562241,0.0176788762374026,-0.006879586004099575,-0.006208926480403363,-0.0065343236470568845,-0.0013777550004876787,-0.005258542108655847,-0.0038070491289937947
2022-07-01,0.004340185200981476,-0.0018976034427601873,-0.016288284762858804,-0.006743113894334102,-0.006592531750218914,0.015091469771197944,0.0011747635024499908,0.0068778753965249755,-0.0033639570593302992,0.01799178784339846,0.006485660624531357,0.006454500849638065,0.004178018394387969,0.0012625284647338475,0.03284517796671893,-0.0006235476599290579,0.009252954694504833,0.005821480142885083,0.0007528533110017111,0.01041723475492993,-0.020605921932637328,-0.011236681860766326,-0.004436505541814466,0.006973050030192261,0.015050682953269256,0.0026410789838541004
2022-07-04,-0.004288029803138117,0.002587628097328376,-0.0033360896347084806,0.017265148620680203,-0.010853511832180092,-0.0074519543231503635,-0.0006053216414028819,0.010738101803903314,-0.004299590763532035,-0.0037684919632147893,-0.00870876981539026,-0.006300554754147105,-0.0032966940112118437,-0.012226385091002157,-0.003611325980041058,-0.006625501661302768,-0.009321019116196008,-0.00323287573996976,-0.0022866387102062655,-0.006817182945258321,-0.021428744758965917,-0.03401559034277071,-0.00595105823134174,0.021023995429583723,-0.013109010727586051,-0.010807675012361823
2022-07-05,-0.004129656531281131,-0.009766709033300593,-0.010854861589548223,0.00789264196574982,-0.011167798162068032,0.0032539700260787174,-0.007721653878538874,-0.007463043971946284,-0.009206800972548747,-0.004589800093189453,0.0007117555573508683,-0.022094396497691637,-0.0026413270524310896,-0.006258365130280552,-0.026029394637719604,-0.0036488092700579233,0.0025543414009518367,0.005288426610513736,-0.0015107983590027458,0.006649847973863066,-0.001993058646244328,0.005757412694168538,0.0011220102725437084,-0.005323758189411528,-0.005812928444489616,0.0036027928461938585
2022-07-06,0.006949045325500044,0.004453246562452662,-0.0005408664033582274,,0.005401655555580087,-0.00039591147588152124,0.0016529440061202605,-0.0065789945363355735,0.013988292800114805,0.013626500805705724,0.014864083620396396,0.007008238171368412,0.01465016540946626,-0.006332297677171213,0.04751792206413652,-0.001916266403244743,0.004013642150565187,0.006608778351861022,0.011990127520840069,0.03234553111576594,0.0018061748116292853,0.01055555392863368,0.003601943524171015,0.0011513188236461293,0.004792854270965089,-0.0008620543305367934
2022-07-07,0.003549775709177421,0.0010493765526629728,0.012657937127744148,-0.003276496055905779,0.0028595187435641895,0.007548553532584701,0.005554816722743894,0.012290371168065167,0.006960385990928234,0.021288482623862057,0.0012488922917702576,-0.0005949053531466319,0.001622824583015874,0.005580188821524483,-0.01732885683405024,0.015823892060459283,0.012143138939986186,0.010681864493158092,-0.01236376388951681,0.019781835800823606,-0.015384545466571392,-0.024867199314130617,0.0028369369164016256,0.0028284894638640847,-0.0070111310955392,0.02327570435169407
2022-07-13,0.01115914503791783,0.010585162248528877,0.029584157087622187,0.008929036028294562,0.013308668340951095,0.007603596451027106,0.011881194103430744,0.015134208293316123,0.005072393453268635,0.017380198203905392,0.015710341053022863,-0.005509703740295841,0.009567113398239591,0.004991228590641199,-0.009844934603966293,0.021016094798862628,0.022199561939904976,0.005659251036115849,-0.0019378014368615082,0.024559315053832194,0.028348238465164044,-0.007805891784523751,0.026922890313128587,-0.003034925397272213,0.013016955235880374,-0.0056780931439522064
2022-07-14,0.007807850931640014,-0.0005779321789055158,0.004239138235203673,0.01639775259310422,0.02281766690842657,0.014518579093112417,0.0075250199673674795,0.033274154523310145,0.014637379601843368,0.009414078867747089,0.008064945204158588,-0.0024308968183707124,0.00563708003329635,-0.014368759014696392,0.02683662280701757,0.007288459820536164,0.011318363877021922,0.0008906403182542226,0.00020318165462882565,-0.020246891095360216,0.0010874705397563023,0.014689007267378233,0.00476944440032565,0.006992854472217077,-0.0037535267906195027,0.021899641292867922
2022-07-15,-0.004606407976004259,-0.011749998693556552,-0.00407871954783208,-0.01637477585971967,-0.008796225063429156,0.008572070732113635,-0.005744376803994335,-0.027882792746570923,-0.00807608094159489,-0.003363930297382108,-0.007114715056782035,-0.0009209313925187297,-0.007288403823019768,-0.0016229922987710255,-0.0031674506717199735,-0.010899286104483208,-0.0014648360709319148,-0.0005901310499311271,-0.00016593454009935504,0.020360946722694933,-0.02683788922864344,0.00425901417786978,-0.007636485413332085,-0.009690843189625476,-0.011610089283917978,0.01595837156739241
2022-07-18,-0.017930770695601703,-0.024643058991953192,-0.0197287679973914,-0.01721418527776941,-0.029141277009797392,-0.013020159384552567,-0.020541839541379236,-0.03468235557072239,-0.02137334974685288,-0.02636991662182487,-0.01385198523977856,0.0037796058256254284,-0.013002048297927195,,-0.0028342946795862725,-0.013772570837689596,-0.015202072307257477,-0.018940055997916663,-0.015446840982029909,-0.006497862487311664,-0.04134938118674522,-0.010596243737274056,-0.02955296830737517,-0.021067314280969297,-0.028670887774380354,-0.012338264040045205
2022-07-19,-0.02705407543108532,-0.018671371324945528,-0.031091569900363197,-0.04594368663579115,-0.03027308813429331,-0.03219604836460407,-0.01979674970073026,-0.0351058959162808,-0.019418590698804392,-0.03374280715384531,-0.025776637334096186,-0.032191647646621795,-0.023118203830057048,-0.014340930588521964,-0.056507109968750004,-0.028192473297150855,-0.021884723676768487,-0.01903004232953337,-0.005410146469437394,-0.02603000280621717,-0.028424176069827223,-0.01666961474606212,-0.04142308653828013,-0.028747116283948104,-0.023970084116265982,-0.03177781884217823
2022-07-20,-0.0013150326755961353,-0.001559921532720643,-0.008837279509582685,-0.013730196454959764,0.00732533233133905,-0.002251708346133574,0.0025628138346882354,-0.006283822422845947,0.0023482040643706403,-0.00588842940027093,-0.005089852020854195,0.014755419399884387,-0.01772160816340637,-0.021609330879921302,0.014035050260097437,0.015325037011740511,-0.000673338553261571,-0.012426756429524385,-0.009327273891105704,0.0076042405745169895,-0.001950989253998725,0.0003547855519040577,0.0055371204079122105,0.0037369425465782436,-0.0009672985162564873,-0.016794137231223638
2022-07-21,-0.025637392618733428,-0.03169723644019755,-0.021502256679927417,-0.04065461456021574,-0.027318342567452067,-0.026851635367854725,-0.01399826988544195,-0.034577282131290826,-0.02670098778769609,-0.019064374583436308,-0.03336880869403539,-0.013278850594025263,-0.023829750724374557,0.007687698226867129,-0.06647059565340793,-0.015839604206032698,-0.03340419208617239,-0.00988228457989708,-0.015153828421621607,-0.028951602763137567,-0.040065400946369206,-0.004991337999734585,-0.029296536894063554,-0.036579269957746734,-0.029180643070615166,-0.038033846526361464
2022-07-22,0.0209395151957518,0.012038997883764786,0.017402823320174305,0.014386135164635027,0.03336822780246012,0.018867430337591404,0.011081552151661294,0.020212402680138308,0.021803098034279284,0.017898123616714744,0.016814884904643446,0.019226687310743864,0.0017144252754884325,0.014383332964757875,0.06302186168284252,0.005393285983475105,0.021730524517149276,0.018481062557892766,0.012171225210637926,0.008551711907760868,0.02485886528525666,0.028519290145496524,0.03397388103350034,0.03397980447103433,0.03668415612433922,0.0223514677604994
2022-07-25,-0.00022574788010941028,-0.005834508923616786,-0.0036272234798924163,0.007030558438131366,0.001438271327094202,0.002380924532803594,-0.014923494418796753,0.006546670055779369,-0.007091493500791542,-0.0030890835933509004,-0.003609708295290337,0.0006536261889557966,-0.0026638122489254235,-0.030819481984675295,0.009348092087374305,-0.0004800957948880302,-0.0038521542392881414,-0.00857649476344792,-0.008610460870896921,0.007195433198762242,0.002556798994978904,0.019014998387291714,-0.0059688222045221895,0.013758263759314085,0.008288144047264079,-0.015562882773545367
2022-07-26,0.0013705871623694691,0.0006603091021646357,-0.012523283530512866,-0.011209685183812101,-0.007994205122612265,0.005548451383580319,-0.002384973608151305,-0.004859923774531223,-0.004441816688185393,0.0022897412670929078,0.0058317612212778576,0.022380505660526906,0.011850321956699637,,-0.027887064471171376,0.0036290638868684,-0.004478170438130912,0.00014901373205651602,-0.010581729710445941,-0.0054662969193739,0.0019867103522553387,0.026828717912709184,0.0005080659373638381,0.018585067439436196,0.0003906751773265707,-0.0033618517185364607
2022-07-27,0.0008379741954708949,-0.01388571136668335,-0.0008574105390402043,0.01981686690186062,0.014235485332696977,0.0013116608280782421,0.0027446285022118574,0.01328653891976824,-0.005396697849511737,-0.00215807470041648,-0.003362003418231415,0.01746977007332929,-0.01520545681360435,-0.022828845029380058,0.025747105618378514,0.0006509475556073785,-0.00864477340135551,-0.004478540455745986,0.0021949562274784064,0.008283055499239501,-0.0063190080138421645,-0.0007643270302746807,-0.0002818764624168413,0.00041544036726723566,-0.01298561960187857,-0.003994995502624832
2022-07-28,0.008526617727924842,-0.0009892352533246052,0.008076479362229457,0.0011067301553159936,0.013139109485170726,0.005787344450784274,0.009308587153716862,-0.001976887152611443,0.016136199786978285,0.011178138459255669,0.00494084766339455,0.02822971842947796,0.020247708376359464,0.032649460091649485,-0.023158982720999102,0.013183190755244822,0.010988844247902774,0.021202387310404677,-0.0010757689238894974,0.005514339540079465,0.0034684958638730168,-0.0019892164806568123,0.025865779143799023,-0.003184458913980189,0.00320630096345674,0.0007660035565318912
2022-07-29,-0.005069752158604571,-0.013733911410397637,-0.020871346100898486,-0.012427594343407141,-0.00927481045942384,-0.008889758621562355,0.004801371527852943,-0.013592002009885954,-0.008862417311241235,-0.006410053288016138,-0.0020733455050470084,-0.006936523500727006,-0.0025035171072185516,,-0.0026734639422291468,-0.005110564479760965,0.0026234713327982404,-0.008300340740331893,-0.005894290060381635,-0.020983838934410352,-0.017593548904730527,-0.0045100324498587915,0.011626421651507521,0.0038685585182409634,-0.002513838180551659,-0.005041384424704615
2022-08-01,-0.005338460410484838,0.0027009099004358474,-0.0001561436484137646,-0.0035777283333850995,0.002930271399448396,-0.012112908173679174,-0.004472115340494193,-0.008427234345184735,-0.005274832651441057,0.007296617931469018,0.014901717112051238,-0.008948663764365377,-0.004042826753348269,-0.01106536750346876,-0.03099316207880482,-0.0022112214844144107,-0.013472975957455767,-0.0007281533741078317,0.004233265343769971,-0.01985225285328903,-0.00878759629306311,-0.011751752677351603,-0.010467410725451352,-0.0024925299993936354,-0.009016879637375939,-0.0052052381359053435
2022-08-02,0.008791275272572502,0.007592711578164024,0.0031404666925841335,0.023991399075557675,0.018444368099772193,0.02214864973590162,-0.007781910372341964,0.011300976566350106,0.022895381610891292,0.01156120034313993,0.017354607418154144,-0.01343483582981576,0.005192825806167762,0.005277235779224935,0.02144805211874431,-0.00037745398703173394,0.009936381616398472,0.005030981262696077,0.00691713386917926,0.012645975349235592,0.03547289739546272,-0.010786976940154723,0.009461960257624968,0.005067166552086529,0.00577943090563453,0.016980736726529777
2022-08-03,0.0201595621795722,0.03371129809275083,0.019390371929557632,0.03358484072832981,0.0458314177574689,0.01649119167783642,0.02216301376796656,0.039607424171520376,0.009976819294849393,0.021194821039160653,0.02077847876072188,-0.004842890766991639,0.03163899129632318,-0.003372316382729945,0.03546776209458802,0.018388751231353972,0.031139180523212455,0.0207965052106399,0.019568772359408716,0.011294747192011654,0.04218691469448199,-0.014050425819178026,0.022804802424833754,0.016180836382233374,0.006079128315590027,0.017938964029537124
2022-08-04,0.008073794844877889,0.008051644302902061,0.03779963567963174,0.028122422159714482,0.020031658188029353,0.005920304702550511,0.0011945835507842142,0.023446679890840455,-0.0026447082371691766,0.0009369140835220459,0.0017046504560537061,0.022021453232905143,-0.007873305696472196,0.037828902044113676,0.010123789433689254,0.0013140531070463535,0.0006273466527861648,0.014492319229828188,-0.003304396493612993,0.014876206271650625,-0.012878792692711832,0.0169143237216483,0.005390162432048643,0.008034463762326773,-0.007374816856618324,0.02539424401725804
2022-08-05,0.02134405915909429,0.024157431442123047,0.009932278776259865,0.05483588236739747,0.04938904035590831,0.01742272380100732,0.0203015960063267,0.02852887207504204,0.014116641341857956,0.028920315253944,0.01638874270462017,0.011057198225338452,0.023125894124064506,0.007888432018751668,0.018131495214373877,0.001253956531240108,0.017040450839425812,0.027606141980596355,0.007410025021562639,0.016283328766726328,0.07411846288401347,0.02037629564549601,0.011834757962284639,0.014692574254587717,0.025706476749524667,0.012523905820833514
2022-08-10,0.011164081605510467,0.0177258082112147,0.02686140664256105,0.009960008549395124,-0.0017761324246758983,0.00746342313853609,0.01617083291199192,0.005086107940667754,0.011660658169556479,0.017531067944969093,0.005671984281983067,0.023056940670134935,0.002381885745602291,-0.012461716278052148,0.034977939255227075,0.020746721867380497,0.01327791712799441,-0.0054663114255708994,0.018679232326938133,0.019446453693883647,0.004202188082141123,0.020717884126896347,0.012323887748946771,0.003995044088456458,0.0021611373677179247,0.011745993480495348
2022-08-11,-0.0019510127135264417,-0.011257366508036482,-0.0015406249388100063,-0.010105970206263448,-0.015621664043127481,0.002837985419704446,-0.0072670427625430595,-0.0055934196374808525,-0.013602007266738627,-0.0050346794723027,0.011008137406854135,0.005065669248401061,0.00682597143342719,-0.01400416851426256,0.025256167525581647,-0.0035675569047642353,-0.008121969134916284,-0.0026747593826232097,-0.00724941092932081,0.007530052091433711,-0.0033764678033797735,-0.010367629361480361,-0.009888349813091122,-0.007202552104133712,0.014280642627360899,-0.01811687826896266
2022-08-12,0.01902017172299722,0.04111043259785971,0.02792869292963207,0.017133554645433386,0.00529700902309841,0.022552320141337834,0.009139432256730294,0.0070978694373917866,0.004784900349782311,0.014375108569652469,0.01851802413339883,0.022295480299501007,0.02615009182417487,,0.01670771264146082,0.021968798856258076,0.024970414090921794,0.020941990898757354,-0.0006504042659143518,0.030859962538943558,0.060560457645731536,0.006451987704673787,0.02354448353080631,0.01939190419463629,0.03065375957941764,0.02910345303803441
2022-08-15,0.020628688774576968,0.00456581244497084,0.02276418739851324,0.004002713380773441,0.029062583293644258,0.013251450590332415,0.026049790318985865,0.031213506992659578,0.003935280220120162,0.02963470836767486,0.015563123526006603,0.005941368987357854,0.01963934184434681,0.007335417677632794,0.017579584877746843,0.0038924681872171407,0.03984756598080946,0.026518850010786188,0.031568743748771354,0.028008598238523807,0.0301267171715926,0.02206177111189857,0.03061611302880059,0.018676345117939048,0.010939239148755142,0.025151987464789582
2022-08-16,-0.002934233578761316,-0.011420739454333629,-0.012810234266758716,-0.014683252759393103,0.0032606773915303143,-0.0017561815377206463,0.0006448591309686137,-0.011483944366751717,-0.0055905527914241115,0.007002957340743287,0.0015269266994670794,-0.005335357157712414,-0.005994356989301014,-0.02237131485376905,0.004068969693296208,-0.005051911071605686,-0.001959235433463069,-0.004519710431798718,-0.0035163786668741094,0.023168022362698475,-0.04326356125341044,0.004543427560105516,-0.021721988536512176,0.007170162327736351,-0.006579570642271805,-0.005415416897876835
2022-08-17,0.003226261337607058,0.000662190108650651,-0.007803308437115228,0.008853992480157927,0.02304562883497411,-0.0038077872290283032,-0.002145288793766248,0.01093234323859199,0.0040638676133806385,-0.005399333242687399,-0.005109282954375276,-0.007160951516893406,0.015620751382819077,-0.008471414246048886,0.0252040782195811,-0.005720645001621366,-0.004009881814954264,0.006415684067231461,0.004225839682438748,0.0031885387059224423,0.0005279030012361741,0.0009451507602746481,0.015364609409711063,0.007252843549616107,-0.007333194687063092,0.003638515232397499
2022-08-18,-0.003300139011196954,-0.0005634449960730481,-0.000589090867518613,-0.022358069938626324,-0.0062069853998361,-0.008144123743353517,0.0029340047820016406,-0.027228778449746305,-0.010435772489290803,-0.008334336578301352,0.0008026227111793868,-0.006213399219731042,7.073644046455274e-05,0.0015673559247221247,-0.004061418253561433,-0.005102847886494649,-0.010384199004539319,-0.009889596040654508,0.0038274457983797916,-0.012684158612381171,0.03617762097968158,0.0006494796013813753,0.0025310684246644083,-0.015295192711122377,0.027387607354042123,-0.005550049279701846
2022-08-19,-0.002860001698520272,-0.003289981539200706,-0.010888438376298548,0.001234822353851306,-0.007002685328348128,0.006293482052950243,-0.0005126602805060499,0.0012093128860434326,0.001182538879677548,6.0587129950626256e-05,-0.016840255684830514,-0.003827698562205368,0.010074403934514073,,-0.04964387464387463,-0.002041826240699457,0.005527620143690558,0.0016377183673689391,-0.010301909937359887,-0.012062866053423707,-0.007801658350788138,-0.0026074390317659345,-0.0009979784597666625,-0.011900364889013122,0.006846777734962456,-0.0015252879380699969
2022-08-22,-0.012783991412993143,-0.011178390467149801,-0.00819008895462411,-0.025360589896702628,-0.02423343873014274,-0.016939976738146973,-0.014362529467089788,-0.021189486579002104,-0.01274621295234243,-0.01512927722579271,-0.011667200855642398,-0.010802878617934044,-0.011347004294266364,-0.009831452762746365,0.02865806540998312,-0.0059836717704051245,-0.011602466140672351,-0.01937518835553216,-0.014131108580645146,-0.008316482464986952,-0.02918931621180318,-0.011193962897854187,-0.016765611389593038,-0.008601196480694375,-0.00960188356419623,-0.007375327419950034
2022-08-23,0.008880235173781897,0.014538172506764124,0.009839441821802122,0.008814980203069958,0.017600162727149652,0.01426669222227767,0.002737371007736125,0.017208134618534054,0.01882866446403824,0.017777274526033424,0.028163297924907682,0.010340204894559309,0.018336323855073965,,-0.004935746712913497,0.014581507157497564,0.008863794346299815,0.008533737088318283,-0.008333139988269641,-0.0013511965979466569,0.008849317670500068,0.00439917273313318,0.008956548108786797,0.005202777721714157,-4.408070311886568e-05,-0.0042532881191806315
2022-08-24,-0.001479877999265829,0.00430156358186432,0.00020614679818945332,-0.006059056115447492,-0.013738834204349279,0.002907628712428544,-0.0022689117699345946,-0.010910948085904862,-0.005238012768983454,-0.0037526240561856004,0.0159072391899794,0.013348237173669305,-0.011633759623660025,0.010197986656871993,0.01054112372871649,-0.002532584512318553,-0.004312977147108243,0.0024592972595727236,-0.007324320180691056,-0.006295003823309909,0.004151846172608109,0.007445043569512061,0.0024456193670747525,-0.003991076749676255,-0.014558791115585529,0.0015475809333617974
2022-08-25,-0.006404138969134768,-0.013790182966179473,-0.007167624093015269,0.0020923824778780373,0.0036195935542753686,-0.00844253085343625,-0.006450491380349646,-0.012613446948262497,0.00061593820770058,-0.003309430450592718,-0.0062890428724529475,-0.006000379181301872,-0.013588746478728615,,-0.002088110507466656,-0.005900046144116128,-0.0007788269376996948,0.0022650880503459203,0.014847875486775597,-0.011219627540081196,-0.009792802288919239,-0.002855378947416931,-0.005250169996140467,-0.009306745233152636,-0.013077114722281843,-0.0029990523150889292
2022-08-26,-0.009877813973497754,-0.011180826401809297,-0.011787096164506667,-0.013605112242776884,-0.01146151852645295,-0.009621422155660093,-0.003565229107474798,-0.009372076360460382,-0.004045944571460141,0.0019235136225390637,-0.011336043350183437,-0.017631585235051078,-0.016286125205070473,-0.0037410236568334587,-0.014805587529217948,-0.009342522285463367,-0.012675703803075663,-0.012884045509699418,-0.007804773461560078,-0.01227469466322039,-0.0056156138245458675,-0.005832406468230229,-0.017174261777463097,-0.008813494107434316,-0.005885892243602253,-0.009744445160098536
2022-08-29,-0.004936548902149205,-0.006005791135457306,0.008883077696726693,-0.015873691315637168,0.0013645498475767755,-0.001872731561194527,-0.0026943919103674953,0.018083804895327026,0.0009986278396837227,-0.010172647152941064,-0.0109183535173303,8.030974294830767e-05,-0.023751186487981926,-0.008922946464817097,-0.008890533766950324,-0.005813300067589067,-0.0074747497030225206,-0.005516991363421819,-0.004926286298656046,-0.0012404416795368095,-0.014575490907385108,0.004697468764616424,-0.0036273076191138355,-0.003780267675725183,-0.014087486845160146,-0.018353312739579603
2022-08-30,-0.0019631935651536936,-0.011525220690635529,0.02002988911576481,-0.0038056189276271155,-0.009660282967222267,0.0076074977729815516,-0.008657466281710402,-0.007507346194387569,-0.009181497814580886,-0.001201433756807973,0.016703093225850008,-0.008195004752309535,0.00261999228240077,0.050046108804971144,0.012058462693137595,-0.006130367114277502,0.0007350338867730622,0.00970514459090914,-0.008072938596524382,-0.006985147326961718,-0.009264337669166012,-0.010125400481261586,0.0010606836439625963,0.00015138978199050375,-0.007970337951359152,0.001422781852878946
2022-08-31,0.0025921152700087518,-0.0064256047251537995,0.0061317524477703745,0.0009875160858340282,0.022801240590805683,0.007696461170908004,0.005611150867743713,0.0077956600345733765,0.0032164283335887373,0.00586274205293786,-0.0023565247101129394,0.014434089282843414,-0.008341268572305917,0.0013943239878855633,-0.005068233191052707,0.004077393026613224,0.007894261152459104,-0.001746483740901958,9.634751699754141e-05,-0.008666580365864481,-0.0011615192254580409,0.004830442287203882,-0.0030864719359032073,-0.004019675890471044,0.004133551883897894,0.003221092249735741
2022-09-01,0.0051024716876346245,0.003155434665741619,0.023007626405798263,-0.0032990389854979005,0.03839913502471578,-0.0016245927162396342,0.0067565276053312626,0.007384383085975489,-0.00327141802092566,0.00017268029057619186,0.01599975619405214,-0.00042793288538417094,0.0010973758442608921,,0.003945111980286038,0.00020182775821162013,0.0030903703681510407,-0.001563859754486016,-0.006927343887007354,0.001671710848014472,0.004141347012391938,-0.006257885893970516,0.004759273506081201,0.003755809005908335,-0.002453873720991066,0.01107798102463986
2022-09-02,-0.0012894872220106718,-0.0085470642132786,-0.016952154610609838,0.01505580715953416,-0.002529426665241717,0.00025097263425627166,-0.004702047976877055,0.010640270128731569,-0.0020117847256836885,-0.00371956336135378,-0.009030419793845076,-0.010596127388329423,-0.01395784116588302,0.019758259540057332,0.0470803156139985,-0.00939416900800119,-0.003981796738207954,0.02498084238752599,-0.003518188694578295,0.001084872049229571,-0.01495016895980708,-0.00675473748414088,-0.009223972045491318,-0.004906820073554245,0.009426041907362771,-0.0082960820029786
2022-09-05,-0.01697229033371513,-0.007594973938740424,-0.01610134749682697,-0.010782196394615839,-0.020033466540826744,-0.006012944741744531,-0.013713296650155388,-0.019678398682029464,-0.003952977071749512,-0.01882969511963879,-0.01566222654659875,-0.012056249290779706,-0.01743235098934507,-0.03138801068421567,-0.05972370452035342,-0.007403421239053992,-0.012960110219562115,-0.015199055686496947,-0.017021262478741105,-0.019777072010290647,-0.028367439161551072,-0.022016588074500534,-0.0171429103244794,-0.00704084906443142,-0.02605160504686462,-0.013745788783667667
2022-09-06,-0.0013336500739869594,0.002261786083756021,-0.004782145822008786,0.0011874462780709916,-0.012719015562267,0.009454157174875718,0.004875831900744698,-0.006594977106232451,-0.002667268922227049,-0.0019039364986164972,0.002012422306672257,-0.008998933815065693,0.008506687005204511,,-0.01576149143988339,-0.000500955333392894,0.01002564638358865,-0.00697386639524826,-0.0018825958466535454,-0.013433098517728328,0.005169925559210198,0.0015784607976547086,4.625876619389148e-05,0.0009327638906362068,-0.0004962208956816713,-0.006552380116077394
2022-09-07,-0.0022657263362523402,-0.008491920049548064,0.0005662791294074876,0.005890164639454409,-0.015343478559739436,0.004310688122590578,-0.00902711264631716,-0.005559647221085827,-0.0017754066588238637,-0.003112628405679045,-0.0019923077355976093,-0.0060839581555429305,-0.0076340929162098435,0.0059600614439324255,-0.0006538114285845331,-0.002353833236963976,0.0029455557507398256,-0.003171719441430465,-0.0012946926424112104,0.008361867228376467,0.005835961034474035,-0.0008615058313747315,-0.012287661722206446,0.002046208786219063,0.008921773929779053,-0.0008555279918603942
2022-09-08,0.0028230048946213506,-0.008674502246032745,0.014901645290455108,0.00646627331880365,0.028687390261869433,0.013068488619301792,0.002581589172729537,0.0007411851305432112,-0.006598461370287491,0.001200054498092476,0.0016212589919216887,0.00028603508808221857,-0.00040414298346058697,,0.03205006908969717,-0.0002857799110624615,-0.002538427205011218,0.007344922185485262,-0.0035082984796979467,0.003888655991325342,-0.002983668876356649,-0.007355255193931834,0.0014124036435407192,0.00484032774095422,-0.011860947843846052,-0.0010614605629963119
2022-09-09,0.004123185530782887,0.008130622981651925,-0.01084785620319008,-0.0014610681217421596,0.007255314363296876,0.0026140248634997643,0.00035572863776382285,-0.002660050544691502,0.011278764020770585,0.0011604029149420941,0.004189499996831843,0.01777990851942702,-0.00483791310949192,-0.008902080214479283,0.029606517345055854,0.0021009980861675936,-0.003377086946780134,0.0037429509532787425,-0.0002725271545356289,0.01844223247273924,-0.0036452557230223503,-0.003371134413023766,0.005472173706582294,-0.0012424778590607785,0.01207457138210108,0.004256277835412908
2022-09-12,-0.008191074188559811,0.004672366528944538,0.0004977476363921679,-0.00010099460349949352,-0.012534276515308388,-0.017386315011206525,0.0005318634040560994,-0.004091357021996728,-0.005049695233637501,-0.012778349804708345,-0.015018472840952868,0.006833276835115683,-0.016990691646610167,,0.00865627477149622,-0.00021686674553769714,-0.009359232004692464,-0.008499125700108662,-0.0062413776726349835,-0.00706206728138546,-0.004172963056375628,-0.006977889971415453,-0.007111676230823728,-0.017662024185697154,-0.014353226019653267,-0.009368723406882412
2022-09-13,0.0009384383633414182,-0.0013730676756367928,0.0005696880514792224,-0.016209265820803637,0.009170240702595256,-0.005208463077983418,0.005808995818269362,-0.004134889311683265,-0.005726604539920783,0.010239222621376087,-0.003065118657098039,-0.010848526859979446,0.008135545259544975,0.02986109385526836,-0.039613594932473926,-0.0029637160437532284,0.004191952248650383,-0.0009422310121201677,0.0140734345233258,0.001021840578004824,-0.00216716461980615,0.002536932676301784,-0.005199391178104838,0.00445070109035175,-0.004229179304187337,0.024417857018732853
2022-09-14,-0.0024050077862780767,-0.003429675114902528,-0.0056384618726967595,0.00910112324625382,-0.007260055653768788,0.002325233505746285,-0.011175454544995888,0.0011559280651131838,0.00098138436920633,-0.011334551028175195,-0.0026756497673053325,-0.02700775762020499,0.004248385014414403,0.030617796544484637,-0.005549556070965671,0.005006113322451683,-0.005639898360509352,-0.006879700364105504,-0.00726288506747842,0.008954860605507717,0.0005437678803126844,-0.005333672796549999,0.006177405474938399,-0.0017624724402128145,-0.004907222642591065,0.014612163783457727
2022-09-15,-0.004211706325603059,-0.003614764392841885,0.007233241247200525,-0.008150463492165461,-0.005740030448981762,-0.008492412785435784,-0.005571826950250269,-0.004192800027118498,-0.008329034113078488,-0.0022547877363275613,-0.005446153715140438,-0.00866396654560867,-0.004467905328474279,-0.01400166656911143,0.0077309709306878265,-0.011750157565998232,-0.018485266149333608,-0.01791726164659429,-0.0032776423928596254,-0.0033985603877707206,0.001562751587048522,-0.0044969383966074064,0.00967973651146676,-0.009364821012317623,-0.00038211231544401893,0.014726924066607416
2022-09-16,-0.0032196914741613922,-0.0007868323625548099,-0.014650873066333328,-0.013733304347637022,-0.006140805039394237,-0.008074062043241459,-0.006130015013955907,-0.006177545815018458,-0.003078428511463486,-0.010842900961857823,-0.0032372452774564464,0.0243964278861761,-0.011457570660808844,0.022386317412725565,-0.042776495177757626,-0.005747602028922993,0.003283596700553152,0.0027329545476004113,0.0009057090075810607,0.00017730048425117323,-0.003270600557889497,0.011539713323200826,-0.0002434315436064221,0.0018894800894598903,-0.008779795598020917,-0.002863738531423604
2022-09-19,-0.009126040728350241,-0.015013947730671634,-0.019423448980495986,-0.018801295487329322,-0.010367467192919104,-0.01635848536199685,-0.007597942820520787,-0.009505905123474323,0.0025609829960774482,-0.006218034939446115,-0.028682848978148934,-0.02978828494528502,0.00038841464375846533,0.01355894694760218,0.009077962740558023,0.0003624657643284679,-0.012278602326214704,0.0004175758011700642,-0.017408448539144382,-0.008281154516310285,-0.010927528736119019,-0.0012046765374761651,-0.003277861972238235,-0.007676322519964495,-0.02730435525967434,-0.01192588437094233
2022-09-20,-0.007952782101099724,-0.005564755123335055,-0.01039171520173378,-0.02478273878860728,-0.002109853859804765,-0.015556108573139493,-0.003476317988694995,-0.016786233675578886,-0.010300918033314269,-0.0023945379066492734,-0.021073408469584814,0.005195847676127002,-0.0009630900692654382,-0.005389471346896009,-0.033613605956230065,-0.026270415353660065,-0.008405738300631216,-0.007803606217704512,-0.008428079497603404,-0.0044520574856020045,-0.00517497242273926,0.0023905207307015285,-0.012028994436989725,-0.02056111648591054,0.005373226725928583,-0.0044143391232706886
2022-09-21,-0.006794096405842414,-0.006181316425342975,0.0011455364843079296,-0.00829899020575937,-0.0011490006064438507,-0.018761111019582628,-0.007522546979378661,-0.0049709296331738595,0.0018971194646586846,-0.00570216221335572,-0.004102707232643055,-0.005233713521037733,-0.003976006190572812,-0.0039056067446930167,-0.011804594589292755,-0.018694656840917284,-0.009802554555238364,-0.0035492700299175756,-0.0070073254807486995,-0.015829769626602454,-0.02622522398876939,-0.0022056528636376304,-0.00963340482776283,0.0037608865021561758,-0.0057667668989925215,-0.02179499093760867
2022-09-22,-0.004157742681401855,-0.0022637772497682285,0.003598885008810393,-0.0009737674455670975,-0.003429395772146915,-0.006321000206129551,0.0003838069701918023,-0.003873680992728516,-0.005353154398576106,-0.006555116709757777,-0.007726140786460944,-0.001246581975740138,-0.01102903112448574,-0.0029833381899334968,0.02416016535362403,-0.0026945817576855546,-0.006119532444104003,-0.009788555772622137,-0.002894812013654281,-0.0032891266861787816,-0.002975517944792838,-0.005671655421752309,0.005799606241397042,-0.0029745878227435624,-0.014251195463110473,-0.0068024692505122
2022-09-23,-0.0010604929564239029,-0.002194687168210585,-0.009507183648691117,0.005945221455852301,-0.007263201965307875,-0.010434379792351386,-0.00880861163749789,-0.0006558980586075816,-0.003607486873908058,0.013404925930259652,0.003481497136403259,-0.007502846317251548,-0.006468119743021789,,0.07754128640237797,-0.0061444787633032905,-0.010669613488808917,0.009100109716441054,-0.00932241983365805,-0.0032463629596962535,-0.019131259747789287,0.013384615734190345,-0.005863087674780022,0.0025944330122958797,-0.004483060582205669,-0.001967567199933351
2022-09-26,0.014832873504438439,0.00921835727656919,-0.00042074251978600763,0.03749561461732065,0.02766282979635229,0.009072992519316847,-0.003314060200599733,0.027910629903805596,0.006936403317032676,0.027457623749242512,0.022886490524923937,0.010334803251339432,0.02151562148414754,0.0013664060289689806,0.002481439867526719,-0.002620829280926801,0.016994003088450706,0.010394688153959289,-0.008069162825675092,0.01974529482433862,0.05189678113219942,0.009501796218575775,0.036435811351181534,0.014962933649859917,0.012561978147665832,0.03644602993855883
2022-09-27,0.006778744690765767,0.03179589916945082,-0.0005809829340442108,0.004194220869675154,0.006385221763872996,0.013435511517004173,0.010341286704756618,0.008658786033191201,0.01958479961054384,0.0032937477582138355,0.005633920731937007,0.00025391818069469126,0.01129071363140546,0.018479991587872797,0.008983407896451325,0.020761222887332453,0.005118109470939947,0.001585956199741408,0.01204711120853954,0.007043712315221313,0.011864905521274338,-0.015266668062388128,-0.003814193003179367,-0.0036924496883321972,0.00016791926283367596,0.009974416571928602
2022-09-28,-0.002206798680853228,-0.014218453068561555,-0.009997754160612729,-0.0021980541646027473,-0.003273614865579279,0.0016706952573805958,0.001854346766805509,-0.00526551991639044,-0.010735633454668972,2.7629102912135932e-05,0.008855832534733451,0.012837865382497574,-0.0006778492698518545,0.016507494305267323,-0.034787360066410776,-0.005297154117967634,0.00021330152757640755,0.003331020150515604,0.004481438994331022,-0.004041159981266441,0.004437395492645407,-0.013878354014630168,-0.006733023563191364,-0.0005899563081545642,-0.012428428483839586,-0.007114576566355502
2022-09-29,-0.007187808547601239,-0.004488104895329736,-0.015488739182945188,-0.017357437958972488,-0.0032371540985504693,-0.004217554190552717,-0.017779574978330027,-0.011246821771186003,-0.010963259102451297,-0.007357034497566254,-0.011166282062040345,0.0059695283241629656,-0.01574409392500923,,-0.03074079077323194,-0.005894234193891124,0.003225389061474305,-0.00011969995368983632,0.0019914958417862,-0.008211700793956096,-0.006277221085661117,0.00021155807515062705,-0.009289945393379335,0.0053112283071042364,-0.010785497702009043,-0.008019890262251103
2022-09-30,0.0029220650106564243,-0.005193272307954324,0.004073497773044221,-0.006979414961346908,-0.0063925076451279835,0.002346904691882559,-0.0016812804177852192,0.004567055163822064,0.006530528208219739,2.635742644908253e-05,0.0038418215561079492,0.012496994045728356,0.007309032856932109,0.02997247349735573,0.02356252430293466,0.00811163813633975,-0.0013942901229387016,0.0023989856385528974,0.00311507686297616,-0.008213489895904683,0.0017442155876155885,0.006089159278443168,0.005887424907539256,0.000682246174146058,0.006408915960325381,0.01835731322362641
2022-10-03,-0.002582961159005493,0.004213667631522287,0.005459412083970986,-0.007624986712738276,-0.011391062964222516,-0.008829932665416991,-0.008077346272117775,-0.0059357138344473355,0.0027059439308269673,0.0012736286247032973,-0.0006413932977787732,-0.012706079517519479,-0.007755922471554627,-0.012123738663260811,0.007126143241558485,-0.004917815666467401,0.000819337002085733,0.004918841429395415,-0.0010177247355218138,0.016121064281206077,-0.009729653600208776,0.008581780374128323,0.0012288265753305136,-0.009105762764120728,0.002721110681704102,-0.00876286403232443
2022-10-04,0.0032774484840219884,-0.0061895526678208855,0.0044420945019591485,-0.0011036394281630686,0.02098404915534761,0.005569425432256814,0.0006301095403622836,0.00014668812183345667,0.0015256263027084874,0.0030848638518259242,0.014317243542210997,0.0014672691470588237,0.008257259982081,,-0.02101959308755768,-0.009176853515186295,-0.005394162456991474,0.01452375783137709,-0.0018715752170479617,0.0067476014229653535,0.006046652551475101,-0.002406297003495783,0.010919133923796287,0.0007376550535540399,0.00016349216240936493,-0.00547944680415563
2022-10-05,0.003938100456791144,-0.0006369319065242888,0.01914762572153922,0.012186142655931894,0.03788958133547314,-0.0023011121554833164,0.0053191586055684305,0.013357903686198935,0.0032001721277332856,-0.005451308526641478,0.001325851437949943,-0.005639054220853479,0.005784536525662138,,-0.0032410468678429577,0.0048385293457875456,-0.005226606007116974,0.008896053328263431,-0.004134446869850329,0.00772163577592918,-0.00029597065241218634,0.003729818819431796,0.010678868556831953,0.0023948567597879833,-0.021376190882692676,-0.005909497060034158
2022-10-06,0.0076450274514677395,0.011340562806878044,0.00646098295487621,0.010395761751864427,0.002333733823104788,0.011319935958497328,0.007024029511955606,0.020914149879583333,0.007236866474396412,0.01174529573102523,0.0033193867100193195,-0.012038460600981666,0.007940393442861687,-0.007297151753305624,-0.016596745890824303,0.018416349502748064,0.026891788905075955,-0.0014919621927770577,0.007849177762884518,0.03561399900527264,0.025533550016134943,-0.012759778514801121,0.01055328479992122,0.005476839278776303,0.00531111780052681,0.02914729422920831
2022-10-07,-0.0013985130194858967,-0.0070790985277796965,0.002537141257458107,-0.0117934003720985,-0.005269663032638081,-0.010654119120747183,-0.0007068886733207755,-0.010550025509998081,-0.0033703687556020856,-0.0020214141092035603,-0.006008248092675379,0.0004115623443708897,-0.01058757095665241,-0.00531273378035696,0.019318392934176337,-0.008725577762782849,0.007432143339667598,-0.000299491470251087,0.0012024828865299236,0.0009061166139789228,-0.0156293151283442,0.0043275877744091825,-0.003989312485125717,0.00782745302466547,-0.002712419633912673,0.022540018207321766
2022-10-10,0.002104752241032328,0.0036070040968682665,-0.001337880243876081,0.026024753766683617,0.0068615479193529835,0.007394142400601729,-0.006352399253765801,-0.002103902509287825,-0.005574777571139492,0.008871031633471298,0.0007842651032639222,0.0016043094990525132,-5.309859796992764e-05,,0.020438896475084012,0.005010557064216992,0.008313450204627346,-0.011913818962722325,-0.002333385221043316,-0.005485944838734402,0.01665935436357191,0.019859829719811144,0.01004811204810585,-0.015437264120288159,-0.0014772911345132627,0.0011412706421043417
2022-10-11,-0.0012373478522026318,-0.0025591466240944883,-0.009257951251631012,-0.011793846574147468,-0.011350775710238223,0.0011229603603249705,0.004879340412748699,-0.0017456683869389866,0.002460094274435371,-0.006530931457768168,-0.00023315318969876117,0.008664897185924217,-0.0070257867450572,-0.008943360470286793,-0.0254339207271137,-0.0009488928605288494,-0.005758213461465345,0.008311980431653376,0.008087212466576153,-0.009594426742834002,0.04592412525613282,0.020838811955768855,-0.01684598932056856,-0.0036981460274461884,0.015264622682896236,-0.0060190692603460105
2022-10-12,-0.002325231431421483,0.005913708318145183,-0.005579271641778252,-0.0005366759872206806,-0.01120538741190212,-0.014383173264485467,-0.0033469834666761734,-0.011569221611715854,-0.0036296108259081805,0.006969226200665894,-0.006724493142366839,-0.005263254173059208,-0.0002470452183700773,0.0024191106759308134,0.01400304063461727,0.007129600724049806,0.005560406457670086,-0.005763721130184918,-0.011895557626543854,-0.005435026265356889,-0.01735298214542133,0.03170741499487817,0.00810182586467621,0.0036876342488567637,-0.009483334108554124,-0.009269483483113683
2022-10-13,0.003979853899420618,0.006995445695554547,-0.004473971318937691,-0.006589557396475066,0.0028449313418109842,0.016001597240402933,0.0005662355538704755,0.0025217783333982744,0.006935111209550641,0.003207379602171064,0.0009329283545382872,-0.0028987227121469727,0.005879447077000852,,-0.007263999097561091,1.8959894835052227e-05,0.0035586713592410885,-0.007640982889857553,0.0009597777905738791,0.015042099897870396,0.012869073339674797,0.018080244060890167,0.016097866342637022,0.012032195976424123,-0.018108083252515613,-0.006128414368165025
2022-10-14,0.002743455220603222,0.01945750743822124,0.001207789772426923,-0.007006709286419129,0.0066030255607953114,0.009938130587205822,0.006880776342525865,-0.010622781918467161,-0.0056945094888854065,-0.002770080440784706,-0.008692794468343498,0.009074266880062772,0.005032223233355165,,0.00606192565936306,-0.001301435908320464,-0.005044934389389455,0.002633489682593332,0.0013794124212348825,0.011609362284408538,-0.01704033356462717,-0.002118302155255325,-0.003910295981450088,0.0010704676658653822,0.008524764089089061,-0.0002667394861882999
2022-10-17,-0.00308773817684056,0.012907846632109643,0.0013879711340040496,0.002286596592332524,-0.012573431922440573,0.00039139325566914403,-0.00940744583603877,-0.011529824728579626,-0.009641381426098177,-0.005753997151859565,0.00218441727309295,-0.026474814084343115,-0.002953320363029255,,0.0038498157968198505,-0.011009989545676557,-0.0026254711391517174,0.009058419804588866,0.00568134574838022,0.010401016039168154,-0.024260396765349884,0.02912724555711077,-0.00855141563507929,-0.015508448401704119,-0.01048418580634148,-0.014280810346892797
2022-10-18,0.003877978311230193,0.01553100966482748,-0.004729683820143697,-0.004440053939584705,0.004252427410503787,0.011097156858744617,0.0012930454717960714,-0.0005553835993572601,0.0029909184261389665,0.002531918784364937,0.00770744052757838,0.009160657063045126,0.016039536004722778,-0.008165493404117171,0.009054154944144457,0.0006510188215604062,0.004462318148198974,-0.0028528505565785928,-0.006495195511529402,0.006222266024694849,-0.015784750825009464,-0.010955943238672291,0.004819101236730112,-0.0014962581706592926,0.008183745805935557,0.0033779105051357228
2022-10-19,0.00825512465902838,0.014109483628086802,0.00011710976189601865,0.007035394242697353,0.022673652410411155,0.011791865012530621,0.005736016866138444,0.00561605252576992,0.010112434821556882,0.012707456735420578,0.022117515757912504,-0.003920264129559544,0.006655095222428249,,0.03355143545078193,0.013466760291148294,-0.0023653580054094126,0.007051750322652317,0.002007223789253401,0.004229955855191457,0.018892991986370067,-0.025364178710244593,0.01917712180707439,0.01164374897510037,0.003463455512393354,-0.003597326201843165
2022-10-20,0.0022924436613984394,0.006364458909223958,-0.005501950832204117,0.01827038289942288,-0.004346170686092228,-0.00017220035174764844,0.0059032517105110285,0.006389215011951517,0.003977533731039738,-0.004327775373278914,-0.01041538957852132,-0.014003283488012068,0.004419335891171214,,-0.0014308341203818297,-0.0040906923079016555,0.013102101773008334,0.0016282765632874563,-0.01267820089935644,0.011232899979468525,-0.002762359247094781,-0.01052599327373354,-0.007270900222758979,0.015509909700620314,0.02201904564170881,0.014573817757969065
2022-10-21,0.0015977864377513303,0.0021107556977383313,-0.0035859183122957266,-0.002350540717088604,0.006116875578746272,-0.011260898833338076,-0.0016279487230373855,-0.0011610465525580538,-0.0023952854586861694,-0.00017266532651720383,-0.011021122503741135,0.0023215082385266705,-0.007361899673584933,,-0.020917439102554915,0.010131351603881789,-0.009957413278263716,-0.0024156014634721945,-0.005546977922078633,0.0006643061925859335,0.027186620590909594,0.0219951939840051,-0.0022546594156991656,0.0034762296248326643,0.016810996437402217,0.00918586895067916
2022-10-24,-0.00119311771182075,0.01293660180649948,0.006549682743250264,-0.0009163696578026404,-0.007052323083977172,-0.009131306796632363,-0.0034088444136919946,-0.002694227062744914,0.0006523028911649449,0.0030809615501202234,-0.0029914355323066855,-0.012780804461773456,-0.010456341888719701,0.001192042497472327,0.007386909735767888,0.005099434619222409,0.013437503372141191,0.0002296141250000966,0.005245318301194235,0.015046483455847649,-1.736138099428519e-05,-0.006401032191778035,0.0002391009948294252,-0.006865801495811019,-0.005893021089717043,0.0048698965451680065
2022-10-25,-0.01256322107616402,-0.020087248636208654,-0.016933580155236397,0.003185557400039174,-0.015187350476138195,-0.015435749346745901,-0.005013147561789383,-0.017520712175196695,0.00699003161397292,-0.010801058793619577,-0.014625132749596537,-0.005172097102160058,-0.005228816011598447,,0.020297560035250073,0.0012207831673262393,-7.928088037076651e-05,-0.011842980157763845,-0.004053473314031691,-0.00995051074516421,-0.01638918406150086,-0.04280781453669856,-0.023318781518362256,-0.017242399982065545,-0.03524718462975995,-0.010484683535884906
2022-10-26,-0.02052517506209148,-0.03527413205627118,-0.03141971630704192,-0.01844946961459787,-0.02971453314231884,-0.020808031665612944,-0.007819869665032318,-0.02940261189054727,-0.01663832884837554,-0.02085013733320488,-0.03680953925131832,-0.00619204705329061,-0.028035278371069006,,-0.025499349142032928,-0.018356483879681362,-0.014991924707303206,-0.01712904189089061,-0.007769751893110712,-0.0315018559497863,-0.034287983391233096,0.004119412561127499,-0.036555782041763074,-0.020468958982796555,-0.025839647340592214,0.008844056996107047
2022-10-27,-0.0004965893826590475,-0.014717114042146207,-0.004325729654625604,0.003704273433799088,0.00671704541815824,-0.0009333868233148571,0.0030009231054178853,-0.011041914701649983,-0.0022684113209819412,-0.0010741277404117122,-0.012069503662085165,0.013052462718973578,-0.009781564002702125,-0.020710161758707657,0.016983857935433944,-0.001969182401789421,0.008714888954164612,-0.0070826730950592776,-0.00202340136388885,-0.0033660687627524405,0.005157018641316319,0.0003753974722534581,0.002080374510434397,0.009283472666039232,-0.00020992885150122875,0.016484056525538138
2022-10-28,-0.015224564618869472,-0.027454953085118916,0.003304902272275756,-0.015277923746801555,-0.017200048348826505,-0.02493092276746859,0.007764480340355329,-0.014017671637741551,-0.00422240962517736,-0.01670861012710553,-0.03289569856834559,-0.01944707556882443,-0.012032021377113868,-0.036632563393085626,0.0016394153599525213,-0.017340739343003703,-0.03326629406032561,-0.005042554488904005,-0.026074962201243435,-0.008142924627958499,-0.027065084281441276,-0.011765819230746346,-0.03540530125794262,-0.012314381962023991,-0.00513580065222704,-0.023299214985332356
2022-10-31,0.003595500027039536,0.011588660105005411,0.0072225117982234605,0.022520831909997263,0.0032656112759070636,0.005730925381473149,0.0050799584213405136,-6.344522200394757e-06,0.004390794930040861,-0.004599039576001496,0.01518299433903462,0.0009589168438283308,0.0005811579268724498,0.04682571342415639,0.06671141325756069,0.003846120032109046,-0.0061591190030443445,0.002294203929678337,-0.012196346025221794,0.008547319289208535,0.004763027332276043,-0.00046642902449894267,0.016071276840936264,-0.008470575043772929,-0.0242069440527931,0.0066172777880159905
2022-11-01,0.01971931598225607,0.019082777729291976,0.026508059826444885,0.004127210462442539,0.028323218547160727,0.023812179233317896,0.01077410349023684,0.028578923863777472,0.01704366853302086,0.02057895105526001,0.0210206721823738,0.02758738973904363,0.022195048857247553,0.004932909895847992,-0.04982407070348949,0.013841406182659582,0.021431028217686943,0.02150000928744146,0.006116320585524415,-0.00048414701025671435,0.03766453220925031,0.016681699206048804,0.049376687914961026,0.024798667246412505,0.031478368813962085,0.0020116139231922403
2022-11-02,0.00015597973034412894,0.0030788265198132946,-0.009109252740307008,0.00428751835846954,-0.0009669893915243063,0.01422538983015776,-0.0025678409859303747,-0.0036113922175913526,-0.0020068864497932992,0.008573311186170236,0.0014297970870908784,-0.00562851696428773,-0.00028052038328436614,0.008302172683856282,-0.036482034539287,0.012679983133057737,0.02016925001065062,0.002790772536705788,-0.00900885579434425,0.01532722273693424,0.0062086428478553835,-0.005380010788339448,-0.007220053376104271,-0.014853121339746724,-0.006953558680237687,0.009738452004195597
2022-11-03,0.012430149322067464,0.01932561377896237,0.028253220746118204,0.008890502816374934,0.020052231578376892,0.016078611623692098,-0.0017849103527093012,0.014796135228274304,0.005545938015110148,0.007359488508223859,0.012438632586045698,0.0189665554217201,0.014526814449132643,0.014881277977878221,0.04653326094311081,0.004877829047970517,0.01484366827441368,0.004357352941136053,-0.0035017294531215987,0.008654329702497163,0.004452320765281709,-0.0005774109684156208,0.020726920585895283,0.005951011396728985,0.01051141594994818,-0.0006224170298001763
2022-11-04,-0.0037778694067754706,-0.0017557054118023997,-0.020061869860446196,-0.012627237532259472,-0.014370387200761192,-0.0018085615468791325,0.0008186548258056934,-0.011638830240570414,0.00432533593094426,-0.01022207297675855,0.01159784975966296,-0.0031518768732487,-0.008689031465557872,-0.00624814766555401,0.02519142193960784,-0.005708003393655764,0.008064771753575463,-0.004285081777495814,-0.0038530009639066833,0.0055478289917153855,-0.01829826461389178,-0.0031026609591857895,-0.011889066275238771,-0.015679211586493713,0.011643220232865424,-0.007151472119946767
2022-11-07,0.005888848018503062,0.01237148862048244,0.007527963194119455,0.0001311777273708866,-0.0014404495537022675,-0.00037140547681679265,0.004109028273965791,0.0008111020581220405,0.0027841102836281086,0.007338858493374491,0.005990492609191933,-0.011333232505250387,0.012470141796056914,0.013819966849419885,0.01381203279546693,0.0068668062484731895,0.004893339386274453,0.010995877544494659,0.002410001042103279,0.014031538551412242,0.010844849750424435,0.016339097528799095,0.014767705736527328,0.00032543951965049447,0.00724226807958408,0.006292198032196161
2022-11-08,0.006042494023178197,-0.0019976751537078784,-0.0008570632140565831,0.009307862719129112,0.019505014753279225,0.0017758012569589166,0.013458807525766758,0.003761419699421259,0.008421319894991897,-0.0014349583448706065,-0.0038039392023843286,0.007487916378716708,0.013936541241491456,0.008618751927970495,-0.03270801054925949,0.008505186782716861,-0.01105935985504044,-0.002031992500246077,-0.0014172603908182795,0.009493855027555604,0.010836197697071809,0.015290228951277879,-0.003960652306578415,0.016111539148556658,0.023080363573614943,0.006219114203667941
2022-11-10,0.008723897837254671,-0.0038414211729696167,0.031727843159320326,0.0001449278339825296,0.00035192334391880714,0.005631340527946873,0.028177025158086597,0.013010904745825011,0.0022499714063454004,0.012272300049566242,0.011557296092755187,0.0008961338338571033,0.007295404341043162,-0.003037427530655131,-0.028799579203131115,0.019290237508190727,0.006745702195827313,0.00515758094267621,0.013648325433227238,0.0009913865500355873,0.02222245784619098,0.018816505194947025,0.018376367882988243,0.009498707698268688,-0.0002919905153369889,0.015967621231914236
2022-11-11,0.006077139829893889,0.005379052484292657,0.0032839103590511787,0.0006291715915029972,-0.0013703602709028836,0.0028887609844243656,0.0034932859886815937,0.00917089505917639,-0.005037794368493849,0.006225340537860748,-0.0025925935397662415,0.003047489961140299,0.011938070449664898,-0.023513490639533636,0.0281918081928918,0.02853931547268576,0.002123127039441397,0.0006692512762331432,0.008042555747331544,0.005693087200797705,0.01649399750396513,0.013445042898145914,0.013836579651271528,0.0002533817757570496,0.008275209235587824,0.012289192121685888
2022-11-14,-0.0017866817525310943,-0.000563660729686477,-0.017267876382141306,0.002104196364292543,-0.01789323501815341,0.0050541574359601275,-0.0026749661302868316,0.008730038749955935,-0.006193526417303911,-0.003098818985479995,-0.012222495461551719,0.012119126932570464,-0.006710375612072304,-0.005128016077202424,-0.010821066883940342,-0.017527473453327197,0.018599743693772153,-0.00879606106727014,-0.007410947516619926,-0.006889918066145132,-0.027100322706478885,0.00010373315420147966,0.0105396138580008,0.0035393271906147173,0.006863752645162799,-0.0036317559052730652
2022-11-15,0.0028852744167981,0.0010205180324727786,-0.003661632150893643,0.003236157517404248,0.007217567048194332,0.0035425724494378232,-0.00048822751990681247,-0.009518408034951298,0.002212915461843786,0.003780809858519953,-0.0022981793296874774,0.002703890942940819,-0.003512887725326782,0.0015637610308939138,0.011573648135034309,0.009726094062763507,0.00806156845428447,0.010191501247999404,-0.0017791116057376637,0.0017931966394277939,0.010099179657296953,0.002820951749081535,-0.010119072662658981,0.0011701262686134861,0.025755360640247867,-0.0031618579814088887
2022-11-16,-0.0006585840421178471,0.00699386780882817,-0.017530121103380703,0.00582402653296159,-0.008892221101694645,0.003544100357818596,0.0056226722119993465,-0.003993669961808934,0.01510797451871634,-0.011095755742582657,-0.001898292944823558,0.0028337316634703077,0.0014917149522235083,0.017770350189947687,-0.011856084148581953,-0.006201580496248998,0.008263304302931021,0.0026930290557637543,0.00291793538785754,0.005807947028457502,-0.004935101056986968,0.0009326136449752451,0.006014023741912249,-0.024947076764262645,0.00396702171351911,0.01697181499794803
2022-11-17,-0.0058221252961151125,-0.010357375251518943,0.005472739916910899,-0.014751561546590542,-0.0025029211908016227,-0.004462461998668689,0.0029034659384006116,-0.006800351239932566,-0.00569832085725703,-0.012896362661311923,-0.009880159517213494,-0.004108166195612332,-0.005665263346801699,0.012037448642196635,0.0058872870031273505,-0.005279635717066272,-0.024078065814336403,-0.007374318073889566,-0.000560618610255148,0.004575892001116222,-0.02107169017286717,-0.017555077908261694,-0.008934406916497368,0.02067056071863962,-0.036232794718599734,-0.007120206667202922
2022-11-18,-0.004977808546695763,-0.0037431955662641458,0.006089846680178507,-0.008423596193704386,0.0040127968498557594,-0.007925499272376766,-0.003405064786242101,-0.006244838642743518,0.0001439495303237535,-0.011367918382502167,0.0007402714443891512,0.0008071823378302615,0.005385524695322789,-0.0025804197549350225,-0.03873966120047484,-0.005431001694271048,0.004251201739689538,-0.006558279412601051,-0.0034088764873285273,-0.004328273267735516,0.0017765108023972132,-0.00179571278716395,-0.007183114261552532,-0.0013473887169170183,-0.032809292574511435,-0.005073334727064616
2022-11-21,0.0017742101167630858,0.0022075652503681497,0.0037754574084223175,7.101823124192978e-05,-0.003537629097360281,-0.00016880228526048948,0.00989592629763196,0.009358358725072144,-0.0065061284472762715,0.003312156360850934,0.0028135794329074795,0.0031782648016673992,0.0001980450609618104,,-0.02999756559658757,-0.0011004384506989595,0.0004534326696646391,-0.008247595290066023,-0.00792328492712836,-0.005387886776227506,-0.00346013209711718,0.00424097602211244,0.0018820659126953837,-0.013383849960201121,0.02093256356846469,0.030113399015282982
2022-11-22,0.0014227580376210784,-0.000413734311466063,0.019588760492063026,0.020208536613663886,0.007685153759029095,0.012926932927208479,0.007972207990167656,0.004600035732830789,0.002132892852244447,0.0020554966604421354,-0.009966374101228396,0.004113257741554442,-0.011756801443273505,-0.0027716861598440223,-0.016015160515142512,-0.002613239388376737,0.0021303063694879444,0.007638622853330876,0.004698777968392933,0.007399430998267612,0.0032037359976238577,0.004618022383751652,0.00404921056326653,-0.001195315469523416,-0.02016178350809367,-0.012769458126802774
2022-11-23,-0.0022771546292399097,0.0057908637399743165,-0.008876897351692614,-0.01257253832534091,-0.005375519841379156,-0.008100315747145778,8.788408807846564e-05,0.0006283033527898588,0.0033914732228444828,0.003060791767609225,-0.003498226228624964,-0.00041487117720059375,-0.008086999527314436,-0.009882595756374485,0.005602671485798361,0.0037494806999903707,-0.0077329078723877105,-0.005719216688690132,0.004243933536881832,-0.009600667702738716,-0.006943130185698809,-0.00017014957336147774,-0.002921839343952221,0.016983561215640597,-0.005063634961026207,0.03572331707722251
2022-11-24,0.006898618560800266,0.01890506171177484,0.016740575570250632,-0.017652012702357372,0.010651468888796999,-0.002424320667009275,0.0020817506333457147,0.010598603454420902,0.0013177633228222407,0.007793213436131356,-0.009375758985122514,0.005409879871522476,0.011615945163681118,0.001920345002536757,0.030130881469559223,0.001394933221464778,0.004017278009479907,-0.002695846554945972,0.004706773117344654,0.0029404061687486327,0.005541969685457282,0.006382917102566824,0.01060756510985784,0.010828930284442484,0.005073631422247725,0.015995792195823588
2022-11-25,-0.00043564171263292946,0.008860338903414755,-0.008942943058856859,-0.009876018933005456,-0.003082758350387101,-0.002772864920797195,-0.0030208190673691854,-0.013429499118784835,-0.002587919046388728,0.0032735208613533227,0.0014002990384398932,0.0032088056066324365,-0.004129446965744386,,0.002831421228483788,0.0036636701933197013,-0.010867873496740269,0.013320545239367154,0.001660201627462754,-0.0026863026630532614,-0.006624997338924826,0.015674155364178006,0.0001345074887837575,-0.0007574893194497837,-0.0017690022041195546,0.013267701186660319
2022-11-28,-0.02902427224901633,-0.029259505946085333,-0.04279605858148097,-0.0312768594696477,-0.05052916986833307,-0.031497201949564436,-0.008273329793032734,-0.03420258796886314,-0.01731150364915947,-0.025654561927358408,-0.01895960239216941,-0.036549335069825745,-0.023309115191889846,,-0.032469365878931775,-0.023037660641682944,-0.027209732950997535,-0.035656280262126805,-0.034971364232219596,-0.01276329088952144,-0.04050215682587252,-0.011110845249252255,-0.03437686033025018,-0.025186843871024375,-0.04335634987470016,-0.038985880737672396
2022-11-29,0.003836992122456037,0.003180152024217431,0.0005042626076869339,0.012319936380286967,-0.0027141431731856833,0.006331239507205655,-0.0022669501012024806,0.0008275029725212472,-0.0027898626449746056,-0.0021162555810390117,0.003961806409767806,0.014871984003128332,-0.0012991042844890067,,-0.0036704662910869157,0.007292247232205229,0.007295267752683989,-0.003491665445151018,3.796566480105154e-05,0.018961599511332188,0.009774340277993898,0.01200544646809063,0.007603692551803891,-0.004624888092045587,0.008568915720945647,0.010012670232292048
2022-11-30,0.005246333617761598,0.003188305668264545,0.02699145677362222,-0.0006389147244519666,0.000490680717251705,-0.0051275546275043465,-0.009805135805660378,0.008886308080303764,-0.0017231244035112447,0.0024520516509082433,0.0009110342978229547,0.018784811435185393,-0.00038271141530361874,,0.014128196033774767,0.006331767826950496,0.018119592047091054,0.0022972671315065474,0.004273704893250827,0.030954734631875185,-0.009498494415799946,-0.008376080588916313,-0.002988819430465972,0.008811932379918563,0.032040997467701324,-0.01586031851995326
2022-12-01,0.007544858450266745,0.009158034664738513,0.0010052738863176036,-0.005484690670341385,-0.0003222085798124663,0.004295083951865129,0.015481231473668854,-0.006214319822774132,-0.0008369810838235102,0.0040140849934077235,0.017042124393435498,0.01253878232059933,0.005660919372821212,-0.027250352756519363,0.021448847143566208,-0.00297560959224602,0.020619948250192355,-0.0021594411327705842,-0.009507258640848856,0.003282314327764911,0.0034331561005453426,0.01640239377075583,0.002138891362392489,0.011685749777323666,0.04187479702817528,0.007996047562011444
2022-12-02,-0.009965999970502558,-0.0005249952815539971,-0.0050182269352763,-0.0007109238056775269,-0.0174165691021878,0.0010493673175026447,-0.01003128299964029,-0.0168782947211427,0.00022422855297608648,-0.012091148353019875,0.002910106432901146,-0.00202451104053607,-0.00636127352574089,-0.0034039372149252956,-0.0010591851982655553,-0.0024574444530583717,-0.0012162039404395087,-0.00707189451420785,-0.018589236294751635,-0.010565324914017201,-0.00701128844027657,-0.009721074239089605,-0.01603013277347575,-0.013476774772288083,-0.05336406371288413,-0.010918703161871185
2022-12-05,-0.01881365394329699,-0.014953984530009767,-0.02914914372772475,-0.030275334929750784,-0.03836613853244485,-0.023294759529740222,-0.011517005947380459,-0.021785660265592116,-0.008730258479523864,-0.01937610577472927,-0.013677229345072076,-0.00702238328808009,-0.02066571002988408,,-0.03717233104765144,-0.009230075057631876,-0.027402457043326965,-0.012765965984416983,-0.018064529494750164,-0.015236128715166915,-0.02236460666214693,-0.024433798895602085,-0.01840050076286174,-0.030911639627935104,-0.0007082818659946754,-0.013071281508542199
2022-12-06,-0.005867065082050564,-0.0022077621467737176,-0.014774651721117568,-0.03112016099306647,-0.0014442902374153324,-0.008661728479659181,-0.0010727754932691764,-0.004976300333411445,-0.0044956669491811,0.005130374910180555,-0.006357394673662457,-0.013174185423423242,-0.0014535008986336331,-0.01972490057560361,-0.01458127642338162,0.0002701445162635041,-0.011675802426103865,-0.007730818361400965,-0.011569741663860513,-0.01349047004285628,-0.0046636321075087805,-0.0017119648801934505,0.002218859399447794,-0.0025054932312295448,-0.019336933317956835,-0.002067015087489373
2022-12-07,0.011762996046873244,0.01741113909072597,0.008661605912719,0.018040421530386742,0.016314058918891365,0.011987811467447141,0.010449282565767031,0.008574744819811872,-0.006814846627851431,0.003245288416343771,0.01321210849021611,0.0024861729770396597,0.010591945179949732,-0.004122316383731099,0.02834399426845667,-0.000545886916422933,0.03374648069991146,0.01103187104709713,0.003641920436506426,0.021767631634368758,0.007001945606027071,-0.0085203775283357,0.007972383300604038,-0.000108172909677684,0.0455623649222429,-0.010833395796405548
2022-12-08,-0.0052056446485423055,-0.005305229922060883,-0.002625266443076979,-0.012300684626055203,-0.022628425877304355,-0.018011808075301595,-0.0008274532979022832,-0.01929674575307123,0.002518818575874596,-0.011392788668537457,-0.021517756611943512,0.005813879581834921,-0.006162856789394466,-0.011762846784033757,-0.03158153322722003,-0.001905075637076814,-0.006954034653430552,-0.0051601568645205514,-0.031252704553508245,-0.005818519343893624,-0.01256505959878551,0.008669924925423535,-0.006821343485329812,0.008256473831935791,0.047159397850542135,-0.009835078373454487
2022-12-09,0.0024427865562180544,-0.005673437005461556,-0.004555363767193857,0.009133269513722342,-0.003826836042562634,0.0017806454359427773,0.0010154602105580334,0.0034659321115832827,-0.0020596834123113466,0.004547587294236322,0.012923423862880626,-0.01217984679732384,0.031796771944884124,0.008177426201640045,0.028400220848019853,0.009050339168717725,-0.00744210665461985,0.00184199352413017,-0.004569004831192948,0.024545342732752964,-0.0030273680146614967,-0.020172712073166066,0.015028777502831405,0.0019493838867529968,-0.036132318751253376,-0.007399861649987405
2022-12-12,-0.004779212204877593,3.592589444668793e-05,-0.010824351579426628,-0.014385056686920361,-0.006830157916942192,-0.005332040271771241,-2.1662999332068628e-05,-0.010240796005718004,-0.0005542399112765503,-0.01121615573788423,-0.0060536224924539845,-0.005339146169746025,-0.01430915245096059,,0.040518882340872996,0.002365716496979642,0.0014253993825575782,-0.006008436188370182,-0.0036569797754523515,0.01775163794223669,-0.01587368010733564,-0.004413297130954365,-0.005966635267524104,-0.006080498485344615,-0.018566500489599784,-0.005778327122637983
2022-12-13,-0.0059657580084441,-0.0012798955395633138,0.00010869660868918773,-0.00045398999252630465,-0.003127795960126748,-0.009288773071476856,0.009221250961221353,0.0009338083915898798,-0.0011869497615919964,-0.010618003291712311,-0.004408060522185324,-0.012920482729672536,-0.006815957366803306,0.00235968346726953,-0.057776426360017695,-0.0031180907022490545,-0.007706485025127657,-0.0029042413352518954,-0.003995845359506778,-0.006866824107939976,0.0054266122784842885,-0.01110549400604835,-0.004645909217255677,0.003381060925558637,-0.028648750112851434,-0.004416539879313841
2022-12-14,-0.002504361753825937,-0.011082480700056562,-0.0038491039484772616,-0.00762828133229491,0.0022683871111993203,0.001955725389161314,-0.00593612040481586,-0.00744290443833476,0.0027134086332956586,-0.0027486012062927037,0.009705927087782748,0.005107600545818642,-0.014213395226207829,-0.016418795832358557,-0.0500710556603854,0.009458874725660898,0.0017451799648835475,-8.506188972902395e-05,0.010025608802014252,0.0075424969729641,-0.005183031375967262,-0.002230259658704936,0.010750558335549594,0.0002710231392567171,-0.01753063764730053,0.018421086036921303
2022-12-15,-0.017733080312549384,-0.026039685543890155,-0.030500467325127845,-0.009517750873868544,-0.019406527830119223,-0.027834929462270834,-0.012993427607070406,-0.017420280817801236,-0.00028497659497950245,-0.025284909822075402,-0.019455600674071948,-0.020997245093298447,-0.009087595282762642,-0.026006513693939387,-0.000492820492568935,-0.022494073630446643,-0.030831196667093736,-0.010912196382933864,-0.01657732529632928,-0.0031728549487207115,-0.022098164364862782,-0.0011073843694416746,-0.02147908477368563,-0.02274699725649463,-0.01957401135822472,0.007716286213307499
2022-12-16,-0.003706019797165594,-0.015927123069650495,-0.005185141091873874,-0.006630776778809322,0.005738018943657011,-0.004690720826033886,-0.006271603754366517,-0.005942361055411965,-0.0008699508391351982,-0.0014591506104591053,-0.017626596389511917,-0.018673978811914977,0.004196132528102359,,-0.00789169648988235,0.007351706133606806,-0.006989032103670683,-0.01013746739663006,0.00959109490704856,-0.014335824537319204,-0.005236175299024315,0.014562055351344286,-0.0072404893140066385,0.006763836086929577,-0.018923033001447646,-0.0005773698128952823
2022-12-19,-0.013919768916540854,-0.03733168269687478,-0.017206054703912947,-0.020058435380913415,-0.0027246438218487563,-0.017697624184496392,-0.008567628486523624,-0.017554451973138378,-0.014466383532931917,-0.017610337992774703,-0.037850660536559944,-0.013041737894929203,-0.019106822145435437,-0.03018899180345616,-0.018849843274047373,-0.010183797076000922,-0.040915238028212474,-0.0007143461072378343,-0.010058655487851502,0.011496593480135738,-0.019022806320404317,-0.04419864887134154,-0.018988221138251105,0.015202322905401331,-0.027506496667321752,-0.01696998080938214
2022-12-20,-0.04124524304918245,-0.035445098103387654,-0.049824276587706974,-0.03939477224567769,-0.0340722348479864,-0.04025560247605298,-0.01898765280928869,-0.05925260027983728,-0.027897359791901128,-0.03694039930386963,-0.05444472867176788,-0.027475490468407672,-0.048174414672434336,0.01338783232852464,-0.052082526203603485,-0.021613683532235334,-0.06837859734064936,-0.045254100369986505,-0.04639272626889278,-0.032044501855289405,-0.06653925808534636,-0.027565847617944117,-0.056060822928784226,-0.047443280005415464,-0.05844402920613821,-0.05595334990039644
2022-12-21,-0.009191305344538632,-0.022591461240744848,-0.014505144465225852,-0.026809147461424397,-0.00955719811128744,-0.000481146238737698,-0.01706205718186059,-0.020391136791743033,-0.014269487076204864,-0.012205405605909459,-0.026945105422604903,-0.0048402781248292155,-0.009401995363085718,0.013717236026004128,-0.009811161255447707,-0.01266544014454865,-0.010184949344962564,-0.012593110870125795,-0.011370829724583887,0.005878440596938044,-0.0513077058546933,-0.005488181195726127,-0.013732624026204645,0.0023717237962916755,0.015065546614566083,-0.0070698165904515
2022-12-22,0.021558147093195635,0.006486529847398148,0.03665375241553565,0.01587129801178616,0.011542211032355275,0.028947615933326256,0.010138987283597582,0.020108303652807174,0.011663543726285974,0.012556505101523932,0.044465842750755435,0.048461907089037186,0.030869724930191293,-0.00662655852200883,0.020612314842668854,0.02209352436703005,0.044778942963910065,0.01127600739071101,0.013299793956162353,0.0002726388414470149,0.03350038984971612,0.0008983461625098425,0.035031435923556224,0.02980417078544343,0.0329558389058686,0.053174475633197715
2022-12-23,-0.006412097381553762,0.002555996833032043,-0.017506862743271574,-0.01893535645412921,-0.013741180649201075,-0.004322263751977686,-0.0012794043140334295,-0.008073199373079579,-0.009159745127260635,-0.015343495035120003,-0.01874094432354456,0.009765244109368423,0.0023097659048532,0.0017526291167906753,-0.012511573205214862,0.01156223548117083,-0.013331564053659182,-0.011749987046576982,-0.004183122551987804,-0.0011728168159461966,-0.018204970564622225,0.0038505856901500154,-0.01058872165584395,-0.024499156972853233,0.01143919939683649,-0.017320932914611814
2022-12-26,0.011405620786843255,0.023328186876731383,0.020353927452891725,-0.006290676593462145,0.014437272006600655,0.01584655766519197,0.0060673981969559905,-0.00022283608646554245,0.008050609912384836,0.016443019108262246,0.01996326316216575,-0.001960281082062536,0.015444100291903873,-0.009812168653706238,-0.012237543796577155,0.03861420216861089,0.02884612192125872,-0.0005766517312665785,0.003304223891703484,0.010978214959355196,0.053344104788589586,0.014064672570063556,0.022542640255595752,0.0006765959806149455,0.029069429341505415,-0.0017088349608387343
2022-12-27,-0.009255020942088684,0.00767153868807682,-0.018770055971162818,-0.003319997606329339,-0.011618092634968975,-0.006950326760933036,-0.010808783075343923,-0.013096268759602422,-0.013345044077294279,-0.005882622405423223,-0.004236268114382343,0.010800045679357027,-0.013809803132782211,0.01997675575322108,-0.05133295192719016,-0.005079660240110667,-0.009800237217476644,-0.01118870000873741,-0.013043534514158761,-0.015434592794393836,-0.018899424449826868,-0.0002090169322318365,-0.002082406425708535,-0.00405317451404892,-0.019885490992204005,-0.0122263811106047
2022-12-28,-0.020041247658199802,-0.009372462878653742,-0.020498812360325816,-0.012319666303244789,-0.012972671492577081,-0.029284847210134177,-0.015066809074295043,-0.020214671278262264,-0.022569841441629063,-0.009738949136010977,-0.012419146784674798,-0.009344021501025227,-0.03041621520131476,-0.0011476046808241713,-0.032374515112557956,-0.005393016605671347,-0.025044009697548386,-0.013820401013682038,-0.0019144613986632752,-0.009184003458167547,-0.02173323200600885,-0.013964685889017265,-0.029564313506857544,-0.016996273423934116,-0.04994099684293186,-0.029073778495074865
2022-12-29,0.014770359115203182,0.02789079709047684,0.017555536094279813,0.023294608264180793,0.024801936863715922,0.009413847638975695,0.013034481007916831,0.017873411995057986,0.012953939151686791,0.017216530964496855,0.004327657857050767,0.01853691902444645,0.011980652976135127,0.011697690342732214,0.06717546568006692,0.008091927554873424,0.01105496786865238,0.009106344352186935,0.017914560626604792,0.0078619132628743,0.0013495317317650801,0.012731551853993928,0.011453826610374798,0.014048696580341372,0.0059097668523285275,0.030961618801598867
2022-12-30,0.011727865487416106,0.0049190810524573966,0.01689019132342308,0.047204110897918164,0.014019413445578607,0.009152815948123125,0.01747847998631701,0.04926938284730395,0.015727383525102754,0.015427774722725343,0.0035212292167927095,-0.01189412923937637,0.014875026110793074,-0.00045801656790991907,0.017481998404826907,0.027505623428105197,0.01646764436627215,0.011806472240894067,0.00046800167665628223,0.019289730897058082,0.01091592450143511,0.0025736776798324368,0.007572583032106577,0.009197121227129068,-0.010251217344238318,0.021100778708710927
2023-01-02,0.014780787130172422,0.0034089986148869095,0.003894768449035496,-0.020134154495676737,0.011754048678855843,0.008575722304959534,0.014989299912533786,0.005813730345193724,0.03216062637422184,0.01318341730150175,0.034403717612265385,-0.02026798819833936,0.02771649252684123,-0.023723256119338065,0.004473376442304278,0.021880609829809494,0.0554695904936731,0.003814855937285616,0.021310445751644792,0.011461313198237335,0.04715552787330374,-0.0014159335578602641,0.012876428791423542,0.017635627255136597,0.05065212925491096,0.016980016305831735
2023-01-03,-0.006408956640006635,-0.0016698294722411605,-0.011518587539425432,-0.006167273090202245,-0.011800321366537102,0.0030505718824116617,-0.006644973244084499,-0.009375929125284474,-0.001868414750321623,-0.005961754805688607,0.011108069030664006,-0.0065431265423030165,0.006211807828158152,0.003503604666310195,0.010774271992456286,0.0022641509943631954,-0.008893621122760742,-0.006084530172783098,-0.013421279861127011,-0.007969388308420413,-0.01577385200729889,-0.009611166474623381,-0.006410956632737045,-0.023107202391588165,-0.015398757472224488,-0.012378540494571507
2023-01-04,-0.002827083211890079,-0.0057559067247892615,0.0041470259995900005,-0.011167587945595891,-0.011397999247968285,-0.009920872068941251,0.005993009718438186,0.00437156497275422,-0.0038513357144700023,0.0065580823975833384,-0.0006667118872210239,0.011469274586743572,-0.01827499028121209,0.03694424100163607,-0.015389948103229875,-0.009412055384680262,-0.00214457647901668,0.001989563039576467,-0.004314131598543917,-0.001114039900389861,-0.014670308155744105,0.0072936833202235886,-0.002076024438981932,0.003025742585146607,-0.027809672804099336,0.019339903022142862
2023-01-05,-0.0009503819209311077,-0.020124484484544358,-0.005786456260344075,-0.0028414778960158095,-0.0064413572655485085,-0.0018016153414312174,0.0014651695435740192,-0.0016701690205943587,-0.00046624276834317246,0.0035973108873698337,0.0012409023962446548,0.0008786930516692275,-0.0031321504417453627,-0.014459991393094729,0.004739229024943325,0.010376466382937266,-0.0057276892497392096,-0.005349270069205228,-0.001602389289293941,-0.0016618993414515282,0.0012477689870380448,0.009538686160350343,-0.0007951398431006793,-0.006008619056183597,0.020902952513958913,-0.005991959402687892
2023-01-06,0.005359385345497379,-0.007357603911244526,0.003962255554438029,0.005318308196774413,0.008281494205529993,0.0005356356895319462,-0.007195217313323682,0.008123106531768157,-0.00023328733051166303,0.004145589518438809,-0.008696356586015974,0.002948237575346966,0.013002019812883021,0.009805376841744798,-0.007063730979192624,0.021979252736052612,0.011738511547571835,0.002028839904378055,-0.0023153071239535804,0.008668149968487202,0.06681027870435591,0.005884432088135084,0.014278055125434777,0.0040151923521359245,0.02575585609637997,-0.003224719375782087
2023-01-09,-0.016790762703608214,-0.02206259012232089,-0.02033536776169977,-0.006828434787009989,-0.023006656165067217,-0.02105396883071147,-0.011669349518599671,-0.03249170314255114,-0.013022935138081948,-0.018239553953455254,-0.02060749595691715,-0.0026532526840449934,-0.01642299946626903,-0.018697170280486286,-0.05882352941176464,0.013025568948131588,-0.003611191201295805,-0.02030469625735684,-0.014572027542212564,-0.019510865783502116,-0.007051858589970261,0.004184911600846783,-0.019135590606272488,-0.017164105710283553,-0.03710939718397024,-0.0030511765943975755
2023-01-10,0.01271630961656992,0.019624428381204106,0.015719590740126105,0.022872208561286113,0.026177093272086872,0.013563647240525192,0.001257311844632549,0.02310315985374769,0.0002480761895370572,0.01988050163618034,0.02841820810144961,0.0021658974116011338,0.016562104889743478,-0.007633871610899484,0.014269472478548087,-0.0015966455126870671,0.004941304176052952,0.0029706624683195765,0.014287253176545292,0.011232139335614113,0.015087661864350843,0.004264596036228688,0.017484268184816156,0.009921921737906816,0.02125935008791698,-0.007878480158849954
2023-01-11,-0.0062588913106622086,-0.010350841155361412,-0.008914971743540214,-0.015901548515154833,-0.015682978587730118,-0.006361660489241694,-0.002975247896678096,-0.00874825329425045,-0.0021731658063859982,-0.007507418265996982,-0.012537444508450513,-0.005626826741386204,0.003601665224351915,-0.027909502129223274,-0.01258319027084038,0.02140256679100666,0.011773442980017874,-0.018779790223843146,-0.01707428914400107,0.004015179927632266,-0.014036774222671772,0.003951734276643893,-0.006228125574313951,-0.009752215404163156,-0.015751341867313688,0.012949642531418318
2023-01-12,0.003331268734518969,0.0003707074217742412,0.0032256124943414455,-0.009467848111556617,0.017819223033611224,0.009482992562264769,0.004023512623396034,-0.00040780768741269235,-0.005742253393934923,0.004049509880695634,-0.0022592573163705922,0.03320612448609664,0.003807431450153485,-0.039263824043746585,0.006539726833138438,-0.008759249415724535,-0.007632518977992842,0.005121515297047921,-0.008025632200169538,0.0163767047321078,-0.005293730755705939,0.000559898818823209,-0.007410433134313713,-0.004546027022544373,-0.010995067073311013,0.0014200188845737427
2023-01-13,-0.008949028887504035,-0.008738894191723554,-0.016253958496663508,-0.018418637463081755,-0.0107637080450272,-0.01090123718175701,0.013096205245983001,-0.02492241278666576,-0.013326457012941153,-0.008758900403548856,-0.010446557243129003,0.0014236229230528512,-0.005780608929510927,-0.02683951206640049,-0.012534030857088738,-0.029328460817952262,-0.010644563363855586,-0.014696778982605099,-0.017849518414886124,0.0013605110185377527,-0.031337587616743684,-0.00756092364611415,-0.01379111136582659,-0.006927510808248536,-0.014572718086688356,-0.00287252570434271
2023-01-16,-0.016190118675548863,-0.012566112716794763,-0.013117058899012648,-0.02638287366507932,-0.026319750232706683,-0.01019921695308643,-0.010601513806648276,-0.017318319462075706,-0.010892268549179065,-0.018752894214156917,-0.008274140345289302,-0.009968924960183154,-0.020953734179980532,-0.02912908745269042,-0.04133307841943636,-0.024487518609897008,-0.030016487388931666,-0.0024139369145680855,-0.014593005213883466,0.007251883166290474,-0.032695817205196875,-0.01318874997305558,-0.016547881272175245,-0.01116821556407937,-0.03461580771724978,-0.0068970767262073185
2023-01-17,-0.03788933747258711,-0.049596199438996236,-0.043191537245193125,-0.03555317254175376,-0.04009977086890742,-0.024891216689149658,-0.02859146295793515,-0.04908787857896401,-0.035974456998125036,-0.028681845805761646,-0.03417632967246383,-0.018756035638706463,-0.048050054806533536,-0.0560971255069207,-0.008348494089829421,-0.04669463733917728,-0.055876210299310475,-0.04172971496077395,-0.04265815675469452,-0.034713968448575536,-0.047747797148685905,-0.028138027919973753,-0.05192890841918471,-0.05058630978030144,-0.03924447993653005,-0.03743508125084477
2023-01-18,0.00862502804395488,0.0009119048760910659,0.006154727529496211,0.0008344092086768062,0.013571095094916719,0.0015869518196807546,0.01118056335935712,0.01107658109665191,0.015143182787980134,0.006447298423234555,-0.002189353873189507,-0.021279732615662378,0.02224317818669447,0.0055756485880026725,0.008599046007199462,0.016292777266215003,0.029392993592748762,0.016888627858899868,-0.008953240445142077,0.021283772855049843,0.017550119283669285,0.012379249675665935,0.01010850879658205,0.016480710088043936,0.0037761969327943998,0.015097182190686342
2023-01-19,0.003465777980967121,-0.0009545420238900654,0.0037917031447108527,-0.017298959152186228,-0.012521907136147176,0.0140037593586545,-0.0060578545888822595,-0.00799718783724368,0.00020947991726280195,0.006577411387313024,-0.002889798562603796,0.022067395179855294,0.006744707269668397,0.03133261667756523,0.014547475472440582,0.022740136698123276,0.014906944496090846,0.007196120578159755,-0.0018996990345663883,-0.0037591339177551674,0.011158110979019309,-0.0008771409299623834,0.01587473481138216,-0.007408719470586779,0.012237933057138894,-0.00956518126934025
2023-01-20,-0.008861235782441967,-0.013672500722703512,-0.017752131405949525,-0.0014018413371941947,-0.023063300048816997,-0.013554780065054062,0.0001255004000155602,-0.013092094406143942,-0.0007347757143122571,-0.015902944669308763,-0.013044412104599315,0.00379793200917683,-0.009479470693390495,0.01684860982365625,0.007992477786563913,-0.010947076210772066,-0.017923405409156514,-0.015044550790084404,-0.007110873761844914,0.01455843400508753,-0.025392626509503247,0.002480008077762987,-0.025914211902351776,-0.005552654664598303,-0.002230274750616477,-0.015944001028443733
2023-01-23,-0.0019670209365947465,-0.006981856629029426,-0.013320133392782466,0.007239834505029259,0.017709182330742968,-0.002500267825691936,-0.005506420791136372,0.004310531277105854,0.004680312472616751,-0.009840183340010775,-0.010748933369772007,-0.01084052606003021,-0.001982361459213674,0.006161895456766005,-0.008625753262019998,0.01621487624772422,0.001141021928008221,-0.01019884972926613,-0.010501246439971301,-0.0031605431269162796,-0.006962251933419733,0.005682926355486118,-0.004228775387495791,-0.0026407746090053824,0.0010621978358604472,-0.008816043179103006
2023-01-24,0.015454810081236448,0.016721637464104756,0.0052135531579911975,0.023855944140571062,0.041326052413005285,0.00523473469678893,0.00012808128434434461,0.038406748128637196,0.005086899442968695,0.013509284207059338,0.01265680416031727,0.015987342368236408,0.01610757554839343,-0.02234447811475045,0.02322705314009661,0.018228882755154857,0.015867225562163634,0.012043475923152636,0.012110890520034235,0.004980148276147533,0.02142475959947221,0.020539600901286724,0.033201876107026226,0.00859231463964036,0.014395820222973026,0.01690780026267244
2023-01-25,0.015342701809628158,0.01621509740615621,0.01262644166396068,0.014771268192493369,0.01973898314672272,0.008028019593703813,0.027765240630218853,0.004898233348841726,0.013283660108416402,0.02131994684354719,0.013458368577641691,-0.008616285940643105,0.024395494183535236,-0.022698289466600425,-0.0008108589076104408,0.019151277118094223,0.020461260665703064,0.0153399387691263,-0.0026182963394296216,0.014127519262100628,0.021796349563827977,0.020565307146404126,0.018643324443074514,0.018127568850286276,0.025806138294554207,0.028071497023459013
2023-01-26,0.019965710614631805,0.02276830887857877,0.014923256813827557,0.01373168385030136,0.028201068601894516,0.011276941552572736,0.02594870594119355,0.02462220400993065,0.02780702999747864,0.010806315745973372,0.014799249730571265,0.01071057199888967,0.00821563712735216,0.03344310853368049,0.04327600902599229,0.005739407606889346,0.016800854072067724,0.013853167589745877,0.014913821870866725,0.01684251459821484,0.06679343369803209,0.026626024461367852,0.022003220393485252,0.030647654809139297,0.024436525174493566,0.022048424656017918
2023-01-27,-0.018351091940055412,-0.03143521895810014,-0.01597889176766365,-0.024814179585208446,-0.02923445045745759,-0.011826251227402372,-0.018538676239635194,-0.04296195518860781,-0.0186831873208755,-0.003551283019738579,-0.02750141558358234,-0.029820106833620234,-0.01860400012622988,-0.012491108354603467,-0.08303840640929554,0.0004294079874274104,-0.016770380688975038,-0.009032931932623028,-0.020693951121941598,-0.005422864276222612,-0.018105150293904054,-0.015171980310939701,-0.024160564337347305,0.000624671487535762,-0.008442715520628006,-0.013329356517151197
2023-01-30,-0.00967569770279786,-0.005557661638469424,-0.008706953300104039,-0.021196539360551124,-0.029976691201035868,-0.019702613576559284,-0.015070635323076235,-0.014436925127461928,-0.007472603877760752,-0.015052612812405448,-0.01147816743961507,-0.004271212102132342,-0.011205673623851942,0.007857923638261618,-0.011019785159572826,-0.007806257311739784,-0.0017207539758841274,-0.015698172527139606,-0.018111774576316464,0.0009817483511913583,0.0066847252936590995,0.008403339805822316,-0.012832754700615425,-0.003201560791862179,0.0010437961203634352,-0.01180799690320497
2023-01-31,0.013240033747603604,0.0071052012292311065,0.008376566320213077,0.004759723335213684,0.018595697620987672,0.012556018665338,0.013619266726384582,0.012604813800741474,0.019901607509824806,0.014390869157548367,0.005988303075420291,0.00348872501714453,0.02128785873590024,-0.0096730091650922,0.027132562646174474,0.021111613441900268,0.006681056387411726,0.006346116838824065,0.038666164105449506,-0.0027473595530220604,-0.006004679565038112,0.027629971891730613,0.014527594412004506,0.002743332873415804,0.023522868933607038,0.002051067951632679
2023-02-01,0.0007693242044873467,0.01510769920229632,0.011234416576446558,0.012477969013070921,0.0058489684307264245,-0.006266201479807873,-0.0010891069407479538,0.0030717414627663624,-0.002224670976427312,-0.00409339801618358,0.012420326203041196,0.0042790324211349085,-0.00943186050758496,-0.006055384880099601,0.020921157204798296,-0.006589188808319296,-0.008177177956427384,0.003783383147815741,0.013533271971889027,0.006085572610693852,2.8830503140953034e-06,-0.025066633570521545,-0.004420521969028123,-0.0014029865232709918,0.007767427223508105,0.0028398962856476992
2023-02-02,0.0017490104565267752,0.006614190522284314,-0.0006882967746158249,-0.013625682330356525,0.005606262767261672,-0.004473580741578702,-0.0015401854346988742,0.009727974495825964,0.0009666259451220428,-0.0001258631632029203,0.00810844273455589,0.017843646282876373,0.0047819374532678,,0.0034089394255926533,0.0033889839750878836,-0.0035230418666650034,0.0008532284007798374,0.002041086219879884,0.005279044036860041,-0.00219152715429341,0.0018740990017305328,-0.0033050313671481547,0.009349361132722256,-0.0024020121913868042,-0.01273988699009121
2023-02-03,-0.0030217192437369937,-0.007912866267909213,0.001835149223193468,-0.00031263655692630453,-0.006079167349455382,0.008290652302332812,0.0062801429925100575,-0.011699474683713526,-0.0040039720281620185,-0.005025958664111024,-0.007954916617775531,-0.008070223107943541,-0.008311287283824737,0.009344137760371204,-0.02793009871329949,-0.003229151665226415,-0.009743089329250079,-0.0037151497724430133,-0.006858323828116575,0.013781581379482728,-0.019019606092757158,-0.012344598078100308,0.005826811688348953,0.007056706889935989,-0.011047446905316291,0.010316241054995179
2023-02-06,0.009985538393193842,0.004371185729010962,0.007376386052122014,0.0033765086441373882,0.011925831993202917,0.007078224276485745,-0.0002797089315405843,0.014977789033983354,0.004711510255693481,0.004979661319501155,0.014665116468142558,0.012525485476548281,0.010737724513899654,-0.0011914639725551697,-0.011008985302052946,0.06043025016946163,0.04564101681261658,-0.005757783792548085,0.003742250256605928,0.012571990407758334,0.01760288801907861,0.031705012258840155,0.013663497383556416,0.0017923391022743249,-0.01048203521522606,-0.000271416546018477
2023-02-07,0.004855419004796805,-0.012314994681253267,0.008007683390478606,0.011624871424593786,-0.005496458737272269,0.0074277164231916866,0.01559012916092437,0.018611712589363682,0.00051950722723036,0.008457829713739113,0.014725076631858458,0.0013417607945795718,0.0022662695224585586,0.007913907191183511,0.013449288027910145,0.02247022190602213,0.0004227100997798747,0.005095624175864316,0.021049480142952787,0.006181317967409767,-0.015339912589012822,-0.0070427369305180966,0.014418648259981983,-0.005368902815668591,-0.004296829639490649,0.0064664920703151885
2023-02-08,0.006841944507538395,0.028631039624000636,0.010634138102833948,0.00867040284493963,0.009699725776986055,0.023360501992095644,0.002019653339256374,0.01084810971224547,0.005489098699313836,0.002347633189970304,0.01219784521099504,0.005038723985922533,0.0027537988158975023,-0.017810523152457597,0.011475938201368876,0.007735233969420913,0.0010969402936898964,-0.005996299576156966,0.04835391783996325,0.014555334122711419,0.002642296391233201,-0.007803869598793218,0.0039987541938714295,0.0006773070270316477,-0.005870785505845244,-0.0056589158399636685
2023-02-09,0.01893909894860733,0.007949793172545716,0.03156335550622459,0.05234929579345745,0.03693521287882809,0.01250258845001917,0.021681830739865984,0.025777614907143465,0.012014507072489158,0.01446910068733293,0.02940811702152457,0.0165719745801194,0.008799991316551759,,0.017926893713383296,0.023771560531627683,0.027007677718168352,0.03765100534188301,0.0304776311147932,-0.0028347261658962114,0.03214001868145627,0.011793619306416894,0.01869954104248861,0.020504050498459922,0.021333685327244348,-0.0023295910490764293
2023-02-10,-0.01407967038637787,-0.011589159437664342,-0.011037143598693868,-0.0129504097436135,-0.016053200915615004,-0.007636414086766473,-0.014417060867836305,-0.02672655420110651,-0.015211855258698124,-0.01273920660430839,-0.0072440760075455635,-0.020588173829721976,-0.013294834997529762,0.02690346364135728,-0.03207064125843354,-0.03307335254564697,-0.0277579912211045,-0.011755589989422485,-0.01036701660451917,-0.023417367145417787,-0.02661629983146027,0.00014724476578846315,-0.02004890907046926,-0.021067323376799424,-0.007580746498850599,-0.0026690434945350894
2023-02-13,0.003400420423302456,0.004847056904569977,-0.0019417155307283052,-0.006975216670414637,0.0025164456466951063,0.007275325966837808,-0.0029023834707137862,-0.000543403013873169,0.0007631610849957449,0.014465694838587746,0.030703440913820008,-0.0032055759835263246,0.003948833679732193,-0.005809169836242615,-0.0027045989853353714,-0.008632025081025924,0.01529032348740965,-0.0081331129526198,-0.01675259222834223,0.019655916892281498,-0.010970104833271571,0.01533796975927775,-0.004923302858041696,0.01242722097498004,-0.007963517323966822,-0.0030912696167082845
2023-02-14,-0.00968265430065051,-0.006362655836611652,-0.013337568842386474,-0.020729505515856617,-0.019126558780895808,-0.0022109558566761173,-0.006284882842846229,-0.0194693472086588,0.0020945241053945208,-0.0070869789474168575,-0.004080119645315887,0.008714319977656874,-0.010633302432158017,-0.0097343236395179,-0.00909123476373012,-0.02197333386971101,-0.017396351034118778,-0.012531453936760441,-0.02646926053713905,0.00022573511476473414,-0.01572579775914809,-0.0015195462639565958,-0.02661122458314675,-0.012555039395914125,-0.0047266137149973375,-0.01105047789847416
2023-02-15,0.0024200799525530316,-0.0002780147940664612,0.0010958220142037098,0.001686860284732546,0.005068420736620972,0.01873930918707662,-0.004397865575883198,-0.0015725887629964297,-0.004268148651857666,-0.0019228377488457052,-0.003551568395363395,0.0009014796850940939,0.002162576729156306,0.033802195433286525,0.006802898619108821,0.012367309683738836,-0.0016687247532297667,0.00017041279039810286,0.008165030871761736,0.009556804504485514,0.006095679581901825,0.004496287833306208,0.0012880746412712943,0.008649536698260008,-0.014610830230680053,0.02109540363391965
2023-02-16,-0.0085943210403431,-0.008929210430336931,-0.0036855559992758752,-0.019754446401033316,-0.010364024374883995,-0.010249129448927393,0.0023303940075004932,-0.004727817474254288,-0.004638465995503295,-0.002353427171667804,0.003400596223006258,-0.0025347239028497446,-0.01153181911974867,-0.015463072805499523,-0.02319903410893731,-0.01833533207471172,-0.010147252315356748,-0.010628909400874671,-0.009971000236182408,0.0014166517814268715,-0.005783708115355363,-0.014927409944115247,-0.0021705729885086694,-0.024677281353420333,-0.01029271805469123,-0.017397697536787382
2023-02-17,-0.0005988483336546876,0.008424129326316754,-0.006086276846015389,0.00458671766475216,-0.0017519951545131788,-0.008848132840269538,-0.004602793068499835,0.0006484896016696421,0.003984559563887927,0.002103357527836494,-0.013969770456508082,-0.009848197034231614,0.0011386235721919306,0.038057820204717485,0.10421948002593165,-0.002830600523941823,-0.01942908791474316,0.004486596745750122,-0.006751923377262626,-0.012980200432174429,-0.006666820628883324,0.0006713761984312866,-0.005947580157807965,0.007653914977934373,0.005748359661897033,0.009902557306170429
2023-02-20,-0.011930484009956976,-0.013276243127388055,-0.024848440172667217,-0.011007945507040585,-0.016890708009378117,-0.013960642613843572,-0.011367581540860181,-0.011898030559856268,-0.009017684045412653,-0.008299045456145493,-0.01106776395811739,0.0130742969658562,-0.021291183276303784,-0.037338404962004745,-0.04318920801679423,-0.02370714042696251,-0.03329117712335388,0.001698825913327831,-0.014483788563662095,-0.012413318690030662,-0.0064451001811360875,3.323702249654917e-05,-0.018374542612196627,-0.0006925475193542312,-0.002145334652559505,-0.007510844933534849
2023-02-21,0.003633627054889909,-0.009235185186553946,-0.0021167171056323264,-0.0017009475755871972,0.013552159478022383,0.008477749940178343,-0.003648171381266146,0.010319493919945345,-0.0025561000731141948,-0.0013440031516729475,0.011909992530345118,0.007241534855602527,0.013670655057819022,0.02102102102102103,-0.0014063021813562337,0.005398613818902082,-0.005184159682076528,0.016101298923038704,0.007460863270889277,-0.004925267392017579,0.01981531821102528,0.005138322087348546,0.0018799392228655326,-6.766605440865676e-05,-0.00024908298833509706,0.0032374276094950063
2023-02-22,0.005238992606985878,0.008201892505302295,0.001842957714200336,-0.0051889387197540104,0.022273066366766466,0.01009610057883513,0.0059053442238727,-0.0008517634567592747,-0.0005088320241897204,0.008661307642196671,0.004066123517397324,-0.02370706789915007,-0.0031892958392552365,-0.018836029797645537,0.03461941059702363,-0.008174207193747063,0.012304127327268908,0.019044446230299855,0.0005559566626630264,0.005784050173884717,-0.0002667691761073232,0.0022498300314749233,0.00504468653831573,0.00663922317686097,0.0010794757370918469,0.012804109998116736
2023-02-23,-0.008444585846799213,-0.00040079620971658316,-0.0013105128893804124,0.007187889844490747,-0.013393223174809014,-0.01382487199497296,-0.0005463107559972036,-0.012389427406163,-0.0029074209262449475,-0.013931145946910667,-0.014953668951789179,-0.01558081357254743,-0.017992599252839706,0.001631963414626264,-0.006388974564496696,-0.014884050136923871,-0.012622925033673583,-0.009655659075936546,-0.01120480631380342,0.0026221595057638603,-0.01616371395768096,-0.009888676171079148,-0.016096702762260853,0.0002982356057886087,-0.0019354354749833952,0.0006941630860168116
2023-02-24,-0.005806486219062766,-0.016035649851278144,-0.023683577154470496,-0.022676646162040126,0.010505976706106956,-0.007619282690681388,-0.010160046355693004,-0.005468036544719307,-0.0027540879992284306,0.001431810997491906,-0.032767372883088064,-0.01894249793640739,-0.010495011852440558,0.01507174385232965,-0.030188162733554336,-0.008017946066229464,-0.01928665322774434,-0.01044383516757226,-0.01102932603407415,-0.006837196274826707,-0.013410205753082938,-0.0011341439009497217,-0.0054606232559189505,-0.002932678420661287,0.03866288094541036,0.013804848771233724
2023-02-27,-0.0028926673906893683,-0.006592505790521133,-0.0068159812524357655,-0.001191510059005511,0.0059140516772009585,-0.011426754374570714,0.007679238024395956,-0.0065536180148480965,-0.008060169171510994,-0.0034162113693830204,-0.026929936100974477,-0.009444573890317746,0.0016626370277354964,-0.0018963916233489808,-0.007562204902125748,-0.007084135940992914,-0.00846581227613309,-0.00027810067915914893,-0.0023279511495190772,0.0027067278655300404,9.096259166394005e-05,-0.017692868452607313,0.012343022662688195,0.010016950148952016,-0.021506996207481078,-0.026359744729396006
2023-02-28,-0.011189480946696145,-0.01367071244670189,-0.014516735651263879,-0.007031939627386308,-0.015093867396580732,-0.008802084122773739,0.007260339912778524,-0.007460700728028261,-0.003612612069040233,-0.003981013227735158,-0.01703094081896585,-0.01184150440365134,-0.005346017934519769,-0.021952343428964405,0.004892299249750225,-0.027656456183065836,-0.020983032654305577,0.003983257882220806,-0.013433149344632911,-0.006958903561662534,-0.02061617682297312,-0.021574057855357858,-0.008353931412219018,-0.026473152629588624,-0.03051583455721312,-0.0068639517742998535
2023-03-01,-0.003961201755164845,-0.0005612760529667138,-0.0007075830887630271,-0.000417525500766347,-0.010437684058209714,-0.01502900115013487,-0.006585251279037453,0.00032187591787107467,-0.00021913490636771282,-0.0064660330593916465,0.006541621851843389,0.023152579994225042,-0.01405382586690497,-0.018651699293987828,0.013053022593012387,-0.01118308205941937,-0.010755767143613083,-0.004300521131931642,-0.008403752669044855,0.0003275632578500797,-0.004165211442989841,-0.02820115721212474,0.004640599198185142,-0.00914704572166823,-0.009845715990530381,0.003953454630234554
2023-03-02,-0.0071993655052941105,-0.006564516582914048,-0.0072791056149244604,-0.025547287569735455,-0.005069082365560663,0.0009008878523403781,0.000774548557400638,-0.0066682078128585025,0.0013683599257406762,-0.0029361790845710816,-0.010490889737484077,-0.010846211012025733,0.0007771331156060493,-0.018947321472061462,-0.057890371128139974,0.027395099375288612,-0.01076583873281578,-0.012372789979458246,0.003516687204022786,-0.003968373300474208,-0.011236024179612641,-0.00899089479337324,-0.011907574919600603,-0.0013576675395114979,-0.01607240967254779,-0.018586166973757146
2023-03-03,0.014551346030108532,0.01435417847947651,0.019607723455748776,0.02088226477747679,0.013612290199117427,0.0024729131310913125,0.007955293308029396,0.0045151955894651985,0.012400198591322449,0.006564077634703114,0.022234654965603395,0.010890075270362995,0.021779117529282622,0.0269840597047785,0.09152106504702338,0.04210176526490353,0.04042443751233492,0.00732977104248439,0.024152440155970335,-0.006672000893697889,0.04237252942670444,0.00772129788226702,0.01861383868044831,0.019302538973499345,0.024749348230729207,-0.0019543475956875778
2023-03-06,0.008334179171999998,0.027476439965947744,0.018762044258567517,0.011074145273382597,0.005941550925488781,0.011275480322995012,-0.006978413526971779,0.009516532559556923,-0.00867037766484456,0.008424882207446822,0.01142751735740107,-0.00210777370322495,0.0043205086012280975,0.02034014460485049,0.0063204559875786655,0.007089250437859074,0.0015210036034638676,0.00419036902211159,-0.0019009152320265676,0.00483515890820584,0.004025311857501629,0.026882563240233637,0.033289013291916233,0.016435109596925148,0.0008236957288040719,0.010455690760969666
2023-03-07,-0.0015282841042722302,-0.008258700722227749,-0.0004815797953479877,0.01429650354991289,0.023068226022841365,-0.006495627088349936,-0.0071824190399897726,-0.004229403703465667,0.003574185152292099,-0.0040097058001435145,0.006534169882425518,-0.016000269995644172,-0.01207425171830701,,0.022214189090719233,-0.01036323993599772,-0.0039204697655520725,0.00032799425502108966,-0.00183352007045486,0.004366075903260408,-0.003997051992989553,0.015946150975682877,-0.009529361519032544,0.0025737170528939758,-0.02601245073061246,-0.005172372235982131
2023-03-08,0.00044925393650274904,-0.009712862861341976,0.001660705944561152,-0.008454524154490292,-0.001978068362272163,-0.0012556458393157,-0.0004282792572903637,0.018195161342100363,-0.009250926370794419,0.003548160934262234,0.0033530910189069063,-0.0012725268087753205,-0.01600458921547834,0.017383053846358854,-0.015945814151465787,0.004018108958833394,0.003326188203622059,0.003390399772717077,-0.0009207339028682254,0.008053160391043297,-0.0016677022075778092,0.001340316121483298,-0.006015173558733267,0.006741416784084775,0.009442654506015129,-0.014864506183148135
2023-03-09,0.011529808901181302,0.01514365929093664,0.028550321275138124,0.00021031498242407576,0.04134392394273367,0.00836220966384061,0.008949794496731488,0.027497759833186187,0.013611169308274742,0.004289774527146509,0.025594283159366127,0.01035934811730247,0.012758622460322616,,-0.019800995024875628,0.008762639391628635,0.007714341955543736,-0.0012689655878719425,0.005345217328714208,-0.008260597789459284,0.03178462875614352,0.0026185726039310206,0.021550315523167385,0.030064540304129344,0.0009921351809326368,0.02094220221601875
2023-03-10,0.014925692571934712,0.0020705953268073613,0.00663437860605165,0.03858769169018657,0.003987087998198846,0.014257990035277642,0.006791306732377004,0.018391746354873322,0.03769394592882541,0.021372657198472665,0.04072441814109743,0.009037165757380982,0.02446419939888171,-0.015847998197752483,-0.019815389924085602,-0.005202218701106015,0.012093690143234605,0.01578378099175383,0.003377958717362967,0.008311982479126491,0.009280641772208748,0.02168401838452164,0.019285129875908708,0.019636656220656832,0.03363951504764533,0.005219982921395139
2023-03-13,0.00010431702048293987,0.0016964123591800217,0.005245321747773868,-0.00046576445936303835,-0.006769341389457638,0.0004366302893052121,-0.005196000722610815,0.001967978382375372,0.007856541569314812,-0.010340171162800685,-0.010744774353283193,0.01020579303085533,-0.006169751264150266,0.0010375969727599206,-0.02057713459133432,0.03821697645214611,0.021704067879924946,0.013227640318036376,-0.0032642923443309854,-0.006020617823125954,-0.005980337472540259,0.0005067767490812735,-0.0021177497877158313,0.00325293541085301,-0.00041599540749845214,0.0012024765812505
2023-03-14,-0.0022309973760483836,-0.010644445252314361,-0.0033153630555975105,-0.0025200536938895235,-0.006767701239186595,0.004456969210900948,-0.0023729249666764097,-0.010497864114913704,-0.0011850005477053172,-0.004562894881216972,0.01852253542340689,-0.0020459381568337853,-0.002957026014750433,-0.026581093379647258,0.036569928762823334,-0.007559961040154939,0.002979939259254416,-0.010987051905996295,-0.001526757473344087,-0.00816966120942206,-0.0031792071071924943,-0.0003924839559423675,-0.004371801511494688,-0.012262040907906335,0.0025899435929128056,-0.008338820546783199
2023-03-15,0.010886148274502582,0.008092261789941857,-0.011875649042435479,0.013167895909822435,0.040211756895432466,0.009524975128355883,0.007489466414788835,0.025594972481442945,0.00010340641140745473,0.005781605856030521,0.021712118596923142,0.004506856633358165,0.008175597545758629,-0.0015404804131224543,-0.004036882536095132,-0.00600483261945306,-0.0035308092448115167,0.011595077748578661,0.009263667877540281,0.004238188609658078,0.0018516567617407886,0.013565887980020251,0.0006195038022630464,0.011037313848775439,0.04793454669905461,0.006233390920950377
2023-03-16,0.006013050755640409,0.017594766221834805,0.0048872922168219845,0.004048451740541736,-0.004494215807479031,0.016817209807854276,0.0013112541512230649,0.008228185063762808,0.014880324267412275,0.0010563542773007984,0.01929882002510371,0.01936726831494539,0.005818758374601184,,0.0024329024820317307,-0.020371718132564026,-0.003894167050285657,0.007707631727728009,0.015131445447120985,-0.0031111790980720144,0.004052080121405954,0.008939703916442054,0.002747657203858056,-0.0026693447961422478,0.015390984093890815,0.023819467854023446
2023-03-17,0.00048498420600910457,-0.003227988968489817,0.00928272593465132,-0.0022721223945801673,-0.01087952400140095,0.024756124637794,-0.00504812556801696,-0.007280323230058884,-0.016771617035790942,-0.0021991481706441756,-0.006804595395669984,-0.004878584107933404,0.0021445640102378816,0.01570002381552338,,-0.007296138068242752,0.002506444608898839,0.00037258258565379954,-0.0037841095649258083,-0.002845938497722864,-0.004404263356476784,0.02236454011201374,-0.011941688543266762,0.016806433878557552,0.01710706370375777,0.0038967525270361125
2023-03-20,-0.00031944977724051313,-0.009223366399080514,0.012570313813742582,0.002271436573507405,-0.016983540382340852,0.005772163196563011,0.008472404307148976,0.010203099613297703,-0.005993687033120754,0.019996168033052507,-0.0024889706253702903,0.0022163734916155566,0.0032306402287658686,0.039927391563015835,0.005080721747388384,-0.02326331081607977,-0.006717035166226497,0.012304553763747807,-0.00553310207504867,-0.0016658714085363568,-0.00931309391608201,-0.006469851621445588,-0.0039401905651703225,-0.024960816724457106,-0.02293341770112936,0.0021122209242181167
2023-03-21,-0.0039187155116290765,-0.0007582845869328213,-0.01779094720936652,0.016690246053438784,-0.00421083873998882,-0.004498566195394068,-0.00612247512564168,-0.00015617296233396324,-0.00812403016275228,-0.005546212035738302,0.020423197375386615,-0.005232579436823545,-0.009979448479665112,-0.018949242957802908,-0.026323252084682364,0.014894829599189252,-0.0019363195862071802,-0.008805421368118491,-0.0009692827981175015,0.0018196717937856248,0.010046602067835197,-0.0016721705050951386,0.002823317103453473,0.007009132501210852,-0.016841118576704756,-0.009037465983541196
2023-03-22,-0.014988651199712245,-0.010796608087375792,-0.007275405206999985,-0.024857511344715966,-0.019911181040120532,-0.022545646919426603,-0.014525247688500581,-0.02593367680882404,-0.014041943301064971,-0.0192021663478916,-0.02445980376662632,0.005178978013795275,-0.02138127078350077,,-0.017208629508202178,-0.013646721568352532,-0.022375714327138425,-0.006937848807376404,-0.011826046239045152,-0.00292008722429032,-0.02220001827624396,-0.01647581032351216,-0.018431995507534084,-0.012817521042138,-0.005013179645981674,-0.01636688645228353
2023-03-24,-0.009707116237439592,-0.01276575544153824,-0.0002749761003903054,-0.018400328126336164,-0.02034963772563525,-0.02412825563572459,0.0008058032309998187,-0.00986874470877494,-0.003832337651444465,-0.007984086275009142,-0.01934685262441334,0.0029116840097027957,0.00539027693511593,-0.009220563712892408,0.03267824254404253,-0.011465177256182707,-0.015790363621766296,-0.007469214720226468,-0.01395615688104726,-0.005506453950182566,-0.010353867376428488,-0.0198054030415449,-0.01073475704293583,-0.009548407145153814,-0.028351639264976,-0.011584467000070505
2023-03-27,-0.0018676412492450718,-0.007356029575111622,0.014219483565733937,0.003167003598019996,0.001206191780875197,0.0018429507692158803,0.0013381720645660293,-0.001671301276367887,0.0025831987896527725,-0.005729968423890157,-0.01322399869911578,-0.0004101601152552375,-0.0033906276482459953,0.004641665637657555,-0.049509361736192324,-0.0003777306626321919,-0.012253314381164993,-0.0030493809870164148,-0.00752677994149914,0.009438563986057774,-0.004573937408439588,0.019905019359387432,-0.00012144755850425546,-0.0018705577059330014,0.007925832097346942,-0.02932644768464443
2023-03-28,0.0023099472620735396,-0.006397030446392593,0.03402926069661864,-0.007706530474485607,0.009857778523408153,0.008241552222571343,-0.005846730052320544,0.014208561646617166,0.00413283490823511,0.00039801925642965165,0.012123291742233719,-0.012860695836828917,-0.0009886464133732967,0.017780423280423313,0.04595863280402546,-0.00012182415698194782,-0.001695436737182285,-0.007542796115717537,0.005966279562683155,0.004359558183406248,0.00999258048380347,-0.011177095699272666,0.01444445249041267,-0.0023814359171479105,-0.021839400768037195,-0.001005090025597427
2023-03-29,-0.008011015964299198,0.0071424407985881235,-0.013648396440887953,-0.016591156442689714,-0.004708389086782046,-0.010237897680376662,-0.0016268539839738305,-0.0155900122479107,-0.003237009750918766,-0.012074582708441084,-0.006565058668330219,0.009788490115692423,0.0007886111800686572,-0.006962289136370055,-0.013209473644032263,-0.004463640361707127,-0.011125003637868662,0.0003323888832061282,-0.015249217956961686,-0.008677130603886196,-0.0059380396919059,0.003797396567042045,-0.018379444841891333,-0.01718897535292123,-0.025957006834678432,-0.023268967521442696
2023-03-30,0.001860423242233605,0.016076404917686075,-0.01114197804552654,-0.013548059302264418,-0.0032716416954848204,0.0017865724724681778,0.0019684880013222956,-0.0008089353761360866,-0.004740241460014912,-0.008750882295421262,0.010664089480437122,0.017233934696323106,0.0011772413000137381,0.018111680576676448,-0.05182114471024807,0.0028689005587375915,-0.004229720235919955,0.00989280739035829,0.012371766427912975,0.004093243503418942,-0.008792019041349242,-0.005302511402216677,-0.005290525086268094,0.006276492616910343,0.031919349256080705,-0.0041523573161340865
2023-03-31,0.006397749578478897,-0.011371344770030257,0.0020798453043886977,0.039036359679793665,0.00453558419471662,0.005815913254935919,-0.0003870260823698457,0.0034385852088458144,0.0012115395927491113,0.002060668222521117,-0.003385660717365254,0.0087819179026389,-0.007321031414574001,0.0200449082401765,0.04537519781251005,0.002494955306400315,0.010178804179169942,0.005217978297934814,-0.0006736621129465603,0.020765934658860716,-0.004096493516869221,0.022546316413559864,0.0017924282798410006,0.009236531313106441,0.025645540979714426,0.025093782844962165
2023-04-03,-0.005823453716907935,-0.01849661318032895,0.001968471396551985,-0.020321658235661743,-0.009110781221930486,0.0032902079564306463,0.004882239647893299,-0.009716488757243283,0.006324061250080623,-0.0054150022273362075,-0.002283223294524276,-0.021160708651781296,-0.0034299860022193912,-0.025721897774422058,-0.06153898129965938,0.004823755054158191,-0.008449537583379506,-0.0075861814515530345,-0.003308566221955994,0.0018527740248910445,0.00793656288470504,0.006513196539895183,0.0038368054491971526,-0.010107780491487639,0.0017966643226452472,-0.0326420029807627
2023-04-04,-0.00718835096814996,-0.00830497176076298,-0.010532714317602424,-0.011693896181584479,-0.002364167294233854,-0.013286471575323843,-0.0014999582455908634,-0.0016869144252929867,0.0024263859060861892,-0.0025521339321428194,-0.007184178471647762,-0.010805279644213886,-0.002990079812338205,-0.02313390536913455,-0.039397769786785775,-0.014049906784281085,-0.006895331117289645,-0.009779824899475422,-0.0045812261269586735,-0.0033399953360902968,-0.0027698344760985205,-0.006096850787528224,0.00475973085359841,-0.008607498670521137,-0.024552711302893493,0.003510670029076013
2023-04-05,0.0015447450276798822,0.00026883611837961546,0.000420058321815591,-0.0047661266515508505,0.005109429383094858,-0.0017098863710825732,0.004341736992519736,0.009620841087904139,-0.0005469988358533914,-0.0063326404573691205,0.0003119906834997595,-0.005759314855553092,-0.0118145749496778,-0.03321264251117373,0.07115726725857814,-0.0008554567692379555,0.00037849658967261914,0.003212510429617066,-0.004668365611676334,0.008004612163965872,0.0011338055159508809,-0.008890309602679064,0.0017576225116931509,0.008664395418420597,0.005253396221332385,0.024187760116564316
2023-04-06,0.017111174216826126,0.01850657925318444,0.01702646188450685,0.010643421367761113,0.02184880671916313,0.017260664134463238,0.0030361841095444555,0.023377399284775797,0.007654239346874846,0.011253534234727351,0.022716035429818388,0.03817826385592813,0.013090335563243183,,0.0430890409021815,0.03971643144499565,0.023733413401434547,0.025726632772328974,0.00592820915007085,-0.003115968804801549,0.01171537031062464,0.021852840382867944,0.01922514925825631,0.0286186793159531,0.001087424623247991,0.007708736175471215
2023-04-07,-0.006878208398690673,-0.0100161331137113,-0.00509603621897216,-0.016766161691682036,-0.0076015268272333625,-0.011227895906575112,0.0007982451959528111,-0.01790313463207106,-0.007423262141186733,-0.010988579530177112,-0.0007631178017946291,-0.006569743211957153,-0.0016003512085264499,,0.023944501740929464,-0.017878250202559648,-0.008052945681313317,-0.008308659590433793,-0.004673143132104392,-0.010826721371544902,-0.009124682661053318,-0.00383874765296367,-0.011670624359015704,0.0026125386251180205,-0.019564935555000544,0.015107499356872426
2023-04-10,-0.0024271924926019383,-0.0005036256591371635,0.00251684412942648,-0.004399976761734381,-0.015992218357694134,0.0010950967884387258,0.0017869540076974487,-0.0038218686638100408,-0.0018755710842419855,0.0014876718901563175,-0.0022972075608487428,0.003570945415493213,-0.002489753805156917,,0.012183380239964459,-0.006970004305070249,-0.003812363288538783,-0.004909986996696917,-0.0019367958847632538,-0.010166390621880104,-0.004131925079910587,-0.0180717058229314,-0.0008117427995887724,0.00033338423316196336,0.006193482146546447,-0.010536577864469127
2023-04-11,-0.0030437481264342053,0.002172371864618149,-0.000494071455616113,-0.004482753841357795,0.007921657506693883,-0.0054151485675845235,-0.0057829559228380865,-0.0005265154625317736,-0.004559130724346013,-0.001324578380846078,-0.008300673469210818,0.0015452888465560493,-0.01438398769255171,-0.027348298276227007,0.006830601092896164,-0.000666196907177119,-0.004007960472863497,-0.00012167617450414043,-0.005472916602823896,-0.010605133724706678,0.0006327877744912169,0.007456399210503534,-0.008011226907738452,0.00030447436304276523,-0.006225234773137436,0.006143058391238521
2023-04-12,0.0033779888684822893,0.007150598104269237,0.0045559682721941636,0.006390261594801383,0.007742943311183546,0.011190308716536408,0.015164396279289985,0.010778936260006098,0.00316049351321257,0.006270666760357646,0.007621602719772395,-0.018823151048711757,-0.0037042169344190553,-0.0002760195407709165,0.00556760773251741,0.0146442614905056,0.010476047230656019,-0.011363214853489872,0.0038463868168336496,0.004286119106788094,-0.00026259773579101475,0.019436703095970374,0.00840431450583037,-7.923742874254754e-05,-0.0007107237888251591,-0.007011519250484988
2023-04-13,-0.00016602236679126003,-0.003795841442363754,-0.007588525667292123,-0.002758332841209669,0.012191536727328135,-0.006110040442127798,0.0085095860873108,-0.004847000305891895,-0.001153954147891693,0.00307983822758201,-0.007743085556125555,0.014701624732393235,0.01029904250260593,0.030196026443774754,-0.06604423600254761,0.002061468060244237,0.002967986961933258,-0.001781779831924116,-0.007154822571083488,-0.0037123181935580876,0.001765654976122466,-0.006133550299243851,0.0014611296673828168,-0.0019626082477806526,-0.0011109059594029845,-0.008121006737105918
2023-04-17,-0.000564743161379722,0.013674371672517383,0.01881220510158396,-0.006737332940046174,-0.007063993905477494,0.009109146271617994,-0.014663547373060398,-0.00946546206037649,0.005142520747689616,0.0021432591382750527,0.008906274191320432,-0.007520425453945566,-0.012566599369029676,0.01932551546391756,0.027564543459143387,-0.0014508863471753564,-0.004674396313216028,0.001099588325454632,-0.000700621702886243,0.007218983351169251,-0.004212158861346099,0.009384860406091187,-0.007492454604537869,0.011569795675214014,-0.010864126826939186,0.000444299860273889
2023-04-18,0.0032085288227206663,0.013031110675467006,0.0035915789225366757,-0.011334544171070604,-0.0027300754161768692,-0.004328274064988424,0.013918945080505962,-0.002853767612195607,0.011244020806869672,0.00044873449642567065,-0.004343688483330055,0.007261902422862322,0.011682464721569738,0.00872321540860869,-0.00367920964543178,0.001983810382587825,-0.005515035890140191,0.010666161734399493,-0.00408108097119137,0.0017580401704497446,-0.0018911796333054565,-0.009212885933410186,0.0018545208308699784,-0.011955502413198597,0.017175663972976162,-0.004288478388846689
2023-04-19,0.006324950916915404,-0.0013512749808492794,-0.001991456345326992,0.0010022405353819596,0.005621790640011537,0.00795350226567623,0.010938060902025796,0.013884683161536841,0.0025901472730413782,0.004690681294221413,0.030676299547996156,0.011218655025717898,0.013621616210652698,,0.046052631578947345,0.0048998100033801895,0.0012537089480911196,-0.0013003868551700326,0.00051590279220326,-0.0008342341480509589,0.0068325791510992495,0.0061062012206723245,0.0004032080557911377,-0.0005792758907966171,-0.008939345659106234,0.009545829068860562
2023-04-20,0.00742277284010159,-0.0060617027989368945,0.001462448741801195,0.011383786395614371,0.009166249053302997,0.001724285263957467,0.007128166830879579,-0.000745531299216858,0.011986124598714685,0.02288814664896132,-0.002245517879204647,0.025581228168805425,0.020286888072313186,0.004920049200492012,-0.03783360820141964,0.004657444882655376,0.0031386188687566228,0.006561368097391559,-0.003826715101229647,-0.0007574487028040311,0.031260810226859226,0.0012014834659848958,0.00563443845486679,0.0003708650018062668,0.014614146664407933,0.006571167409347822
2023-04-26,0.008832624671281882,0.0070844037791354154,0.025753843010386357,0.012957643296317914,0.0021293270937058034,0.013354150589095053,0.015570677318969038,0.007040146446086017,-0.008064778970469073,0.009306738298823296,0.01650615810321432,0.009869122464650285,0.01494222332107109,,0.024588515063144634,0.0003215346143183029,0.004651035004689084,-0.0017270317324451778,0.0018090823548417069,0.013901601384320847,0.027207616953023817,0.00594526205521359,0.005106497645695207,0.017074067018220243,0.0029083822847859944,-0.001959919579774788
2023-04-27,0.004938371041626703,0.01681879530059719,0.010791530915761627,0.01655047320933069,0.01006897741811746,0.015432188547152323,0.016518139770394784,0.0021509260076542636,0.0027118441128285114,0.010083307389066327,-0.02061318103014022,0.002275626698924909,0.014374592326089392,,-0.026943866472949312,0.009217744174508713,-0.0036253396702873803,0.0183667574303252,-0.00357215822033895,-0.01836297393314435,-0.007311514245183365,0.005096713674190001,0.013371307831925876,0.002949105809724652,-0.009795477026196923,-0.005024037156444061
2023-04-28,0.0012458120135980066,-0.011399311831327363,-0.013963204420423245,0.006655463799636052,0.006249448005418255,0.007197888955042534,0.0028323629002917016,-0.004105513025982277,-0.00183818924062976,0.009083584588335592,-0.007054137558002808,-0.014804227870200177,0.010612616145636671,0.023717325929268823,-0.027603769592662548,-0.001791582597229363,-0.002603199440350121,0.018763117397799886,0.03797194567197296,0.007312843163765285,0.035865845472257074,0.009065488266545674,-0.01319518319431726,-0.017818755523548533,-0.010484547569554158,0.033795048031417946
2023-05-02,0.006672315996832869,0.010108765467457082,-0.002334821317062488,0.03788445363227912,0.019625420935529176,0.005888307752474089,0.01919571067246768,0.002938757694383252,0.0005032487148215628,0.01768155468458085,-0.00027642138793232407,0.016523982327755947,0.007107318998197815,0.006257497264699929,-0.02136496369225342,-0.007056036132281424,0.0007895534526419162,0.010713462607513697,0.0012339254585518199,0.005657056553745923,-0.027908366299224135,0.012664622943678911,-0.008164614748006218,-0.012297760936615023,-0.0018957103875752793,0.014184555063222887
2023-05-03,0.00289135248641452,-0.011429513787522338,-0.006290355359630059,0.0023886201380208436,0.02723442367770616,-0.002654501816686725,0.0010173643957508138,0.0011792669115828491,-8.595685774883042e-05,-0.0005342453169662445,0.016452822598262973,0.015278999457306444,-0.006413501903598894,0.02967366603864738,0.04940808497199473,0.0029201143055327117,0.006149276939136294,0.01957468516956175,-0.007529602806482638,-0.009752525127921003,-0.01273248343598879,-0.020467532070712058,-0.0007529707289410381,-0.0009836781717244526,-0.005396489470078462,-0.031104427077613878
2023-05-04,-0.0019365567329650353,-0.006958863412654404,-0.0059930344155019605,-0.012248898764230475,0.0006648576448992474,-0.0046561728772937395,0.00130945683083255,0.010191204962859976,0.000590162340941209,0.005831214498489101,-0.002792773096861212,0.007848613744180749,-0.011699699537114598,,-0.03143106625068372,-0.012042450197911309,-0.008920879137981997,-0.0015433867500123377,-0.0027637860594162066,0.009904822707371372,-0.0022506761519933693,0.004400762957599958,0.0035777236222862465,-0.003722500777118351,0.006655061149845694,0.021168272818190448
2023-05-05,0.002041171469259234,-0.00942468940308494,0.0059206044696608895,-0.0020342449447827036,0.0020527029795256516,0.004530804011507752,0.0027553317531449893,-0.004500441657453447,-0.00013565465831074812,-0.007697432951864691,0.00423956537742672,0.013667423498148527,0.0039492310324857425,,-0.04132296596799636,0.004196425101994389,0.01116812235557717,-0.01101507037907455,0.0025854381287270245,0.009594895102436798,0.002566467896449043,0.016542447810840216,-0.001971522120428702,0.01125676794340105,-0.002872695270922675,0.005258016383265757
2023-05-08,-0.011408873723740663,-0.005633360366949081,-0.008810540831890114,-0.04640739090414399,-0.02312326495805795,-0.0061812259058111815,-0.00520794379124811,-0.026456144916336116,-0.0044119128449560275,-0.014570793758646972,-0.011193946325797436,-0.022502404956392587,-0.02151136941730876,,0.030095315942284012,-0.014523290707127323,-0.007711329643576644,-0.0077894553063555805,-0.014769280684022099,0.012585566041486999,0.0022453457606863014,-0.0186743595950139,-0.016978104735292505,-0.0035136570033370562,-0.0022119381253578336,-0.031026027254076216
2023-05-09,-0.009911132770903469,-0.01940489540666231,-0.015588226496855003,0.0034985569938067638,-0.008499609730027231,-0.02003272487883265,-0.018723267175716603,-0.017000709784739526,-0.005849114848879812,-0.013271747358753982,-0.0158931246275044,-0.0025597442497355635,-0.015464943262431342,-0.003215736975363259,0.04445789133437624,-0.014860956395148561,-0.016248232519636675,-0.022372713745418826,-0.006659253709140112,-0.00958635920393454,-0.019732484001228345,-0.0060611875731208745,-0.01822039828206982,0.00380872556391672,0.010696955731456181,-0.023991336301428717
2023-05-10,-0.00347249280183427,-0.008727729099877068,-0.014637101243008141,-0.007034435060290611,0.0008169729598757475,0.0043404425994772134,-0.002903811476024447,-0.0001564278972392604,-0.007359470394022595,-0.004932215164149942,-0.006613352053712866,0.01481697569556932,-0.0012706356619262376,-0.030577410099956254,0.013803634228328901,-0.012203852692654144,-0.015363822521087289,-0.01003879068107892,-0.0088275314325025,-0.014226987547220352,-0.009904043602620954,0.004679663060696032,0.0011934382735020374,-0.010786041550378196,0.004085448604749344,0.01707112486824769
2023-05-11,0.003502856365932435,-0.003638502020466561,-0.0014199715556452005,0.01017668788771306,0.010389305393625082,0.005816516415305986,0.006591795410688507,0.0030639116249983334,0.008097575270498782,0.0032096746431867842,0.006454129306923106,0.00575346095760861,0.015007524387306806,0.0005296372622434764,-0.03862202151732792,0.009368537235796837,0.00274869545201476,0.014986691220088872,0.007193842596322664,0.014660441330904201,0.004804408080747918,-0.0008187914463379334,-0.002260414074506569,0.0076607182308074265,-0.02160720466971242,-0.0034715826503857183
2023-05-12,0.005226734105336705,0.009493771262192396,0.01546773273547096,0.009747726470988916,0.009558516976962125,0.007124455856162448,0.009764941359753166,0.0012664781931714664,0.0024348628861918984,-0.0006969617529209382,0.002593645560495831,0.0022640905041477963,0.015503105160011292,,0.0005370454891222287,-0.005607486337812911,0.006162405117465204,0.009741219567973025,0.0001534752789186491,0.007062338310033667,0.0039897174571589256,-0.0178666377197836,-0.005601272497417923,0.01738039123432212,0.0012350992304902553,0.004115488458325461
2023-05-15,0.003944751585946331,0.013652974491327862,0.004580539481439804,0.005659846907109056,0.005187659792171108,0.001955681790514537,0.0025329459938675525,-0.0037666968043189955,-0.004111805829093128,-0.004516122696178182,-0.007826318554920405,-0.0017522726423418713,0.0015894510738819017,0.010821912836349293,0.032986111111111105,-0.0051568715017576705,-0.0002676336094613843,0.0044629830129621515,-0.0032932428687279585,0.018068001283269155,-0.0052882209127048385,0.016359895382716934,0.015302896251658645,0.007959768492533293,0.004922566339998024,-0.004390901593135793
2023-05-16,0.005884562654659644,0.012315236893957403,0.0037673390927945543,-0.004357274867896314,0.008816489104018,0.016415964407404553,-0.0009562314435812335,-0.0006753490961910283,0.007333914680910635,0.00754361990604236,0.010083990860574654,0.012170235788549569,0.0054642548210580445,0.004743153067678668,-0.017544682621353613,0.01990649339609199,0.0004637140502839538,0.012022098145003213,-0.002900616561113672,0.0016451768365948194,0.0061553541491876085,0.018936889180758778,0.013591858796615675,-0.0035450631055821136,0.010807067107978028,-0.003606364717959387
2023-05-17,-0.0044145105772349326,-0.0018488659933779683,-0.003969823124198976,-0.0015463715724685079,0.001784927283287542,-0.0005486875988245377,-0.014492576114211652,-0.0031725135831477957,0.006037681738266576,-0.0011022511749965048,0.0037285263191300286,-0.016352184037492817,-0.007132249043251911,0.010705977744161821,-0.029334417971090765,-0.016585410355549224,-0.0025370240896249235,0.003224298060389111,-0.003921231109279531,-0.0019243532562141636,-0.0011945251123783585,0.00011253450256577658,-0.0048255246588321254,-0.010018577101643677,0.0062737907140440075,-0.00941148975179415
2023-05-18,-0.008818349025980943,-0.014744804096511736,-0.014770774471645395,-0.012252337322997265,-0.0010443556568919233,-0.003998678234782978,-0.007997458029547147,-0.004380169514288253,-0.004195831965115272,0.0023347585325892706,-0.0011970934656587162,-0.028409708783225122,-0.015809775322875672,0.011060818560722191,-0.061896710433159675,-0.008490287229649729,-0.017589977457277972,-0.016646799036683185,-0.009507839674341581,-0.003836852265795785,0.0024620590922006524,-0.005591457729522199,-0.013874511448365968,-0.0008524135809708687,0.005666457002350596,-0.0060065704490173495
2023-05-19,0.005284903289466918,0.006008884283189501,0.007357359864867075,0.009328026843694196,0.011011886141750651,0.004991702978029235,0.0027163003568114576,0.0021850497283937287,-0.0027323702104809578,0.0011746979181557144,0.007253058467079169,-0.0007624798941954533,0.002525807239755125,0.0026471640792401774,0.016924290032366323,0.011386168692584964,0.0030512978585214906,-0.0022580050393955814,0.023998242684087616,0.010412181734478443,-0.003157095089695916,-0.0004944595080555308,0.0119296805707315,0.014711280445317458,-0.020489644943110286,0.014036274532131798
2023-05-22,-0.010496642455865192,-0.014355144755706572,-0.013927703577079379,-0.01757093944093908,-0.009071756184305765,0.001856286660485651,-0.006283926229021136,-0.020647162566190813,-0.005838493665861596,-0.011609352793351532,-0.02399288728632117,-0.0055747821684300185,-0.009456572220455805,-0.027779516954561323,-0.020679130045251376,-0.01172430148393186,-0.014481388044865063,-0.002503228602734648,-0.01884826864593301,-0.003576118458246116,-0.01056254789628086,0.02139677089686724,-0.014431750909598908,0.006294924685871133,-0.015458487422143537,0.004575086786656718
2023-05-23,3.711341117015172e-05,0.00149933122843372,0.005608613216942678,-0.006036330646642607,-0.003338203506201999,-0.007438300527551648,-0.0007400749987171294,-0.0016211226905634701,-0.0037213731250428927,0.0004386918594558272,-0.00853061520038286,0.010200896595182727,0.00550087660601329,-0.01496815373856078,0.024313731174287874,-0.00638381210557179,-0.014118038907722008,0.0006228658932672739,-0.0012362405745530343,0.0005163717115397401,-0.0031344783484063277,-0.0020880661675887697,-0.0007835508492391215,-0.005565142141638827,0.008316547263308272,-0.004050021489411582
2023-05-24,0.003494261412129061,8.083295963364767e-05,-0.0021891369942679422,0.0034473281569178393,0.0010058973718370182,-0.007125955950092311,0.007570378767074259,0.0010020000923112475,0.0008169174417810288,0.0008539254566403004,-0.013821433815852236,0.007009585498496687,0.0016717844802328259,0.006466924462154355,0.016835834842953718,0.0038101776127722753,0.023235399483199897,-0.001090153278468223,-0.004571458452202958,-0.0005625351282487848,0.0009026413646219533,0.004728803168919105,-0.0063768320350635465,0.034655829784587935,-0.0024502278138842965,0.00761821430418777
2023-05-25,-0.005075219256728878,-0.013706975984615219,-0.008626095251370406,-0.006450526582844951,-0.0011716004656366125,-0.0014066433198181363,-0.00856174527639122,-0.0001484341044456309,-0.004002374487674635,-0.009603742096728473,0.01403821326648158,-0.007519282346659035,-0.00954252827470919,-0.03688162805898002,-0.03218329956407581,0.0019304419696757613,-0.010759322466734044,-0.007322193357318911,-0.004516669045942312,-0.002728469674656477,0.011274992281563812,0.008278095065467783,-0.012977297911867209,-0.00831961981987612,0.01454067823721923,-0.0051767682586369435
2023-05-26,4.577985079605354e-05,-0.02527700435973541,-0.0022103450668842705,0.014025672118063845,0.01810862461973539,0.005340059612262693,-0.007701911932868896,-0.0015344443874021063,-0.004453236903249883,0.0023532937101272884,-0.009901124382206871,0.017161361966058792,0.004944825863548327,0.014438537820999168,-0.004609623134645117,-0.01234437705502292,-0.021886240638744114,0.005495491838551152,-0.01219996947179458,-0.008448638510593012,-0.022536058610060694,0.006644042214839681,-0.02861531104481368,0.006765663431717201,0.01670585585703201,0.02104945637774584
2023-05-29,0.009122583946440683,0.0007550425760161183,0.03523046890893444,0.041772197548436085,0.012315986733061909,0.018224263815525197,-0.006955633290221489,0.012389460020500056,-0.006943631796099232,0.003859523673233395,0.004586834415895284,0.005348883043653284,0.009729428101816404,-0.0009182567272482678,-0.005646373613906408,0.010293621534647357,-0.001080965642736298,0.012392542033026713,-0.0022602269387267393,-0.0119980111879301,0.002428892331104743,0.024816396999290058,0.022302642869263013,0.01977206449532474,0.01714090658119282,0.0001745633298048943
2023-05-30,0.008381542440523242,0.0167772985459806,0.012109934985781057,0.004454793523994989,0.0073820450035766635,0.009129135111780103,0.009347559880924594,0.011923525837950902,0.00011280834546080674,0.019093714704048123,0.001033316094222488,-0.018282135344746087,0.0006941417303174312,0.004843962063770885,0.008015206329541197,0.014438293554834336,0.015839610148479732,-0.001478290209825753,-0.004229928293169347,0.0011466768336117611,0.013491747613231131,0.018528807065667136,0.016990226245624265,-0.0086668592883605,0.02935711891179405,-0.00972449214715565
2023-05-31,-0.009010101907289644,-0.0017464733930397935,-0.015054640909519579,-0.020212607026465323,-0.01659619018381402,-0.014455827900696928,-0.003636185037176459,-0.014226459158842705,-0.005605398360817859,-0.012949323683299721,-0.00916290686133886,-0.0035338598086797957,0.0033611884183943636,-0.02125072756683462,-0.01144300090817607,-0.010105927904266149,-0.010973305335879136,0.0005201554382410489,-0.0015911739826694137,-0.013018847761363889,-0.010010352711897375,0.001355956008412133,-0.02190395632148758,-0.008707020523961675,-0.021154805132968583,-0.005858052924071405
2023-06-01,6.34063292739736e-05,0.005381929694698057,-0.0007339012957233397,-0.018244384525787555,-0.0054250672041837086,-0.004826307928131923,-0.002618265512980091,0.003910573757056945,0.0007423352042639696,-0.007488668578582405,-0.0018375042770069998,0.004269539508704849,-0.00561652023725039,,-0.012970028944010448,0.0007708448811260538,5.286902177223693e-05,-0.0011117596809959876,-0.0006673826113395349,-0.002060338107771842,-0.0013519749152586247,0.011556073532562139,0.003633794496682219,-0.007942622992789448,0.015809865428435682,0.007725604696192601
2023-06-02,0.005252206235090775,0.0046599148275912545,0.022646884230037488,0.001004683538262478,0.015257833540260642,-0.00022188157557870687,0.008777906540995709,0.008136795858360885,-0.0013194420085501962,0.003306969359382461,-0.004097646009257261,0.00429648009003109,0.011426178750137087,0.018724149017211422,-0.00022858363525199988,-0.003549949353561732,-0.003107334369490311,0.017711806389140647,-0.0026854221662203637,-0.0035857385919238634,-0.00671134946419813,-0.0020388929751182366,-0.0004018707054765583,0.006416334658913804,-0.004812954696543758,0.024110012385353485
2023-06-05,0.009744997386178948,0.004425898546895332,0.03664433775843934,0.010440233627482845,0.0010922845453420066,0.008159232859277415,0.0018969360400456121,0.00655174445161023,0.0020379086211012192,0.010837800965699973,0.0015255777102582968,0.0022666249096971298,-0.005893396713343359,-0.010877199238609228,0.03339901530014828,0.03537856572573028,0.05858486624429409,0.009857197842022158,0.014582684238337043,0.009149131357950206,0.01738352533704296,0.029949338985896308,0.01022043275171298,0.011665791679085729,-0.0010470711247696893,0.003973558381367703
2023-06-06,0.008833090931903995,0.010290355932177888,0.004902346981049236,0.021769314846777153,0.010347980134697302,0.005240001717081114,-0.0012119016197164572,0.009387582020122234,0.007572258621311279,0.002562302229834723,0.02500298199880424,0.007865929969294102,0.01781728867609912,0.009158808512203187,0.05080088075295752,0.00011738557207929823,0.02221184486559602,0.001815788461973817,0.016186626972988463,0.012401494965411883,0.05622553577141326,-0.005915390089353656,0.010200142532824317,-0.005458690653171209,0.0029852695273365443,8.584774691178243e-06
2023-06-07,0.008415796676062657,0.00969455018503461,0.020258108135261396,0.004608632766012999,0.007238803256665628,0.00846506039211136,-0.0016537430535904674,0.003000984191025772,0.004183141161176558,0.021613002115503373,0.012084587495366375,0.01386091255050651,0.003113281372931409,0.01350468658383236,-0.010032178097656727,0.0070126884314098414,0.02577762253168398,0.0006060968325605903,-0.0009734880503703166,-0.001387912856189975,-0.00968915587125832,-0.006789190676764191,0.04470528933038354,0.0007009500381090384,-0.010156361320186885,0.00575037902883857
2023-06-08,-0.006144089511227585,-0.014191567014213452,0.0015399071706077155,-0.0076367561321430966,-0.009361423164328302,-0.0006820554468619119,-0.011898639510874652,-0.006157203160888007,-0.004376894089845022,0.00544020233767991,-0.013695938069568906,-0.005229620798211439,-0.0053473791591586665,0.011683290930821127,0.012136835904010851,-0.01389032101570245,-0.02711045633839442,-0.006034899374563016,-0.005936237106087951,-0.010812330183046443,-0.020794746572640216,-0.012037145273955219,-0.030132075988281912,-0.0017829057642005167,0.010947652307319755,-0.03586163965604758
2023-06-09,0.0069956002928048735,0.002416360624081879,0.015230180285602982,0.0008907610313102943,0.0023095726205755174,0.00807291741466355,-1.58524960982398e-05,0.005489877754562759,0.0023395616874772396,0.01140151964072576,0.02064485987773638,0.015935337473490095,0.01609719098975563,0.0014539333686815297,-0.04624211312729971,0.002171382409548145,0.0051988124826423,0.012661027503107361,0.006158289781840459,0.002167564488390133,0.0007323409244181234,-0.00015333844956520273,0.02349178284892348,0.020416586355100307,0.01002245467506456,0.002620506993570526
2023-06-12,-0.004535217327236019,0.006516969605080936,0.007077439722210596,-0.016548523795203957,0.0013522397976962128,-0.00998379268853583,-0.012257397766543998,-0.008374492565031874,0.0011699456690805108,0.003047402591535581,0.01280197353272968,0.009416747680363723,-0.0021865745598768885,-0.0060648023230738994,-0.025789176528931406,-0.014731409604427509,0.0029777388058237855,0.002875665974029979,-0.019069340708024365,-0.011456971677855326,0.01271466586618436,0.009467439054231494,-0.009231165513846284,-0.021655608421995508,-0.011598596506331391,-0.004200530417599935
2023-06-13,-0.009170852310307355,-0.004029343009755388,-0.02153990155128993,-0.0023039130660013063,-0.005896826693737027,0.0007235108214879012,0.001705883761724732,-0.012020705122655406,-0.010614819213091804,-0.021276708072115433,-0.008940050478055886,-0.02200492047489735,-0.021514137476322734,-0.02244242536769031,-0.02676581719639421,0.00010387360134592183,0.004255272488712903,-0.011362061645987728,-0.002967075470129322,-0.0005858138097191342,-0.012928673998758133,-0.006406142394885868,-0.0032981503575630184,0.0005520448585871751,-0.018661081281022018,-0.021090773881340397
2023-06-14,0.0002440862258111913,0.01728811786033476,-0.006314113916943934,0.0024167351571368068,0.0018757446829407295,-0.0008680074378516108,-0.0005771600763910478,-0.004311167312343297,-0.004885047774967534,0.003552317921769626,0.014777178481474399,0.006171234386090198,-0.0026608524421823597,0.003662145568350622,-0.02021559693518739,-0.0013594356924977458,0.016537501995193216,0.0008419209619836924,-0.001541523965328346,-0.00497812218339961,-0.006007991922111794,0.021828512826650385,-0.001244745044054815,0.00351947340992196,-0.009579157734073125,-0.011919727627768967
2023-06-15,-0.007978000946268698,-0.00930596111011368,-0.009996062523936382,-0.022006969096720674,-0.009795895952182998,-0.006809329544079505,0.0032424629243645742,-0.011614940489905875,-0.012315554293261996,-0.007526519191817676,-0.0040686063074440075,-0.00877385607230515,-0.0028359759951360987,0.012979508347707669,-0.0058853503184713345,-0.008371597989758589,0.0012168535754119247,-0.011105247953201669,-0.005522394205979997,-0.005151981667423135,-0.011767061959251979,-0.008656280360374717,-0.02332325799948848,-0.009910937911687326,-0.02175286223572251,-0.025420013769787198
2023-06-16,-0.004209043014042438,-0.013055689723167419,0.00365576783632991,0.01120909635305134,0.0030616399763251367,-0.001248306888468235,-0.0013545918555239484,-0.0031479838990069084,-0.005112691820944886,0.004577301971674117,0.0066825250491037895,-0.008182682438079986,-0.003401951016019355,,9.917517297750589e-05,-0.003377911343208251,0.020889310269689827,-0.01633708003382612,-0.003660968690133648,-0.016518220843702622,-0.0044733724237572825,0.004672226676841047,-0.01178208866337116,-0.0037713724760830313,-0.01826771333635663,-0.022831377088939703
2023-06-19,-0.01919290486609717,-0.02850999720840123,-0.048210251155452744,-0.02123366714028163,-0.010247240479532606,-0.025669628786969337,-0.012226171277521033,-0.024759367383241387,-0.013155041145417582,-0.009329575330753992,-0.02936650954777531,-0.005216309490182425,-0.01592170360820619,-0.01717360787841507,-0.009630765550172726,-0.028183430912554958,-0.0028981266655642157,0.004579714412933297,-0.02972286345175183,-0.014934490736011021,-0.03049370226687209,-0.02811721555999807,-0.02541879399539243,-0.021086558293169917,-0.038297277344508336,-0.04073401184241213
2023-06-20,-0.0035090068197650925,-0.005643871872549,-0.0018071011097930173,0.0073171465311886634,-0.005555973446259949,-0.0005257365219694184,0.0016598045672285122,-0.008663417955279168,0.004510233156254946,-0.013589053241789443,-0.024597007060838356,-0.011326762665001246,-0.0017597406594061277,0.014178194268099603,-0.023490056634652673,0.012597767383452085,0.026357396171966332,-9.919985240482616e-05,-0.003052273553361809,0.004282906632624798,-0.011441109152145718,-0.020952202803968624,-0.0010492223279598264,-0.0027145126975399885,0.011179768228677778,-0.031172927460324296
2023-06-21,-0.013507990967335879,-0.013889526980301825,-0.003497393894441647,-0.011024327054445929,-0.005634769989462596,-0.0047827098616043395,-0.007717443439063607,-0.014562500473693089,-0.008278373197450142,-0.013983884016246145,-0.01752192340201895,-0.008717645618421789,-0.005128207469056123,-0.029874884061794366,-0.03654093899875729,-0.010021768413833565,-0.027612142752034805,-0.01635637032423834,-0.017574633283301173,-0.007468876844202559,-0.015057342419546232,-0.017860515052795876,-0.019342147849325777,-0.0043889960074470925,-0.027041085853912517,-0.0209161250071844
2023-06-22,-0.004367187170535936,-0.001728375067018939,-0.008732837121681556,-0.007563209674606286,-0.0024294910592382426,-0.014700290685922449,-0.0021869363282464144,-0.0062318701702634705,-0.016410637392270982,-0.006533842651949346,-0.008934080085384303,0.0016979356570434368,-0.00658275611889543,-0.006814310098951726,-0.0008928833997249308,-0.0009269121460322161,-0.010705803664909265,-0.010683283469172498,0.005512326877471552,0.005553099359416631,-0.002346864824623096,-0.0096331001744734,-0.004871171538408479,0.0037651281370802638,-0.004039971089699186,-0.017137645604553775
2023-06-23,-0.0044254401264141605,-0.00012320826323813927,-0.011366113067628802,-0.03226410912183982,-0.006182372424359967,0.008291139393181579,-0.007287200687870997,-0.01385092883637995,0.002301119928265475,-0.013960403728624804,-0.003308540238149101,0.003058141068153238,-0.005467788036747465,-0.013509095494155299,0.04464380648591174,0.005124191401039979,-0.0015819284159961982,-0.002842992499871258,0.011765871943530917,-0.005679639326136761,-0.011814683321464459,-0.02383025070448308,-0.020924136639577935,0.007376029111367722,0.0032489711352721093,-0.02173512987690185
2023-06-26,0.03563016303546665,0.0514653188206506,0.03401872967450929,0.044067329934514156,0.04962265982958883,0.02149951658786796,0.04011070499113662,0.04013398606641535,0.03921945582103611,0.0323645142524847,0.04061500779866689,0.010216258526268507,0.04199858188476742,0.03145166352091944,0.056191349298406745,0.023208764001413362,0.03366791334345939,0.04005487035858871,0.028095677306034756,0.04310146037000644,0.04365546695358252,-0.021314362628100863,0.057215756263020966,0.022263060560732725,0.05787543892259315,0.008930635005554827
2023-06-27,0.0026759313048975966,0.01909248386918393,-0.021002541077669523,-0.014333877866852873,-0.007080733251125479,0.014130321317278939,0.015446438291488255,-0.004238537499142168,0.001109083655999313,0.005713068494472652,-0.017740921777143166,0.01712265165220045,-0.00042998331809926567,0.03631692891273702,-0.026387761701264313,-0.003967794191006707,-0.001002733191760869,-0.0022123106877997567,-0.010209696041483848,0.01584860595701265,-0.010088680857223559,0.013031690883882884,0.000514064781525904,0.00333557209125299,-0.0031473182778633383,-0.0028814873503347493
2023-07-03,0.05789253521383719,0.05506285626580594,0.06518105082962651,0.07625961160032753,0.06462369499274077,0.04803864778934174,0.05573199332599706,0.0748279514150849,0.05379121932999974,0.05484993289801706,0.07441496097501688,0.04938472756696039,0.0585269585915429,0.03138979690724086,0.011122269453248151,0.059008273720668636,0.07316367019928546,0.05161741582439627,0.06395482126088696,0.04413949780387582,0.08623160980024591,0.055618924854612735,0.08855443596628616,0.040789757915470425,0.07824430990986597,0.005022738947467159
2023-07-04,-0.013527964445984687,-0.00958831577092072,0.015304251846752992,-0.023034206933589242,-0.02016561677584211,-0.023154601095019753,-0.008204732967802945,-0.005526593828812548,-0.017058632817708492,-0.007309999944403426,-0.016831678349865042,-0.02998013774988656,-0.02823886918998688,0.016129530038034117,0.004031152047970475,-5.9626541269813815e-05,-0.028491953730167812,-0.017655081514095654,-0.008938788188249946,-0.004498247141624572,0.04765622979075523,-0.003097533260299425,-0.0068969152181561555,-0.017572246040028258,-0.034824425339847184,-0.036703744079171374
2023-07-05,0.0033860956796308832,-0.00339052547293166,0.0023095208532977335,0.015347089384524856,0.0015556167645565042,0.0005086001087905975,0.0008071967890189602,0.014604227235665327,-0.004554377569591269,-0.00428412720100123,-0.010156442658641554,0.011111335102700745,0.010077089476867246,-0.02300548274415562,-0.03547999471988115,-0.009925782820736223,0.010517475974592825,-0.005867794601919282,0.00862977168556129,0.017794474463776872,0.037629890707857716,-0.021721026521752687,0.0030870145476485683,0.007255296174990002,0.017318081160258438,-0.02262912483672197
2023-07-06,0.0062950396739358955,0.007585519241534755,0.010550351876151484,0.00516755569635811,0.00626164772738768,0.012694206378391658,0.010739617099816306,0.01852515634332219,0.006858284605620816,0.006302814152642607,0.01311453408071637,0.009532333725382043,-0.006744746009094698,-0.01042595962781695,0.02103139578867732,0.022224131938457903,0.01419064737783573,0.011981824462730804,0.0338607639995261,0.003564741099773603,-0.015478300463647565,-0.005254034571600351,0.007729982084376403,0.0008870495875838066,-0.0056815593333070374,-0.022531764741660215
2023-07-07,0.005619103475870229,0.0132815263139629,-0.0002907344779355154,0.014975111172299726,-0.003878185123154715,0.009470149073281774,-0.0018510468562399,0.022330914915693795,0.005514290863960983,0.008828817966145234,-0.0014706522960495534,-0.008640427983462465,0.0055124361423851504,-0.010360557089714395,0.001489109913892302,-0.0028115725877750075,-0.012181247697936444,-0.0036645710088093033,0.004141085988680361,0.0004737132600523766,0.012217779857177063,0.019820173639829283,0.027650112864561618,0.002558845291524392,0.026350876043308748,-0.01913936451765491
2023-07-10,0.021317005813927304,0.034801870744769016,0.06337491571971776,0.03475364687738556,0.016713421098373392,0.022650009279952935,0.011977887870943348,0.056790035894860126,0.0015478569911489177,0.027037664654695762,0.050984044729883715,0.001969251175905032,0.018030695666171864,0.029368520768354167,0.006271434813768272,-0.0007802711352156988,0.022725188062032647,0.041011371764040086,0.020311852793649738,0.00045099240211945605,0.047975059405468645,0.013211321432200362,0.018785819590036352,0.0004743490687910343,0.035845086252887896,0.0320246107508205
2023-07-11,0.023152433423115886,0.030333204469849096,0.03641350566340226,0.01480111475678042,0.03211779040540553,0.011729374866974078,0.008414107105813718,0.05777792756369576,0.01230097168600178,0.03105840160605772,0.035881377208726674,0.011611644709121318,0.010274525275507132,0.015216380019925924,-0.0017430101633425352,0.013704626893627614,0.01342803541037501,0.04553344183661559,0.016358309957586793,0.014570728580066734,0.028412901248671546,0.034807067174422196,0.0018692911802560275,0.043500823087573345,0.04147086300113091,0.03596294943541417
2023-07-12,0.0008617551562129932,-0.0035099289656819964,0.0006422588388465544,-0.012729844251864167,-0.010908732644467645,0.004358700112158971,0.013430447236899585,0.0006972034088154333,0.002604975639697003,0.003669032639114428,-0.015073782728984778,-0.0109000938674103,-0.002515979823894238,0.02341946742771342,-0.009630901809833994,0.010886460587163749,-0.005484922698759936,0.0018950974989383196,-0.009846057731479663,0.039618627537992356,-0.002222649420959427,-0.003916543563513939,-0.006722044519849384,-0.008637700677813795,0.01605243781309186,0.009288387428308426
2023-07-13,-0.002060614900929254,0.02419584206667761,0.014177894282707909,0.009859608517286534,-0.012708151238487092,-0.013804770923663993,-0.007258228519872056,-0.018593255027113554,-0.007872849572104117,-0.005992452710644484,-0.01148989345882904,0.007748506518387173,-0.004441251293513959,-0.0027244674835660287,0.030735911923333692,-0.003544374739855388,-0.011991642794937684,-0.0021849040839882206,0.008749884178315693,-0.00030275182702204403,0.006993711219773047,0.004221022858802861,-0.006437800368547971,-0.0155889686472888,0.00709954669926679,-0.007899396678793802
2023-07-14,-0.0058796628269045074,0.00917751514005194,-0.0036278284623537382,-0.010258840359103646,-0.0022969484503934695,-0.006210094412798059,-0.007440945800058046,-0.01824947900302023,-0.006942549029388766,0.007661415047966423,-0.005414433233353407,-0.015771295218085582,-0.010096241166532814,0.029319607444328377,-0.01298438661010673,-0.011568467827927698,-0.021534682668347856,-0.008722489479082648,0.0014672693614028454,-0.004171553691271936,-0.02094250796626765,0.005473276014832926,-0.0006424775238357035,-0.0040972286433973515,-0.0016229684790769864,-0.010106566118924631
2023-07-17,0.002804237765561203,-0.004996713847912004,-0.01302978323932398,-0.006921887642724944,-0.005730852710039633,-0.003956296177590363,0.016748541474454603,0.0011687601778143282,-0.0032580145551308454,0.009560013729082828,-0.007585597665891786,0.022748320437683815,0.02379885195586309,0.021091495539869498,-0.03707859977476849,-0.0020929797228825264,0.01034214699164615,0.012469011893199558,-0.004305727800744263,0.0019129563669064624,-0.001130210312152602,0.01793005854121867,-0.0016583955720690935,-0.007450925856748094,-0.013963769345552272,0.0026154977183695896
2023-07-18,-0.0021709577411505748,-0.015968827913053686,-0.0033310729947798046,0.03590703244978194,-0.010620589956765566,-0.010193908930742818,-0.003019591816131051,-0.011227564288458836,-0.006363009850766876,0.006010612850382803,-0.007437931605471367,0.010470871679606503,-0.014599235451436956,-0.01224385860733715,0.0017983343569727972,-0.0015843394916040532,-0.01556423360354956,0.009252088281607437,-0.00836130539600498,-0.005616085359803695,-0.015909164142092563,-0.0052995867648307216,-0.00435519505175009,0.015084240094439042,0.009273721274863554,0.013345734568213058
2023-07-19,-0.008180048249334557,-0.00966528925956175,-0.014737354723133719,-0.027338929341661756,-0.012444518485239404,0.002172640918832037,0.014744187656131252,-0.019736746986596044,-0.004714349104816662,-0.01807729466493218,0.010797122751738683,-0.0009764053693659206,-0.003253295164777868,0.013506319900460731,-0.0014445195747345523,0.005122771497374168,0.01988933593474877,-0.02599578456368376,-0.017184383314522544,0.008031083820670462,-0.011302346938794533,-0.025418282247617108,-0.023936015908264816,-0.016845567434391185,-0.023682006062275156,0.01016929981015971
2023-07-20,0.011967099230448372,0.03015291804204594,0.008382437113695953,0.00519028490991007,0.010776191662851972,0.013820660793911532,0.00685909464408474,0.011995417203675224,-0.0011360316124989303,0.013478761326032143,0.01809078199396767,-0.004498663965043203,0.019638701407467457,-0.02365613450936646,0.019399247698412544,0.01711823287829023,0.03038062547565885,-0.0017371360484369214,0.010152880969618593,0.01671121864468818,0.020447257291618615,0.025685800931302703,0.02105134502467158,-0.006501291203807658,0.01253862820925672,0.01759722677742767
2023-07-21,0.007186673643008438,0.009004760094280473,-0.0054304352037249926,0.011916618663750747,0.004723033170613074,0.007143584522884626,0.0261152765457552,0.0055463094424772486,0.01093002529825122,0.0178106436447545,0.013079549837201832,0.004879053020711866,0.005674291322667694,-0.01462618620967926,0.004473960730583856,-0.002163178890165235,-0.007556139675195072,0.01672025353863939,-0.015971788459580312,-0.0025079400255082324,0.017845989938748863,-0.006417051038985095,0.0024867368287571556,0.009424608784803837,0.019473620596886374,-0.009642462830024623
2023-07-24,0.0004458181827851287,-0.013589334602737346,-0.00879986053852111,-0.015053364958649543,-0.004849829811356725,0.010606672394013406,0.003941235261327947,-0.009832842834586792,0.008623992087385433,-0.0022322083122460696,-0.006891140861261931,0.0051701565177719525,-0.005061824759883044,0.005260810799677366,0.04680359965598595,-0.0022391919294533214,0.01948298750519586,-0.005289839011549821,0.0019141788371654922,0.0007294920356430381,0.01157557045177468,0.001142101167998058,-0.010821112977946619,-0.0038209303420995745,-0.00034509728960020286,0.02233792632295306
2023-07-25,0.00939413415585517,0.01790665510270929,0.0077879702584444975,0.02004514621075959,-0.00013544541906806984,0.009331944699826775,0.010753870509147117,0.0009528549153669796,0.03020882705657752,0.009500812754620341,-0.009017864640804044,0.010170258058334174,0.02189704469115368,-0.002398121785614419,0.027315599544528474,0.010810496478205811,0.005187627771163451,0.004045262562905355,-0.005417548845488762,0.019723025775145456,0.0037578213705696806,-0.003812951831219006,0.0035980330571398567,0.019814381904944483,0.010075105541145024,0.02278592692381118
2023-07-26,0.009918571552571096,0.0029379744868076375,-0.0027735317293897804,-0.006229823905012033,0.005064898228560181,0.01748574044911668,0.006440897189121886,0.004632522157581587,0.03167318886286995,0.0021592849763327083,0.0067079987092299636,0.01604147080956805,-0.002936018802474044,-0.010886810856307716,-0.01741519738101871,-0.004820626966846597,0.030438598195897545,0.012944146321038685,0.017301671931604392,0.00660622957340857,0.03018888149736587,0.002173976227580532,0.015144800435850203,0.01826127580960426,0.026768415681285525,0.020345160925585692
2023-07-27,0.0019403202242256803,-0.002249354663259573,-0.007741094620261693,-0.0016960477057456624,-0.0012614932966876324,-0.002855190108856348,0.010664669681731579,0.008326385678114214,0.0018480813601907359,-0.006485299089565773,0.0009506678979589825,0.02784384620157991,-0.002474600359867568,0.03535868951898846,0.009013443664911275,0.029636353194733678,0.009130255882236593,-0.004673145187529079,-0.0092252548775514,0.012970917583547039,0.0022086495531395967,-0.0003210172549310632,-0.004828257800697035,-0.02253454730664552,-0.0075652598549272,0.04282844449300455
2023-07-31,0.005910511530666127,0.01912489070954788,0.014295780622297222,0.0033177284227263923,0.014462625143304222,-0.008882057987395189,0.02417008773320922,0.008444243038588614,-0.011572186838984708,-0.00282546749520964,-0.008862904339002905,0.009413987483880696,0.009211288527265942,0.03672875780210358,-0.015270110163724007,0.043790859037166785,0.01448701910730953,-0.0025801000462008644,-0.009522377247747993,0.001955289433793258,0.0187120810297651,0.0065814877403374515,0.008983471469931456,-0.006061819105177037,-0.003247670762239216,0.009427818048325626
2023-08-01,0.00984253502221488,0.027347990046678473,0.010635636595208331,0.016273878554002995,0.014804259695357435,0.005362005849919152,-0.0058319065344446825,0.03964473565885731,0.0023036768990720713,0.013319425178201094,0.01974359965947085,0.0008178564553787633,0.022281870088490797,-0.010113844638787034,-0.007603715823054899,0.0012547226507148845,-0.0013433705403959827,0.011558390651799935,0.02262645255805647,0.0015887976951823788,0.01862235990103356,0.001120951040402628,0.013433799674050268,0.018979324777416103,-0.009018137498766602,0.005600451049705052
2023-08-02,0.010199987063788956,0.005643050070967837,0.025670697778233137,0.008996037236525275,0.0008033548111638297,0.006974076126282373,0.007442563460935613,-0.005542463440281291,0.012132730647077063,0.017335087644926684,0.0007106621357172068,0.02391318951718054,0.024331675171080633,-0.007678015517960796,-0.013968464577987061,0.02397831381452248,0.01575968422650731,-0.004484178109312301,0.008230374281677066,0.003629303324906382,0.04503508630936326,-0.0035261310638147005,-0.0004728968789461147,0.010902449980451048,0.02691858916141669,0.030392592461680523
2023-08-03,-0.004898455190254575,-8.83424105295738e-06,0.021478632220915714,0.001981754671753544,0.0024744180282038194,-0.012644285375480692,-0.006734821865733656,-0.017848157546756255,-0.013001838303921162,-0.012497147437013398,-0.0077281293050487365,-0.016080067708013023,-0.004747220213455305,0.0048672809586941534,-0.00012219370047567013,-0.004867394042306572,-0.017412266162028567,-0.0008419694305769609,0.029965203343376733,-0.0029232905898825784,-0.020621932016218508,0.00438874709612197,-0.012964481190540555,-0.011844154721789117,0.002703139745043184,-0.011671370896789851
2023-08-04,-0.0011899164705927849,0.0038977792602389438,0.025557761066893905,-0.006307092334777553,-0.004043841281483933,0.0008259400923935067,-0.006021037030136772,-0.007597483692053523,-0.006246309627356268,-0.0058594884953447396,-0.006762547465795484,0.0235704587646362,-0.0020578212153479682,,0.016029546609171868,0.00494723310737491,0.005218414151871952,-0.014245759760995721,-0.008099582945364971,-0.007861773686396512,0.04170411458249407,-0.018598337567252453,-0.013962261989524284,-0.003437340315075468,-0.018445023275280595,0.018956826341377436
2023-08-07,-0.0070127906340746666,-0.008512259667352607,0.02558537017368169,-0.001342437164020871,-0.003914951441246702,-0.005433777633373526,0.00468263086352756,-0.013682121220202589,-0.0031998201699203754,0.0002609819088421555,-0.001901943199161556,-0.029321952032032132,-0.0012101657028011719,-0.01079061707035725,-0.036603226337076133,0.0006021187598732602,-0.014736973084362847,0.000707123086714681,-0.0059656941626204385,0.0008115125087313728,-0.027608461256451916,-0.009308368103270728,-0.012950670791606143,-0.0035796262857866953,-0.020416518026558618,-0.030044805206410397
2023-08-08,-0.02423191763374651,-0.03717592759497932,-0.03245873155437207,-0.027513609396680083,-0.030924720298897868,-0.017230454144821012,-0.019101077358958544,-0.03886571559618387,-0.011310918611147207,-0.022253245284089247,-0.025159494068940524,-0.02106380891509115,-0.005090950589589797,,-0.026295718800515462,-0.04073806253238821,-0.03998733491704336,-0.013507352181135426,-0.0325473353530077,-0.02027056186531124,-0.07408358533528339,-0.02104549765879934,-0.02927792395950071,-0.01627655798540479,-0.03168387051056498,-0.015531540875803912
2023-08-09,0.013818949564747033,0.005355707427279144,0.012065843993481137,0.00673523114413419,0.018476408571707938,0.0016505445434845296,0.003898148444808794,0.014960726851133194,0.028839523772193325,-0.00018596200152333852,0.0002915052260205238,0.011399408280622837,0.016795055402675958,-0.012537238594203054,0.03096636353541452,0.021266761813305002,0.024732629161641973,-0.0005777041279305256,-0.00011579696591151878,0.06908402064069895,0.014871378329563867,0.014126689874456594,0.01557915210481946,0.006411161416864331,0.008357938338938359,0.031118897544155477
2023-08-10,-0.005858764643140619,-0.005273431233661974,0.00640692653756729,-0.01385577218489451,-0.002163597628998086,-0.004730453307285025,-0.006688957113001676,-0.006812460171360299,-0.007457741717049144,-0.011570866448087575,-0.0005201740787446804,-0.0029452411062549882,0.0033994987323442806,0.0011861465892181178,-0.015058637514097944,-0.01888571862840549,-0.02368968620195504,-0.015221720399347938,-0.00020777541825736656,-0.0027251924573404467,-0.026441112837995273,-0.011284968654591877,-0.021630963182868834,0.02984088432707172,-0.01192621110252449,0.001564041781244807
2023-08-11,0.013006179157190526,0.014450832113678614,0.01540903292803443,0.012012358737110762,0.0027186030602142234,0.011148994183348485,0.026658591620637523,0.023201010511428883,0.007630844121781293,0.009767540477576287,-0.0021848239741411035,0.0005467494154257166,0.011150252348528195,-0.0201266420047998,0.04076490580039381,0.02361852176539514,0.008652960934882525,0.0025993519405868503,0.0024912275671295503,0.02533481147723149,-0.0036368747823400938,0.022807425904219518,0.011406773233714838,0.01534549076864511,0.02232970822408745,0.031157049988779106
2023-08-15,0.002426079893554844,0.019133468142239297,0.005177909499507097,0.005083262443900967,-0.00604601548912155,0.002935438604863861,0.0002512610228598771,0.0069577330630047245,0.01079156259516927,-0.003081588076746002,-0.0037006571328014326,0.00525960641132716,0.014784134346944705,0.007134352080258773,-0.0034833933573429343,0.0006046612988644395,0.001256543074670244,-0.0022435770051495024,0.0014953265552359763,-0.0002547909190818788,-0.007059267881311809,0.0014295822309902514,0.0132326383966148,-0.0041028480874896744,-0.007563626760793662,0.01953054619405062
2023-08-16,-0.009036347241764673,-0.015670641802301145,0.02528892745972325,0.005775298665225903,-0.022409173585640926,-0.010910601695257673,-0.008385071945010512,0.0029914878903039475,-0.011740051228858048,-0.00949287627811773,-0.011839588783296884,0.009273201790535833,-0.016363632417196284,-0.008439099839143593,0.024805067176171244,-0.018811342347875654,-0.016480733858734775,-0.007949010101225886,-0.00807025866836103,-0.0153491434537385,-0.02510393156048038,-0.008867158586016676,-0.007482818890545433,-0.005051524365603988,-0.026953850146619694,-0.03423840700139516
2023-08-17,0.0013597926382645574,0.003260919973295103,0.016106636598550647,0.013370146974947716,0.00976037887982207,0.0035833474004058176,-1.742845356422773e-05,-0.007631371179071145,0.007994063351485638,-0.0016528590268043246,0.00603823918686669,-0.003448810676317386,-0.013958797566171714,0.021373252635975032,-0.011449488106902748,0.01257212638407601,0.014648318642208669,-0.007345870744463833,0.005350459225592741,0.005534889415230004,0.041082360186588396,0.0017652399718794177,0.005197195533240685,-0.002229863332257882,-0.01155654161849171,-0.023062848406500414
2023-08-18,0.0001858632493164062,-0.010140376606323397,-0.003329297137809259,-0.00039266028638951234,-0.01181221339284566,0.009598482390277052,0.0002790662184960244,-0.007367977534121477,-0.002533957723507063,0.001744662069726934,-0.008991480868787446,0.0035133219361323477,0.0022730577626766113,-0.013386260803058214,-0.01025090769200733,0.002888521957000234,0.0006565735293684538,0.01254133757083233,-0.0031343616566176977,-0.0019314117488792026,-0.025169056889785213,-0.008609222079125208,-0.002427597400039759,0.008738874807261217,0.018350965729211126,0.017428293339827844
2023-08-21,-0.017288861870087952,-0.012923920619219032,-0.015234671338634459,-0.05011686937172681,-0.013699194470444254,-0.022861682490467293,-0.02184304463216005,-0.030006447648523272,-0.0176232677057185,-0.017808364802968966,-0.010388510106470702,-0.010236372199406344,-0.01845600314283773,-0.017253959385640744,-0.028891169954122553,-0.018941835356123288,-0.018824493130538453,-0.002537381261670294,-0.01928434658701883,-0.01846458157461242,-0.021486284545045975,-0.001954507981627107,-0.010342647797097438,-0.005722234723387586,-0.017820982993877355,-0.040057770273853405
2023-08-22,0.0007493354336418004,0.004642869936190908,-0.005087718258364793,-0.0037754748917664207,0.0006541287956704084,-0.007861615169608364,0.0036381811959541425,0.0031430966491562498,0.0006585089413943297,-0.0006507933836634336,-0.004230078441642748,0.004564487576734367,0.000705117763810084,-0.011893641071633043,0.009660497622137831,0.01616135821275802,0.005816277946758786,-0.0006993823214875691,-0.009283933592913463,0.011617702392444794,-0.004679821960749175,0.014484052497609335,0.0006176021801064161,0.0032342737380421037,-0.004368000344468646,0.00221227059297302
2023-08-23,-0.005490938863915354,-0.005143479322252708,-0.0014768992020096905,-0.006692149764148299,-0.004669223348160681,-0.011621422636967749,0.00073278542825777,-0.011004616768642839,-0.00767723198208197,-0.01064516202923537,-0.007548076584109664,0.012965205302433088,-0.009076825124691802,-0.013430684146841787,0.01217665538839961,0.003438754477796485,-0.004665995698417913,-0.009954562492299077,-0.015819190439150574,-0.004122065077210556,0.00636091976395145,-0.012725890684341363,-0.007660666601232475,-0.013859897283595629,-0.004520900578501904,-0.017161241622868084
2023-08-24,0.005144229744958602,-0.001653225059740662,0.008750493502471939,0.009783743242765356,0.009178440110674924,0.0017503342140367344,0.010057851256786174,0.008530006897415279,0.00743134486104946,-0.002203154191067627,-0.006024315906142459,-0.02947715226585875,0.014037429641481643,-0.004721767618798649,0.029553083795473056,0.009025053592389393,0.006821759632991897,0.0027625462238434367,0.00465135034616842,0.006919034349344012,-0.004595008351792884,0.00874827138188821,-0.0020120485393681103,0.018014912065357574,0.013921088047985253,0.02202227567096421
2023-08-25,-0.006385089221900966,-0.015713902167305716,0.0005995472398648977,-0.027471912492385075,-0.001160318551962273,-0.0069551510273681266,0.004440078971455628,-0.016088749406796703,-0.005195142313842739,-0.008637201257928362,-0.013644373330215509,0.010827863102864146,-0.010382586578899351,-0.0027037916892556635,-0.03551559731056386,-0.0058072851451837215,-0.01013212493979515,-0.010782697311613257,-0.01464082536749709,-0.0022677851960981,-0.017866712505525267,-0.010873032767792556,-0.005444120566082867,0.002961205065320794,0.0034035109840438414,0.010069282529123508
2023-08-28,-0.008836768096607347,-0.016423402304369738,-0.030271669876622727,-0.01633772185702074,-0.010062017113174924,-0.0042711914067313644,0.0017953301887368494,-0.009302572467359846,0.011854031820944324,-0.006492470418683406,-0.0012171120069804735,-0.02065015209707463,-0.01734583051931149,2.9030575180000184e-05,0.02261515599531938,-0.008817401227731225,-0.010641086526871358,-0.008379752377340358,-0.027699107275916054,-0.007120891980378764,-0.000770246270354713,0.002919706357119171,-0.005169437103182802,-0.024661045089961135,-0.014636232952924575,0.009543542362563717
2023-08-29,-0.016339519335782423,-0.01241096263179492,-0.023990433167843772,-0.022071387141510513,-0.02090704421977802,-0.023229838070916616,-0.010242353692518531,-0.01972485797053324,-0.016062980844708315,-0.022129938023741642,-0.01662819565934102,-0.02554764911106162,-0.013750013496849253,0.020661362898488522,-0.06684638527775785,-0.016701503681141316,-0.01892495858040073,-0.00803502345161905,0.00287928232531366,-0.022001630993536643,-0.01621484922191513,-0.011274145322274755,-0.022385263704003493,-0.013513101738901575,0.005746372692728334,0.014557712934714778
2023-08-30,-0.013273753251796505,-0.004377477968138377,-0.009301534970866623,-0.01835819060597519,-0.008965169226212311,-0.011918951032099211,-0.010679094287331522,-0.023612557055048843,-0.017542641813003006,-0.004778512614546237,-0.02650988964951791,0.007003408157331842,-0.012748208676919196,0.007307686320870088,-0.005117596899623785,-0.013158582837610566,-0.01657971724322993,-0.021495955005705725,-0.01837778240431967,-0.03937809151262694,-0.017704127384925605,-0.020699453021428706,-0.030228885989624095,0.004144803335608871,-0.013994068901437062,-0.031059583538519203
2023-08-31,-0.026680228535930748,-0.01865248205436625,-0.032115174375345654,-0.03125306041461321,-0.0353528864176178,-0.020528717231763874,-0.032730175709062115,-0.03481000989539858,-0.018364767193692993,-0.02919133053801378,-0.01744259017844163,-0.017765261655156527,-0.02345056737181994,-0.012440140099930072,0.008121372475280473,-0.027696725122847488,-0.028755712203397232,-0.02093441296493144,-0.030790885106718485,-0.029888137454862834,-0.03954360191701228,-0.02584186173976882,-0.022813965962066026,-0.04036018551284171,-0.02772749481340633,-0.047040114571785335
2023-09-01,0.01140346731948402,0.03254021010962711,0.006568874128932478,0.03633718293558612,0.009053390994002108,0.0040171660198442686,0.007263351952535287,0.006475343476160128,0.012194391407142244,0.017730145225706706,0.016897107919955207,-0.0021920381673104245,0.005772385183750646,-0.022642815175144243,0.010712576896787451,0.018967551049278053,0.013094574571913578,0.00886462629510963,0.0009214848081457511,0.0007832248898912272,0.009516774288874597,0.01934377644205125,0.012015763513302708,0.008990743008333016,0.04047770935582517,0.04586852945915054
2023-09-04,0.006396936668291399,0.005029008110453081,-0.0008822257784576043,-0.004532197286941009,0.00541947060115936,0.009103225458228788,0.008016712665760897,-0.001649803738305508,0.008355626507334664,0.013627111124962118,0.006514609969480815,-0.006041373465120655,-0.00045700802498198633,0.017909533293781976,-0.011997379259501966,0.009723151394194551,0.015068373300147911,-0.0024391165467950032,-0.0026253363003526653,0.020990641321525803,0.04633122432611664,0.019016777099457618,0.010697605493969134,-0.001363295697345307,-0.006577147401098664,0.008141028172781672
2023-09-05,-0.0032178419163441723,-0.0034523594482542275,0.005635932436016941,0.01114351710157487,0.0036623404243796426,-0.006196823051993783,-0.000439696901915482,-0.00013036958813274845,-0.001762528686574764,-0.005595882413116846,-0.0015811462230153062,-0.011571181121473623,0.003640107046838051,-0.0026573292307954244,0.004490878629933026,-0.011040256053604924,-0.013867862156509115,-0.0051609777065362294,-0.005721582594372235,-0.004142189013932235,-0.022730113346382946,0.008515421158600933,-0.007044138063232326,0.007964190928897977,-0.006875533436214037,-0.011997460017848405
2023-09-06,0.010220612686285954,0.034571670014007336,0.04062637157043131,0.0012688534299043265,0.009668734262440122,0.005258899841712988,0.000566310759194251,-0.002626094695184276,0.018005524410549756,0.014488988603130734,0.004146520054795895,0.015717964080809936,0.004031682837568668,0.05131927404077411,0.04841176642218551,0.010079386082993913,0.010935750442483294,0.0013459431923304732,0.006989329511327728,0.019293770529243037,0.022919750321982346,0.012971381410212549,0.007285779573531952,-0.006051492874476955,-0.0059729604479193885,0.04212191828953915
2023-09-07,6.271141654671558e-05,1.8166302826718962e-06,-0.002410918383438432,-0.00998176334020615,-0.01363197595507253,0.002843298110465331,0.0032274361494948113,-0.003841663039015203,0.018839996501488883,-0.00013240589808167903,0.0003408033073208916,-0.013470020356341832,0.01082288159198706,-0.027971344584594604,-0.045364800558646064,0.002855857905962267,0.027682686912119763,-0.005429520558077804,-0.0045018666940574,-0.0009873261454632157,-0.00451718104860957,0.016710922019905473,-0.004181092310711749,0.02366689486028398,-0.005670394361295938,-0.006728635314459913
2023-09-08,0.00845857287718419,-0.007766851426978947,0.0067030426233192775,0.016967361785626366,0.007387475801898441,0.0031472255093425994,0.005045252600131789,0.008643100278613803,-0.0020063704405532006,-0.004802359838194301,0.004677106264215451,0.020124682639691936,0.014034029333929417,0.03212570145903474,0.04721332624162764,0.00565965817479594,-0.0010891269904694306,-0.002560220304052521,0.003371287350098298,0.012115318816823425,0.003511759337760184,0.016353605264494007,0.009201539522370445,0.017471484124606657,0.010731682893306305,-0.0046140240613836425
2023-09-11,-0.0016766739603766433,0.006574628812413589,-0.00800428061894441,-0.009423850834168376,-2.9704704779853763e-05,-0.00423814654974055,0.0027313444347400314,0.011686389040459004,-0.0043465233814547295,-0.004480001352126359,-0.0018097550065850159,-0.01265554922450165,-0.010950540659863013,-0.020591453014244754,-0.005834061424993685,0.002071885406944779,0.010654177633409912,-0.008677113641642809,0.00128001906942873,0.0032771258617184493,-0.0018246134093941602,0.0008385102988792289,-0.004402109862461113,-0.016417658271765594,0.03980201767750214,-0.0006978639309805357
2023-09-12,-0.008772212255871872,0.00137039969338621,-0.021571261615681472,-0.01980541474799047,-0.013751427359693353,-0.00500165914988259,-0.006117348366912935,-0.013789448202649128,-0.008719132691869339,-0.0007827389556806471,-0.001967457676631257,0.0045038993697751025,-0.018265046507632395,0.008885118242610882,-0.03515831042280202,-0.01622034536975206,-0.012120848636573688,-0.004952071619946957,-0.0066661938439709495,-0.006422419012701011,-0.0079144838589571,-0.0013540093708224812,-0.018277811334173538,-0.009085744001590979,-0.016165149050532162,-0.012226100488266889
2023-09-13,0.0006380265164356782,-0.001936257763032176,-0.010802921074310736,-0.0068232954342158925,-1.4564883936785123e-05,0.012136588633154179,-0.006210713006177155,0.0020372881648542773,0.013480555284303744,-0.00542429370187552,-0.013319958990350008,0.0032550406701289136,0.0026919745083925795,-0.0016211489068470957,0.008540361467549384,0.0027050734280805178,0.00397452126047494,-0.004246338168487587,0.0033104723881450435,0.003111173251535375,0.0022260897582386807,-0.013679633142723588,-0.0042771401777151885,0.011430055498709929,0.009786117360108185,0.021163774695792725
2023-09-14,-0.0008817324195324423,-0.0007421864955412388,0.011718291597327244,-0.007608051104813685,0.0010320677195164371,-0.0032305514944438378,0.008402957299578056,-0.0032429443941247786,0.004489749437956959,0.007291077818954432,0.0018698498562965682,-0.005837622507477136,-0.004804828100860803,0.0045069123048651445,-0.0016920225778684628,0.0018148283595532944,-0.009447854340486153,-0.00514776794389378,0.0008405310880983535,-0.0012097285945126097,0.0036876591090869992,0.007413006558316246,-0.0010670497583444136,-0.0017637408392377882,-0.011906032461217507,-0.011755573011818371
2023-09-15,0.004649479659243346,0.0035198503767667616,0.010450567226515923,0.0102105618481392,0.025879737040537962,0.003485592049451875,-0.0076097085407939025,0.006332616286980203,0.007824935469423882,-0.0007473057497008452,0.001507201622573821,0.013210909177035268,0.013081810949216576,-0.005626960490822526,0.0016156161212508107,-0.0003757584577236961,0.0040952650345558545,-0.002122550107577434,0.003534707949785264,0.005263973585638588,0.00711187183137485,0.005164240887679417,-0.005284766473540148,-0.00014796733869400688,0.0049693065706380565,0.00640742661358068
2023-09-18,0.00010780895178967786,-0.006816677356829744,-0.01782231830433805,0.007149082453375177,-0.010244871251872945,-0.007101813651764948,0.003655355453597156,0.01744122580004671,0.005457567903720746,-0.004964458505828797,6.115829492512696e-05,-0.017174459169614475,-0.013241304413001004,0.012582578303493777,-0.005407589758748259,0.006770043257162794,0.011397532713960478,0.000898045697014363,-0.0015824283505839138,0.0026390836041381063,0.015806283166974466,0.0033859030857065413,0.004729741265041076,0.02191766557502617,0.004820563841293855,0.007272987589411611
2023-09-19,0.005120791466877687,0.0027284761817118783,-0.003881347797501558,-0.006727272322504418,-0.00791648684217311,0.008166499117905172,0.0004764931094002642,-0.014372684055440602,-0.004260168805148076,0.005575792266388693,-0.0007841254430540808,0.017940571546883933,0.01559281528167308,-0.0004860967413619817,0.0051116904083253435,0.004362437697936539,-0.0004349110491076323,-0.0007475742355027848,0.007399713762947186,0.005921690142884027,0.00846117745461561,-0.005292654128224123,0.009453250478311581,0.014869631135316887,0.014649253824290128,0.039293740649254394
2023-09-20,-0.00017113450302566944,7.110715923852596e-08,0.0005580769460871993,0.0037756608046412565,-0.00035230441850791355,-0.0015045202769065984,-0.0021885635304363877,-0.009110826588706258,-0.011682848730464499,0.002909913017319818,0.003391007057301517,-0.009778601717803792,0.012350151482876194,-0.00982642398443001,0.0011193751061301161,-0.008630775555386772,-0.0031449938553512005,0.007119262971843746,0.0016773021071025223,-0.00010478889912451512,-0.008655060747415427,-0.005221336493829975,-0.0021952286637502705,-0.007659807793668187,0.022287531736285494,-0.01240727740939603
2023-09-21,0.006286303668402688,0.004541262427929849,-0.00016015545179431934,0.015349346755026194,0.019336309992535147,0.003974819382296697,0.007770541169599217,0.01137639114018892,0.007221205153799505,0.00025680823925350934,0.006005254447120374,0.005100922395947915,-0.005350981795437818,-0.0007267955046459385,0.038827324091332736,0.005774798937190129,0.005153306512923561,-0.0005763324384970431,0.008690642735521534,0.009840513133557426,0.01781645599645454,0.0026033130480976885,0.009955590461944022,-0.01178160151446702,-0.0012421209926576598,0.02212395926052707
2023-09-22,0.007940589329601311,0.01960725284232847,0.014398994636689824,0.017611438186872663,-0.0038529300060229574,0.006346505833226534,0.011637890715557054,0.028502855817406598,0.0045455153641227,-0.002497742772570267,0.007604106374894097,0.0009138271972012638,0.01536809436287128,0.01868298062721241,0.04366561981820331,0.008176440189191225,0.006393589185996329,0.008074109796924342,0.008625315410836476,-0.0010470842281134014,0.014106194425781399,0.016904195695250257,0.008534589717032923,0.002258435832772805,-0.009418750185408645,0.012117803336751498
2023-09-25,0.004859604919993674,-0.0049200451305603,0.019877723697466404,0.02934424118461949,0.011201065984197359,0.010723706226480431,0.009725877220117652,-0.0077178573709473135,-0.007854497219456904,0.006833599550708321,0.009811003008570499,-0.023689586796769503,0.0032261631269900697,0.020844452298405675,-0.01155654013535734,0.0019858072372668234,-0.009607935870279761,0.01985984322518968,-0.006696807867372577,0.01226538906906614,0.004008085270031825,-0.01129568473787821,0.0019541316020749394,0.023765143909607607,0.011288311940412148,0.003232500237516478
2023-09-26,0.0013945525414932232,-0.0036274338470800613,0.0213897525853234,-0.02552297186991037,0.01239444067943017,-0.0027673310407282316,-0.000825132815084321,-8.07258171842129e-06,0.0008856393862337794,0.005508264178989466,-0.008404870029539121,-0.0003144065089851692,0.007166231238225784,0.009488912995417579,-0.014900230357383016,-0.007046532992328297,-0.005181288328078915,0.013127255066002125,-0.004230956306843743,0.0044819074693323874,0.025643617972998356,0.007857833665751268,0.0011907863314423014,-0.011974533076195837,0.009303255801920365,0.010420252966427651
2023-09-27,0.0022376350546252344,0.00781944314642106,0.0011237071674006782,0.0005498335624362749,0.007304593260201359,0.0024462130416014432,0.007621330779534249,0.008138490875879173,0.006133245135516845,0.0007725212754462967,0.0013464424535263309,0.015520401623130056,-0.004581400909462785,0.00926068830480912,0.014497292562135767,0.011356148944015543,0.008740479941928414,0.015232938398317547,-0.007259027956636947,0.007411175172302788,-0.005724958266190738,-0.007267325598202164,0.0014442125421045917,-0.0002017489506441969,-0.024842297363215988,-0.006274805953025375
2023-09-28,-0.0016459852593972766,0.0012362922194741777,-0.005926060199340341,-0.003835382588023206,0.004581489757692695,-0.004570862485735357,-0.0027149007311713337,-0.004319529776561313,-0.000142026804034063,-0.008314314176210806,-0.009072734897098126,0.005412162282446794,0.007813299419555393,0.013771479418779395,-0.002515297897673707,0.0027099693098835698,-0.009028692406567094,-0.0027918251288642387,0.009402088858059298,-0.0046674058961049415,0.006336573450266558,0.007204812327130161,-0.008010990025179299,-0.01577654609441673,-0.00441097982730893,0.0010980031625222597
2023-10-02,0.0029093799431512413,0.00023685913707310261,0.00046309961999439764,-0.01104155119510566,-0.00856877980844714,0.0003708585275529393,0.0018645279742713495,-0.003777324456243939,0.002042837709257902,-0.004136087216525425,0.0038729246740328662,-0.019668080167111954,0.009782251625144942,0.010449348031537214,0.06744538861947773,0.017775197056575875,0.014627433194674954,-0.0029991647001539196,-0.001976911192491368,0.0066086408640615175,0.0224476157555224,-0.0043210458121221455,0.02015029735566726,0.0019774677094651248,0.007677019990549503,-0.0046100219104669715
2023-10-03,-0.0005905326475439667,-0.0021308532393050418,-0.007819600875520444,0.0010610379058514142,-0.0008236789377975909,-0.00043259336610612,0.00768350002115308,0.0019415917000999705,0.006109731747580164,0.005082159824718342,-0.006484835852340849,0.011684063180265365,-0.017083503033595928,-0.021881229460744805,-0.07567634496792151,-0.004230570468679973,0.008218562165284568,0.010304379242654024,-0.0027467586708264436,0.00535544299910914,0.008951457805286972,0.0034646346594968264,-0.004094995520540199,0.011102539240961887,0.0008066614475657004,0.006880242091982125
2023-10-04,0.004450880455733565,0.0025229838407484616,0.013877179186575703,0.006601898856372035,0.006125536854510553,0.0005878742372751045,0.006373995498389157,0.01419214640211842,0.014524373413973566,0.004288741303943849,-0.003643577203660394,0.019638739737240386,-0.0008702243231900767,-0.018612319100490493,0.015121993955303966,-0.006407962035796466,-0.005871988188614847,-0.0035744938664008102,0.004781597976259951,0.0038887258970641825,0.011953213309989996,-0.002654806524129416,0.014904298549532244,0.018971952867436987,-0.014245027211647245,0.0025157542900894705
2023-10-05,0.01354493777668181,0.013694913793243701,0.018141630294414374,0.0321191516911854,0.050622933301285415,0.009864327980521892,0.0035799112913208766,0.037491078497254304,0.0031777434276740735,0.009177321015759446,0.02314466664259568,0.0074135419882578645,0.01846044235352232,-0.008537010244210275,-0.02791302686575971,-0.0091766386406828,0.007612790102357393,0.022168096037435928,0.01977112574406754,0.014147596836189474,-0.000466607861315943,0.008615520526614193,0.015488096123294732,0.04027074243388025,-0.015688877458949185,0.007475200441187102
2023-10-06,0.005237058564175393,0.03670932741112156,0.011462129102773305,0.0029681549821346707,-0.007717499177243181,0.0034729924905645675,-0.0044938069221237276,0.009199293168650008,-0.005447544018056805,0.006878915926986067,0.007350416036515743,0.007967430610568522,-0.0002949692660626613,,0.01900981019090138,-0.009659757946542336,0.0026637051665417523,0.007320720250664145,0.013295167630434668,0.0021028002246672364,0.005680406503095481,0.004871909867625102,0.010766382359842824,0.00699674157313665,-0.001502093455277284,0.0065343023403820755
2023-10-09,0.0036548334843298827,0.0061888400478478985,0.027003368274401682,0.03276425964522298,-0.0018564683477085028,-0.002966609405433075,0.009571538887116227,-0.0023583796079953423,0.008071146034367063,0.004165069148516454,0.005510796312796144,-0.0029066824730323445,-0.009138616944645394,0.011281283560064997,0.000915507636723295,0.003431239854534446,0.020070375936655407,0.007515632458674246,0.00037074870587436857,0.011063764838696874,0.009690881405325869,-0.0009603239165833068,-0.008285070582125353,0.007436862380047059,0.022541214230476652,-0.012632609679103235
2023-10-10,0.013611373800588668,0.004641529172099157,0.020766991827420964,0.04214032188531358,0.007418988008759363,0.013051101304935411,0.0033865557935680054,0.03612663821361064,0.00561519664206654,0.0025634073679013,0.01021542701986794,0.010513187672044743,0.013595968264612365,0.000584711312179298,0.02931483510925294,0.002534738180228202,0.002636128300798035,0.033501481920119924,0.012903585793287122,0.01443833320653537,0.051036685732557485,0.007830228820556324,0.015464727113299928,0.03221068726455437,0.008780174402710965,0.021840135965191465
2023-10-11,0.008095216557933818,0.021134000635818984,0.014612591982308604,-0.001147134760682104,0.00550561876241805,0.013813320081656066,0.0073887538454068605,0.0019130691399065942,0.013695350963787474,0.0012598274293081605,-0.006273443324339767,0.008597491408748062,0.021176388550784103,0.005817046846569511,-0.006608418092747291,0.011920286460946283,0.014015513372459099,0.012693632695773458,-0.0067547296084877195,0.008303805160819428,-0.006174865376452732,0.011183637798881482,0.004304321491706968,-0.000265382098794599,0.018171971270772268,0.008677399323524293
2023-10-12,0.0009383212551406558,0.04012890042821141,0.007551112842163948,-0.01761547983928774,-0.011451321584574315,-0.01629570409028254,-0.009404267559960067,-0.0021084518934509078,0.014267823638456134,0.00228891613035282,-0.018354187022286028,0.00691864143221164,0.014255201106176186,0.003257862067845174,-0.01288858132011289,0.006720660361686059,-0.0009245496037078138,-0.001458126210879554,0.02862937239191401,0.008172343327535034,0.0014170365301201804,0.0059634426515595695,-0.017143924318443145,-0.00205449871105788,-0.011010934789840113,-0.02847062252778515
2023-10-13,0.01842203320539936,0.05178860381181731,0.04092831843115935,0.02798882979175728,0.016828195210873982,0.010504218510821903,0.01403643418744303,0.0442723887528485,0.005681952719606508,0.01196367388035376,0.02711393611218797,0.012593221502630373,0.0120995968651528,-0.018023818369193128,0.03217996830108749,0.023514073023356286,0.023281938567440496,0.021157224892585244,0.029966217337514058,0.01828278421185434,-0.012069813245953076,0.02056657756995335,0.018743212333697207,0.021667277816853757,0.012084552418941397,0.03914055621533605
2023-10-16,0.011163401999472971,0.006976904941837258,0.0017923206363561761,0.037122069019861516,0.01801048387233542,0.01897761523405833,0.007085561490954679,0.054707263414622676,-0.003119994238891675,0.0006411310977268991,0.015402183098760921,-0.00023455740389434487,0.0012792272920621153,0.006534483518608053,0.009848177739189926,0.0005385636374434788,0.01087286790327927,0.020919747075364828,0.00782207908720451,0.009451750182921279,0.0016954193731581746,0.003964525244551534,0.023409372185708408,0.003112798016673406,0.015159947555238418,0.023161766747817697
2023-10-17,-0.0006206016541638232,-0.0076826742055079444,-0.010646406780972714,-0.01324650075226604,0.006583653005629595,0.007240018305795008,-0.006000335271403154,-0.014163207565408517,0.007382157234865461,-0.0063816075995202755,0.022933329669435436,0.018342265834180898,-0.0026811139069315057,0.0032216888690851007,-0.013050760133796155,-0.009370783728898185,-0.006849035008198396,-0.007247811731575987,-0.011859357214150842,0.01114689662013412,-0.007620764356886078,0.004868730858492691,-0.010131956985342408,0.004185797741828237,0.010314151557552664,-0.03236434234607927
2023-10-18,-0.0008239167637209707,-0.004640495495205987,-0.0032827907318033916,0.0035163626200822805,-0.01370105602977813,0.007228295647840653,-0.0018663053510396747,0.003842100819485328,-0.008983107077832881,-0.0007495534586222978,-0.01947257326077299,0.015922451344220635,0.0002020628958902926,,-0.0003304233987779348,-0.00308665891070517,-0.008010352114228413,0.0026612192146279606,0.0012822104918955857,0.006751366279411959,0.020505680737970156,-0.009167477203312973,-0.003340645071408632,-0.007066993085267338,-0.0009273914068092803,-0.01878591718854003
2023-10-19,0.014679058311305577,0.031671764351917,0.02196951132323538,0.010375517150369551,0.01027023731258856,0.021509941196300675,0.017162535869199955,0.028376548729350682,0.022551326343684064,0.009633322342732965,0.00687513536199702,0.0021577836689482765,0.001276762425129096,0.006386172659137546,0.007744654324814352,0.03136388735839202,0.03711155021505835,0.009882033858149133,0.01562935031784336,0.021527931386157082,0.0221636250319861,0.020173710481978423,0.011683569814531811,0.013063778197080288,0.010152030736098293,-0.003826543027748458
2023-10-20,0.006766849708645976,0.027133559804048413,-0.0036304962737109397,-0.00830155498395957,0.023086166304446577,0.006379948871955137,0.012977920746728655,0.011201988225651929,0.013983238461866934,-0.007329167343843801,0.014624530163415713,-0.006553691685421906,0.01219213241647098,0.0034524499688947385,0.012824982283765116,-0.003609405315815273,-0.00453365068915762,-0.002755366856534616,0.008211706806495214,0.004686743405889553,0.0069544170706481445,0.022583570909173567,0.007146679683005573,0.0080101063776122,-0.00319625599401764,-0.001955766091235739
2023-10-23,0.0044002513069592115,0.00022812352692777038,0.01777796677941411,0.009498537234649699,-0.0024933205441418833,0.004016682921650168,-0.0029521496403113992,-0.003888489001077485,0.0025818166689745648,-0.006951412454306036,0.020058911517289873,0.009574271291973028,0.0005085927366388187,-0.0021389682086426407,-0.007645381116844874,0.025531757919068532,0.02058172036212137,0.004769537776282925,0.031101878348112934,0.00708447074164549,-0.009490744038357812,0.0082497434176912,-0.002722848195698489,0.007324480959166553,0.006162994922992854,0.0035827969103072455
2023-10-24,0.002103392705189451,-0.01544740170451112,0.0008973858809153551,-0.014884258850710133,-0.00040645580999777026,0.01322870523866856,0.006082929143653732,-0.0067384383441965,-0.0026270645954952687,0.0007177161132010156,-0.011371125248359612,-0.0028666991971876645,0.005582341131749012,0.00813069726191154,-0.013527491862877732,-0.01058554248679433,0.008357528178011508,-0.0069490028216788735,0.01362744198356033,-0.0066398578391209506,0.016901150057584857,-0.001964190426084922,0.006602887342087138,0.020833846520314232,0.0048972952915822664,0.015827513612147737
2023-10-25,0.0032444487876786884,0.025980745301658736,-0.0067288765088244495,-0.005121716394146787,0.01441528368978745,0.0014599736835116642,0.010404972537475903,-0.003919069920513431,-0.003654407878637816,0.0006442159790166713,0.015961869587382344,0.010142881664257244,0.004408005932128832,0.03705429780841888,0.02233426099433979,-0.007227397316180162,0.00407322593007442,-0.012493007831428676,0.012418576243306289,0.0074216534429225,-0.0018773023813725698,-0.015793018930212302,0.0005128989183518784,-0.014745607121729079,-0.004021839150889735,0.010320373374200525
2023-10-26,-0.001098995074973559,-0.005746485123075984,-0.010178973233541305,-0.016362288019467708,0.0005457652170366492,-0.0005789357510457458,0.00591339647444244,-0.017511460699109072,0.002036131538408489,-0.005020637095484793,-0.0006314588788593293,0.011102518361101774,-0.012297828117860655,0.049106099159479166,0.02566597994749235,-0.00826257019622681,-0.02076683585744423,-0.005788199043274683,9.830421178750326e-05,0.005967843251499421,-0.01550535184253049,4.319197628123902e-05,0.006047555136940426,-0.00015971209023191157,-0.0035742036709794107,-0.014933073310149508
2023-10-27,-0.009967825054588266,-0.0302488851230334,-0.0330159123866106,-0.016400908432901023,0.0014758394313875156,-0.0018177160688476314,0.0018227368557767422,-0.01820842102768419,-0.005107274066057123,-0.01434998451190383,-0.0018106826274048766,-0.00900660063745532,-0.01685483816785107,-0.017970148026852335,-0.005700662692469512,-0.0075683236778761875,-0.023494977818124808,0.0026059264994922615,-0.009013468793565283,0.0007448171856577519,-0.0007838696223596564,0.009075372619707256,-0.03020397305865529,-0.0003289177951643867,-0.01590937089126115,-0.014350667167594977
2023-10-30,0.013801097889984983,0.042879444706296066,0.015040658645671057,0.03923831555636692,0.02355621373220089,0.013601146412328464,0.0021575210942832027,0.04085096202885643,0.018584057819366704,0.011847730219198879,0.009526854219936412,0.018745921494107528,0.02155694599087661,0.015827017367206004,0.04176818091553639,0.008802736857890736,0.017552838707088333,0.007094569629030059,-0.00430671112696954,0.008474980322095482,0.021765306511775717,-0.0001436860724296258,0.0013735605039848023,6.353994120543438e-06,-0.0038615830784838484,0.0045688052560665104
2023-10-31,0.003986569369510923,-0.008938356102228474,0.013523180948378857,0.01681799591043855,0.009420491035697531,-0.007500448726604575,0.01473534743224878,7.09895977361874e-05,0.006152949888974334,0.00850968093727791,-0.010281828501274645,0.00014764320006226822,0.014904150409657467,0.012304107954039764,-0.011274250518528891,0.006754449984907096,0.011521801311009406,0.0012117935815181002,0.0003034967343668038,0.0035827886672645643,0.08295610911805551,0.006065774914531886,-0.0051089838331921855,-0.0006091993340854307,-0.0027223192860164674,-0.01902215658897849
2023-11-01,0.008538378696658232,0.01896610378064171,0.004675916981121686,0.02375804797611371,0.0092586649868512,-0.006781822876110259,0.009971534902777551,0.01985379479980733,-0.0010861800510927491,0.0001314537384407303,0.005127878760865216,0.006697543544057008,0.006914859679757678,0.03099065237838235,0.01631557353622411,0.007682304164781467,-0.010801312788786387,0.008134120578510318,0.012434591493752478,0.005920817685450037,0.008077430007986802,-0.004703084911050032,0.014898859845621696,0.03193502287611445,0.00990574613559068,0.0014092753550258852
2023-11-02,0.00985266187727876,0.024959493313645588,0.030681920124169496,0.01793177145725806,0.022755974073543645,0.011917496269244609,-0.002147931206482478,0.00435736556580793,0.03128847011271,0.0016549523623729215,0.015712843430598738,0.0007821709559604026,0.011362962634524947,0.04899471284050855,0.003610576236086262,0.00445848812746924,0.0007351795242215187,0.03350718148408012,0.0031249317944458286,0.005088223662902006,-0.006343629636680559,-0.008098845797777037,0.01814258333219259,0.024246392615241544,-0.004614486450464694,-0.015931271136297814
2023-11-03,0.01210711962279425,0.014285967726378856,0.025777539093596306,0.015527764389236264,-0.004994306828088213,0.014658078860932733,0.012969704284885355,-0.0004226607584590277,0.007662241965380298,0.011813447764621407,0.0061650797053854345,0.011666785849250856,0.0072692746755444295,0.01726467771674864,0.017312753935191088,0.005968260036813444,0.016230779488093615,0.005346259307667661,0.04451302217979782,0.007137378253094391,0.023827304579545128,0.010133339886571835,0.009272387587088553,0.013580555703551923,0.0316623454250225,-0.013198173534885144
2023-11-06,0.01678824013687571,-0.007141419025582652,0.030052961085256045,0.008029413262311194,0.03529028929177171,0.01725729383557334,0.009831324229889082,0.03776465196161354,0.012568894476348109,0.020041020742566376,0.015826506684403312,0.010389933774050756,0.013675411655793713,0.01608612442535512,-0.05806278620310527,0.0022575994559185797,0.020131297354602652,0.039661303754484845,0.016153617650262787,0.008784753145653397,0.019580684884430294,-0.0008566713049824592,0.010147215730858512,0.04322471997675297,0.018858035516231404,0.06783913966613092
2023-11-07,-0.009748021235552127,-0.020198379779957566,-0.033144392154915825,-0.013306231401734278,-0.007137888698485358,-0.0005966715157291499,-0.011243245554285181,-0.03214890319513408,-0.009702758545422494,-0.003496983188778569,-0.013037268430256618,-0.0031907160055493705,-0.014573735122438097,-0.025489605655066,-0.01938736902574096,-0.005178173482451642,-0.009975087477567247,-0.008445286623081458,-0.009027793278990814,0.011629387104550986,-0.039765395626506966,-0.0019768723035176647,-0.00996620411845651,-0.02053375141366467,0.0053642660798353375,-0.030787982818877124
2023-11-08,0.011613357801164294,0.026055649124315804,0.006380705382928786,-0.006261891814644427,0.007942153379993344,0.011268070583937272,0.017965897003577026,0.015729394740600967,0.005378771171779063,0.0022576345013979203,0.0028494825189243622,0.003137266094461367,0.008727152985718554,0.002903734886385234,0.029656218958060015,0.008417915011758315,0.001481851750469987,0.017302864188367267,0.011921556620164796,0.013310129351542086,0.0359570707789878,0.022554372193159335,0.007777305706131158,0.00808572323197479,0.03330707240792401,0.011400334089859049
2023-11-10,0.015387463736042904,0.016717790695469692,0.013281885707486424,0.013524755101591169,0.024461497622174512,0.020683798795662844,0.01447569956286035,0.020522362897611186,0.020486498649588576,0.02371362711770658,0.007133987095512384,0.0059312415661637655,0.022041671951492047,-0.014683694546406306,0.013987328900396842,0.015675299728159564,0.008164468949362503,0.025695355455098476,0.0055065271055124935,0.022729916554841096,0.03980720792329473,-0.005708859501214787,0.02506057596533205,0.006885191885410663,0.009034741677101596,0.02627211417288572
2023-11-13,0.010063530241502174,-0.0017022026237086263,-2.9471470708197778e-05,0.0016635559041813242,0.013536154035727173,-0.0030941481436808902,0.00987483597780836,0.013079814721167269,0.008495919958018985,0.019361366986770122,0.013621056469002801,0.018512546703981964,0.024244076704960704,-0.012768025881237127,-0.01259965208976437,0.005466460510496429,0.004639481282094349,0.014768200031049977,0.016760143123813676,0.029125543566154693,-0.008996375900310882,0.006245840643754219,0.018267443536229777,0.005155931155719159,-0.0009955655148279588,-0.00271305046467471
2023-11-14,0.004661733850037751,0.0022770535739084496,-0.007422807209741075,0.026347045106309603,0.01852712095333755,0.0030531469439216753,-0.0041035859402623,-0.016709634413113673,-0.007620928356794747,0.018089121054369908,-0.0012696983749968898,-0.007697841440153377,0.01363417838110782,-0.004495200573422176,-0.01074944381609059,0.0018306317336470312,0.02479110864544529,0.009030678508514231,0.004432644833771121,0.0248894077904124,0.00897476186984833,-0.0054808432061301,0.00965312711879541,0.006039084273964905,0.0009882964566430147,-0.0021840847198203728
2023-11-15,0.006497884582350302,0.007292577843414505,0.027047949306867873,0.023708817089128153,-0.0016653157620873155,0.002945546754839909,-0.013587656232856942,0.011128235554594681,0.0053685763463558545,0.014226878904878925,0.026842573228270217,0.005747176638677585,0.001471868268088744,0.005473238667915353,0.002180643467036244,0.015875059710466183,0.029397499631051805,0.00808063493785914,0.008012224948670463,0.0046625091614856,0.027469234820066246,0.007008183510674149,0.01056147796909073,-0.0015664161142659547,-0.006915232302494669,0.017150559905225904
2023-11-16,0.017013258179282016,0.03119869911734675,0.02467902752618943,0.018379636554696804,0.004342083553269593,0.019647020646787042,0.008392277475337329,0.03004635635843948,0.03082874666893463,0.015545453805667894,0.01713766861340747,0.019514313592258865,0.01788231011129442,0.033338964788447445,0.02695599136536659,0.04133267565899812,0.01798426139484218,0.02051184267582748,0.0017119967249372592,0.008052760452742145,0.003449581997011425,-0.0019566797481616305,0.027114377985058835,0.005517087445518746,0.013638702656060679,0.02783605291239305
2023-11-17,0.006893694029502702,0.017598351885818053,0.010175147247263303,0.010771864470054005,-0.009874835260033117,0.013983256526006385,0.009373506690511887,-0.002613519578795446,0.006769544320719586,0.024975602905875072,0.01472029631437923,0.016915038037552798,0.0034822240256760003,0.0017037700932987787,0.01621953673526851,-0.008338214975288027,0.012155882571022007,-0.014772449931128931,0.016449044925754452,-0.013110496404605796,-0.024280943128983518,0.01104526108461321,0.016305714865661815,-0.006454767001361056,0.0034530373170859052,0.021355452145435355
2023-11-20,0.009071303731297432,0.016457881393983353,0.00400370710700699,0.026860889064878175,-0.013579020460219415,0.014673025286987693,0.008891149781062207,-0.012437855588339708,0.007917655841791256,0.015186260050072935,0.04659307158377294,-0.0030298593112401016,0.008344330890318444,-0.017904714299193714,-0.008417133405984198,-0.007442686004034554,0.008834077401127894,0.023495106585296202,0.025337243118085283,0.007332132715781124,-0.0018335737498583748,0.02645411636009868,0.007264777722591796,-0.002580892555068902,0.02011422227301492,0.03426656411995066
2023-11-21,0.011200946513753859,-5.45066415488904e-05,0.026969682441126505,0.01184182300091515,0.008861221827578536,-0.0011881903115829966,0.023411806975300174,0.0311098423652878,0.005961810916200595,0.017236359738994882,0.0021364012087051374,0.01591728771988101,0.017330911866191692,0.04522114923187184,-0.006792477213933136,-0.005621294334550164,0.002135902788495803,0.0022898687508950966,-0.0040324542916882365,0.008204346062889232,-0.0005541945634871537,0.00022649818997911596,0.004238643626684532,0.005654502889913476,0.02680264659087362,0.03092347466696191
2023-11-22,0.011308611029372192,0.028625512005264576,-0.011523741024318745,0.016168038168686633,0.00809190385378202,0.009464076410624231,0.01032393011412478,0.015783958473331933,0.021032585385030896,0.026699119528478768,-0.0047742009987915,0.00488840487891929,0.003183907719970852,0.04113158845374726,0.02552582196195259,0.020388780748600566,0.023319111913653233,0.009432490115481182,0.02497762926225553,-0.008778068803680863,0.0035022860739751527,0.008502463607026868,0.019125403259566298,0.006191858803308858,0.006802479561919555,-0.00418756478658594
2023-11-23,0.01082960351599093,0.03482767263748093,0.014034168932204296,0.022356035037667216,0.006041922452461516,0.00868470444851149,0.03306603676050101,0.01826180710605983,0.012192399193169041,0.014513849646656007,0.021326049144110387,0.0008851928274773435,0.002617372286079595,0.017935955119346425,-0.02783411959723736,-0.0041762188402872935,-0.002863613537525289,0.009783582963554832,0.029163308150892076,-0.004207602913178351,0.014164197835064396,-0.010659722823611804,0.030745297534838463,0.013747321972887446,0.008625038923804519,0.01667128409919244
2023-11-24,0.0013998129674725201,-0.010908912130567683,0.013111164583687801,0.0003053095306242981,-0.003969411898330673,-0.003612935718742025,0.006500357144285926,-0.02091770153491973,0.01159890312960911,0.004259305504439331,0.03778085140936802,0.002711448029869844,0.005539445129090934,0.01266566358662538,0.009945433783281499,0.005256930034534674,-0.011397527316198619,-0.008948299829298081,-0.002585025558365028,-0.002785036516036018,-0.019096302159054973,0.004108863229683219,-0.011742089208070976,0.014453998144483752,0.010922144346661966,-0.010145685454464648
2023-11-27,0.016687950691659705,0.0019952592505161127,0.013697800765349035,0.020162277493666707,0.02557935575216083,0.008677271421436853,0.01614346440548778,0.02296648194325282,0.015473439046660336,0.018688240564119864,0.0023973704209743762,0.0012175027513195522,0.007588484968892055,-0.006578474233030124,0.02757811624608797,0.0015931407697846456,0.0005117943748029874,0.019954766208878733,0.024193810600624487,0.007492971584412018,0.00165258537675822,0.021059622437156134,0.0003747701137543318,0.021954870332321942,0.07523574726604262,0.007520871018567132
2023-11-28,0.001999915556721558,-0.005583821021993618,0.010672931503619046,-0.0018726758896602618,0.019825610680597485,-0.0006577910907608558,0.007907991228160383,-0.005569785856148331,0.0071171521946542205,0.012391184440007207,-0.011610436286230041,-0.004990370962556463,-0.015877168272869648,-0.016662425892378124,-0.015573707856096483,-0.00011443407044745002,0.009714846797316313,-0.020206473545202885,0.021076185615317856,-0.000490776504999359,0.04541647268370269,-0.0012496342075831882,0.0011083664928691378,0.004864141731000236,0.011783379382915855,-0.00702256092816278
2023-11-29,-0.0021667545335050343,0.03613410989049888,-0.015543383660342427,-0.019262140704822555,0.016083247832955488,0.0013175805475887166,-0.0009267226308915355,-0.01538638898924032,-0.01355648399568237,-0.002279477709661181,-0.02422930006419738,-0.0010143899326642608,0.007434915862495466,-0.01852938172147217,0.022732791206975616,-0.004100620031138952,-0.00537263028890741,-0.0037983504136625684,-0.019179263609211118,0.01661908163323259,0.007466730315247444,0.0024224757776203963,-0.015199726392218877,-0.022644738881912593,-0.005091610623409675,-0.01879429974754872
2023-11-30,-0.001736755042528542,0.01382900921126905,-0.012397609897404155,-0.006356190433553695,0.012424421430849137,-0.007228299416923022,-0.007388654004816838,0.004327651678608703,0.004171983280735155,0.007006911664568932,9.303267722116093e-05,0.002364620660495198,-0.006193970820601297,-0.01888422049359073,-0.003910977321263294,-0.005812678120840409,-0.011731060121370184,-0.004727521287910139,0.01582618474339749,-0.007774326242396046,-0.00865273767064037,0.01193206232130241,-0.00950419380209609,-0.003083043718516192,-0.016584140646578295,-0.007674750757361737
2023-12-01,0.02377618227358459,0.04623785802126503,0.026296971647907535,0.030168518227516206,0.04952585949849959,0.030766910658098393,0.008350551410807965,0.029725263671754164,0.014329585669827434,0.01821550032467731,0.024378890105507978,0.013641272405780041,0.02064743862254294,0.009525278927517505,-0.002425756044258339,0.0124019444374171,0.018893920210913108,0.047151494724861936,0.019888455719473855,-0.0036689004441360284,0.01193511617993881,0.050437281599800904,0.024391652113368634,0.021285751361834044,0.03682735543148789,0.014315528586921866
2023-12-04,0.012955042784421477,0.013153441303307256,0.013938673452420405,0.02079134690260705,0.008511066357267642,0.018089031223825314,0.006699697571413832,0.02571198330264718,0.0025542143498898623,0.017040624973265535,0.019962484863342216,0.008604893668053755,0.014241917609138278,0.0025147801727160024,0.032138784247982506,0.037244217528561274,0.02096261042824441,0.02111456431386699,0.009738871647552706,0.002049838885128211,0.024699781546540567,0.030450280970212386,0.012044709180148883,0.0100700693516942,-0.007969580632296532,-0.004474508943116323
2023-12-05,0.0034489243454998647,-0.00980785548016384,0.010022762298140031,0.005762516442970456,0.002778169854620166,0.0006155061169289661,0.005021716998706877,0.0059397634201775,0.00019878903457991117,0.016426351612398155,-0.008080373035515528,0.0013743171457166253,0.0025304995845143717,0.0042781346569964835,0.01722492121768192,0.03894631057480297,0.02036217257190399,0.0026665713157601606,0.0042973412132519375,0.022410019163749652,0.06358125556288141,0.006005947240626582,-0.0005599757641048095,-0.012174488661003229,-0.021679139554636115,0.003998122754578032
2023-12-06,0.014416434457566756,0.014481545331452395,0.009146203870479026,0.013642539258849192,0.01176618668401724,0.01841202358458456,0.017486874836676287,0.009315928545636917,0.005981854723804699,0.010289080355392782,0.01026124925861164,0.027730166578409293,0.003968590108091918,0.042795393392039194,0.000371620067268541,0.02273343081241075,0.023414033145353407,0.02743222372341722,0.02680233961197498,0.013583781948919174,0.03615256220572549,-0.006914059622567359,0.027834708227665903,0.01694997147360234,-0.001326478570566579,0.01939039798218492
2023-12-07,0.010914790858510975,-0.0032339153257644913,-0.006102916044750772,0.012072546375146395,0.008328302733555566,-0.0037687034500652502,0.031920360123604205,-0.00024638119859166085,0.021240633586356354,0.000761638166667487,0.021588614207586582,0.028096623645483005,0.021146994160510614,0.05358552122679339,-0.021055880178496425,0.011418462988554062,0.027089168884245663,0.017251875377697068,-0.010259360666682673,0.018692114083799886,0.0385901883399532,-0.007199723652638587,0.019277408612036077,-0.005867503011407513,0.013941959142066716,0.0029220247729637716
2023-12-08,0.018737094680048094,0.0009214997139148307,0.028932397036559223,0.01592114320939268,-0.00022907872771228606,0.007286591098781634,0.03337832071898088,0.0076981814077235295,0.03962716715522506,0.01585193860719701,-0.007773078601121031,0.02716356383597595,0.0263123925054805,0.015710694729725028,0.09751657242576009,0.021717869053285044,0.02073827224547582,0.005153484211388115,-0.0022482775887044727,0.009960929145271484,0.018580960264823004,0.006834539264919792,0.023924190825239333,0.023016253813860663,0.03724894332837605,0.009925438814147869
2023-12-11,-0.0006784461754335635,-0.009386866791413307,0.022877644840989197,-0.0031200905606018257,-0.015213174850342105,-0.011124056368025574,0.004410596667632906,-0.011923776390422997,0.036966896097534785,-0.006633829838321211,-0.010036151851343674,-0.007685413992896591,-5.360037357225455e-05,0.025346577901462497,-0.005187558707564058,0.01046591450103268,0.010384151485732341,-0.011982566178805595,-0.0020717672296746703,-0.001703519772682936,-0.044411130359916284,0.0045648483565289616,0.01903237988278883,-0.009963027506806117,0.00969319925616096,0.0007552410777942331
2023-12-12,0.01197598907757204,-0.001753515708991893,0.009096851573213868,0.017827142274693442,0.010105163689239083,0.00218440197052989,-0.00010512013994331548,0.009545288223020884,0.02815962911160295,0.011322740953692461,0.0058699495101623604,0.007945871439256128,0.016397668604409492,0.013924368734373008,0.046015821409481045,0.007576817906591371,0.010227669274366812,0.0025685209530782183,0.01105590871424188,0.020899249325806574,0.0279616889822209,-0.007896301772515555,0.01748710929778719,0.004368348026930483,0.025765423357498495,0.029247627891621553
2023-12-13,-0.021628601287441596,-0.04397540909478481,-0.024125003391423136,-0.009382554433762902,-0.01400154361948925,-0.0229337581630022,-0.0014764192289915268,-0.014397291705726456,-0.030054994975492497,-0.033870843198740876,-0.03762384978284724,-0.014062620540996084,-0.037657855985384375,-0.029162117357743683,-0.016671537655304977,-0.011007156130857093,-0.015856578628260287,-0.04394010724242667,-0.015681890799373988,-0.01746420954877052,-0.03331307752160487,-0.018005724015605157,-0.04591465612299033,-0.013061375947091553,-0.01068546601990687,0.012285980496935966
2023-12-14,0.010772934369961797,-0.007613996390962163,0.007444946948640188,0.008427690658865672,0.004573912031605783,-0.004070262364504973,0.00898291657750842,0.009445126453684097,0.018344451449103936,0.003065130906846166,-0.014446632493785971,0.03780779855499104,0.00970680499074984,-0.017731856684711556,0.02812992759316911,0.018212237446525725,0.003585884077532464,0.0007017314877286046,-0.004590982856796588,0.00681606307417706,0.019260554048073808,0.007175141960107291,0.01609487211719216,0.00243521728503235,0.04073221909355907,0.04138636394580866
2023-12-15,0.020485267298729754,-3.695894931605714e-05,0.012189713897251668,0.01740392028512831,0.0059012752638948965,0.016902339853036685,0.017227232401817748,0.017300623549802413,0.010131629615310556,-0.0006415780370877272,0.014361673408429587,0.013411068923669962,0.040209746270288844,-0.007384897085942949,0.11214568928651063,0.01688204159322909,0.023526859341902562,0.015258532752950943,0.0009890909124939062,0.023397436397805487,0.0519802287976317,0.022117649474439838,0.03315352788438818,0.0038462473381189965,0.04266229347399995,0.07367697345561075
2023-12-18,-0.013008970881095002,0.001915957625242193,-0.00668079207864888,-0.02426311820182454,-0.0063705569339745005,-0.013234029949221918,-0.012996770009296332,-0.015337121201536593,-0.022857751866385136,-0.010331517856139387,-0.016261861723387488,-0.029182864250580497,0.011557820748461926,-0.027331558004880074,-0.014730315890733925,-0.01533160227557856,-0.023834417594414757,-0.016095796569458976,-0.015305714409771276,-0.011073801166646262,-0.007982200466372907,-0.01883045668365432,0.005582676321757891,-0.008617358440079818,-0.033003280239975764,-0.021880366698502518
2023-12-19,-0.0561457747498769,-0.040798609582631665,-0.060170538738474916,-0.05175715623402205,-0.05457470814364534,-0.04656846642149341,-0.047318714183402825,-0.06386592185169422,-0.03368393443300136,-0.05664833141905221,-0.06841764750397032,-0.03919553854217752,-0.07014763104289792,-0.021293581378533506,-0.08133916818278744,-0.034229471579373644,-0.07042677119667703,-0.04769495926162848,-0.0516870938435196,-0.04614330663961258,-0.085016993154029,-0.044687616134498946,-0.07129197322213339,-0.050393583217325774,-0.0758914175506184,-0.07629943461664343
2023-12-20,-0.017495124029809773,-0.030561750396908272,-0.021395937862653307,-0.008292449129178758,-0.02229357097939161,-0.012360531877343423,-0.015325688553759398,-0.0080446689941773,-0.007963250450740549,-0.0153685042212095,0.00954890600705923,-0.02701629710911228,-0.03509150690729047,-0.015125043924694631,-0.04517102970585775,0.003441968810665358,-0.026581942843100392,-0.015237041335126822,-0.018748055865259662,0.01749241746439453,-0.01215362789105931,-0.0017386882801624845,-0.038855908870119533,-0.013880341955928088,-0.020296323484002676,-0.02804279080982955
2023-12-21,0.02000119962637188,0.03461371367652237,0.03039047897245219,0.021845937346661754,0.01889670072466772,0.01646385752486759,0.009060977058520913,0.021753009906521636,0.009744132369331424,0.02098157763619342,0.03095978537486786,0.010499985013698303,0.011438503930237395,0.0376628399063062,-0.0022764656571374886,0.0054000983132619085,0.026253771748559928,0.025952920446198582,0.020120954658605805,0.00931200799754153,0.0830782379685549,0.009259421346681614,0.030353340317577176,0.018623149557976414,0.03253928169614512,0.04150833382664049
2023-12-22,-0.0070003709172637,-0.019889188050139506,-0.025721642039070236,-0.0038259665206464657,-0.008341607400801268,-0.008692328366346173,0.002042068979765399,-0.013117019342215328,0.000337689015194106,-0.015549924212383064,-0.000769550995074475,0.003536658402998298,-0.0005135073803449957,-0.024800241164187442,0.00947573992195773,-0.024104901892051167,0.001303315532213245,-0.02269840222662549,-0.01763750331863142,-0.020540515528922068,-0.03580283813872237,-0.009152191058439915,-0.028341582436373778,-0.010300807766841065,0.03085215647488445,-0.005454808618380297
2023-12-26,-0.046666269549310566,-0.051845905601554554,-0.06151908383053982,-0.04679438686569685,-0.04380410586529929,-0.03957925360933547,-0.04248135703078188,-0.05292934565896504,-0.03213942694588724,-0.05102582933593894,-0.03968971921265398,-0.02326382831821419,-0.05634950374483389,0.018645452399658646,-0.04895085729820329,-0.06182780718195746,-0.07524771491376206,-0.05036368871574083,-0.048922490077928024,-0.049887949357100614,-0.08437845817655096,-0.0026368098824064655,-0.06205934884295013,-0.050833586025728766,-0.0621114889513909,-0.08083395270226221
2023-12-27,0.026990752184162234,0.02995358473611435,0.04014720594643406,0.018860066030879797,0.03540521069939291,0.015345393411000429,0.024451352726920207,0.026565492649085715,0.03114173406746414,0.028984650838205464,0.033365425656905257,0.007272331647275488,0.025126029196814986,0.05085486571568324,0.018588021074619862,0.019885719446167627,0.026930626619245956,0.02578750162957133,0.030056895724436386,0.02224357685133698,0.08072864756062148,0.025415239261459308,0.04599947125042864,0.015802635431902037,0.035219819200708304,0.0380204775700195
2023-12-28,0.023396005955021268,0.012236361300554745,0.021379015422569148,0.01258361344243745,0.0388838976856956,0.02078619920447499,0.026301041598450054,0.025740924874755072,0.02207329785346162,0.021803277948360393,0.0370174202081317,-0.0006341625579640908,0.02614441267040897,0.015723550125619823,-0.007597160383265342,0.024122097127239395,0.011582332015559093,0.02681429670286392,0.03409782858836326,0.03024135780250718,-0.007906405716892828,0.035074670653581844,0.022542501130814487,0.034530635511093866,0.03585814334536607,0.04164495948484365
2023-12-29,0.0094507906616755,0.020435847434099652,0.009523107976546402,0.008165649814069465,0.015406235139069612,0.005634581144294153,0.004457737578156689,0.012170868517809482,0.007594608776538185,0.0021431845877041863,0.009142900670633966,0.019754518757764586,-0.019369009106781725,0.025532680172681843,-0.012396893315966292,0.01352570237367376,0.00335652759437135,0.020786301300658505,0.003681632136877511,0.028688467283756767,-0.017310711222859765,0.028331552879465885,0.009572277106902545,0.011807714591972789,0.017324901524899978,0.008642759250845539
2024-01-01,0.03564624867604401,0.03954482286711698,0.026715004613449382,0.043885474927576884,0.04214854301253978,0.02601941962076239,0.03182103916673309,0.03484072293347475,0.025662632097194375,0.0378726611053893,0.03297768155044147,0.03322055559010909,0.03528793760834971,-0.006294577676472651,0.01923234835834288,0.0525391382044646,0.06506348853383001,0.027714871746400555,0.041359052780696494,0.04309919646722079,0.0616079314887244,0.04069317649645619,0.05330256260451671,0.030242319280840358,0.017783724658828035,0.041983064859590635
2024-01-02,-0.009685826578684975,-0.013746591896005255,-0.025693813761787348,-0.004931883490987388,0.0007758070243314495,-0.009852425970746892,-0.009053802129147795,-0.017472042165394736,-0.0005979785437896076,-0.006860165678353421,-0.0042925549634986555,-0.013080014534788546,-0.017857303210712588,-0.036893786492500635,0.007382962388407521,0.0010367948047593223,-0.009527993937960855,-0.00917454392806076,-0.01565141878200508,-0.0012280033574634491,-0.02994546763665476,0.004747245229757054,-0.02514218490464109,-0.0028083047407029198,-0.004512591625326093,-0.03633388574918339
2024-01-03,0.002431580870427473,-0.0040434729261477845,-0.0036057056216445837,-0.005888267802864755,0.0027015119328193324,0.01749305040796766,-0.005500470865999291,0.01986375018590412,0.004210569113980259,0.0003292390589708323,0.006573972057488793,-0.00133471361202205,0.008875809433314154,0.00902913393030097,-0.012994274393877112,0.014692970400887156,-0.009111866372204435,0.011046940424006363,0.005256188237990145,-0.004418607580345362,-0.022891239045673223,-0.0010098914218936495,-0.007240528486362704,-0.0007402998254529021,0.005795333447705241,0.014263947185114478
2024-01-04,0.0011712207225365709,0.033115524895851546,-0.007158449107572605,-0.0037894450235466115,-0.008400522767065866,-0.0006214056948829236,0.006750457089075246,-0.01453487370349892,0.00841739949863304,-0.009204114000481482,-0.009341339959785755,0.006700842670893318,0.004308049444693191,0.02134244749549835,-0.015499727237532093,-0.0024258127127103624,-0.0033789532803795153,-0.0028042396553806664,-0.009443620613026468,-0.010167291280439996,0.029898209105129858,-0.0008581448579554549,0.0017460987530001756,-0.0028558268443279952,0.03393862432055909,-0.010501761076555205
2024-01-05,0.00024531248749463377,0.026554469895916033,0.051437973966064324,-0.01084848952642111,-0.0022284839991602466,0.011026018923769594,-0.006814619467699077,-0.016135513412040437,-0.013755422890206861,-0.0012574890616096994,-0.010695847083386426,-0.006623749992630838,-0.0015979785698513854,0.023470404308368442,0.015623087630305357,-0.002330192219108962,0.006941315704095569,-0.004812860297953053,0.010619266777769799,0.001978637867871106,-0.013856326867803692,0.008151815452364698,-0.010759425887511434,-0.004417436723217228,-0.007848666848770532,0.00546949751519385
2024-01-08,-0.007486463348492822,-0.015948416284119037,-0.0014475070480654947,-0.009615092612281162,-0.021799762350104376,-0.015784487789592922,-0.00923502808912451,-0.012893902979496627,0.007547430693895328,-0.013398283825396366,-0.008942502702079691,-0.003543886987193927,-0.006577996789838556,-0.03918677108340599,0.006248467902356021,-0.009839484394791098,-0.014234426775304699,0.0015666527663453639,-0.0009553870589039794,-0.0028380171393148795,-0.017905582292959105,0.003210476670416962,-0.01741763133267728,0.0008279206663854713,0.012821858611180022,-0.009931637404062221
2024-01-09,-0.0022352483264438867,0.035945060279007,0.0012376761496143696,9.656713890391726e-05,-0.000507398232361983,-0.0038988501659113425,-0.0028859240346612346,0.00017821285334509995,0.004034035475659233,-0.002418207050346677,-0.0002713788935467809,-0.016728774741853168,0.0030617474381931828,-0.025626469894367676,-0.01706241755715912,-0.002723230915969127,0.007959319468672555,0.00034777013335811346,0.006005081655304378,-0.002574717698235291,0.001855779485330139,-0.002346335530899594,-0.0049893850823063335,-0.007713357155474165,-0.005572665732084932,-0.0002893977464598074
2024-01-10,0.0022498947215502684,0.004589379984028719,0.018235608089703037,-0.005614637659690021,3.399312539204982e-05,-0.004027846694781146,-0.0003430781562248426,-0.0054487496695211175,0.0072261899216696,-0.0006416828172590179,-0.015213292631967893,0.016336571363351197,0.003629917596571637,0.03328006379770418,0.011061995873106047,0.0009426226935125293,0.0032807130506795736,-0.018711719425571816,-0.012767214733329845,-0.0036880941821807378,-0.000562972852165583,-0.007142452759957625,-0.005077556970343773,0.005172179972989868,0.03299342839698805,0.0002845339835353955
2024-01-11,0.008280561080790503,-0.004620918821034226,0.0032237504347558676,0.010306569253103914,0.009703414643995241,0.007722005690527202,0.01348058913972819,0.00859933217528668,0.0065177096513635725,0.004959170296170369,-0.007712724989439794,0.017170156371739177,0.005792482147225571,0.01075258210605412,0.012925882158677182,0.04040539179272762,0.00798380359090155,0.0011138227830256864,-0.0017507314540646357,0.005652629557324659,0.004125553348379052,0.0029883112720524505,-0.001151150042312421,0.0067087817366694525,0.042317594897439,0.00443845509971269
2024-01-12,-0.006150056233872363,-0.0243179154035684,-0.007131968589833522,-0.00739839125036799,-0.010247658195555523,-0.014682079939370188,-0.004597152636321472,-0.013711457826246156,0.0033722468931086024,-0.007332478017503832,-0.011996345650212995,-0.006813393567283234,-0.003515086012639754,6.311523340685188e-05,0.0019045805237705299,0.010118980745098816,-0.0134513159259252,-0.010305728425068411,-0.005582718400684849,-0.004421690604269771,0.002034893870777127,-0.0013215348002056856,-0.0038668987659887877,0.00028115051915088437,-0.016198642380409318,0.03095122125952951
2024-01-15,-0.013204330479358834,-0.007793478204264372,-0.021275678934021144,-0.009049742305592346,-0.017807163295208314,-0.013205618811451117,-0.001560932669426532,-0.01842329751791333,-0.003094528916092346,-0.015281227585605538,-0.016038602545609997,-0.016063286150123358,-0.010248300374065596,-0.019519262171660723,-0.02163676846916851,0.0002913405753565135,-0.01069079299963247,0.001689950611672153,-0.011472149591582426,-0.00866340600378805,-0.022259911042070202,-0.007270435643479567,-0.019124594394178837,-0.02096975171137004,-0.019227592954552602,-0.006086004775394033
2024-01-16,-0.006211686864492019,-0.019326388213328695,-0.017312492061567614,-0.009577552454894268,-0.002988108694298213,-0.00535482317282938,0.002052672862046064,-0.016869227584664834,-0.0003381948532302622,-0.001166165937484093,-0.00708265533743883,-0.015293860237462546,0.008594753646264918,,0.02752220129096969,-0.01552260336152858,-0.011261717457614773,-0.008843505618284606,-0.011043952132244506,-0.004976664308108059,0.01241644463882785,-0.011413725530037026,0.00391953597585338,-0.009040721211880638,-0.023206647233064478,-0.011111943963324267
2024-01-17,-0.003834511642855963,-0.01050435203810206,0.007345182286729868,4.760432886723454e-05,0.002373736758069361,7.71849660253926e-05,-0.001398471076989083,0.007639686587393585,-0.009431456155826393,-0.006260257494834147,-0.005002904740920837,-0.01145035308684116,-0.003689843622320248,0.0022243037342325835,0.03438540813888401,-0.001503264172030505,-0.012799447577054103,-0.001522878938010619,-0.005074243527913426,-3.718434521329409e-05,-0.034440148288415934,-0.00907642537189228,-0.0075787054042363725,-0.0074271715129721905,-0.020514031561006063,-0.0014045830155311745
2024-01-18,-0.0066726913099668635,-0.016019964237303584,-0.033012388143772754,-0.02397855672196596,-0.007235332803058031,-0.0065510611364717995,-0.009925297308260587,-0.008804853930630982,-0.005664763417176255,-0.0013280487731335833,-0.010504526251721122,0.013736521502712361,-0.010016819015641653,-0.001786478690161214,-0.003208965426725647,-0.004215371788195338,0.014073801036110833,-0.014713152929961046,-0.01915515118698717,-0.022810408618957008,-0.019893906974484538,-0.0113597858804527,-0.008325078888316097,0.00424000053520533,0.018125253621059677,-0.004042394490072404
2024-01-19,0.0008547679113980727,0.03575622000201009,0.009985676694446896,-0.003928115611618395,0.002699650679530277,-0.005811063125101483,0.008638752038982858,-0.007681090180050217,0.0036538907294996997,0.0037938992303991337,0.010255601600660053,-0.007790146509083858,0.0052658337529238675,-0.012869908581390949,-0.01066063819823117,0.0029765962521255407,-0.014096854560049228,0.0041720026905035235,0.0069997418551850255,0.0011838445767663305,-0.016366519248103617,0.012834058042839717,-0.008340411080824577,0.01142191159221448,-0.00959720089865209,-0.009961396285325136
2024-01-22,-0.0007288380154816882,-0.014283513966328853,-0.0012605205956069676,-0.011956664789841387,-0.0048174326424001435,-0.002665188664828492,-0.0035501699517848486,-0.0020732081705537864,0.004238699730085139,-0.003171009176047682,-0.012175364108709008,0.006697151564957657,0.004328961261267966,,-0.00992540379684903,0.042723042087238206,0.015054990396068772,0.011409167955004546,-0.005943283123391574,0.0035844618324556593,0.008028712195780885,-0.0015391589244920473,-0.002081378957376851,-0.0024671172595729287,-0.014324642839135879,0.00902111407118042
2024-01-23,0.00766524762711633,-0.0009502273281612239,0.0056489229616383885,0.031843795321452796,0.009237268560609475,0.00152036625902689,0.01308444974489716,0.021134616227143257,0.016743226225266663,0.013829792155803237,0.0021251225511572658,-0.0025641605662939304,-0.001424087972852878,0.02116056947423467,-0.006179916866949256,0.004657660335305375,0.004308788498136218,0.019384020752528014,0.016277100213714812,-0.0006793452498763476,0.03750005025453862,0.010178901744627647,0.016746753650378674,0.01041579658816513,-0.0015462151174672509,-0.003560450407785326
2024-01-24,0.007983400898707969,0.009657702950357205,0.0011994115404110645,0.010991361988513627,0.023037577983604205,0.00905674474573849,0.004178153674310047,0.011652062098951163,0.009531879633555094,0.005283250772472671,0.010006817576485952,0.0068190980472675146,-0.0029548896315272416,0.004406688068757288,0.0009705412343272157,0.019791197305336933,0.013508665397575993,-0.003889687287658747,0.0018938246951737958,0.010825928271617744,-0.0003585856499814244,0.005505010182754163,0.004125286598269067,0.01659849239006703,0.013448092237695037,0.0014659639816058112
2024-01-25,-0.008627033179114679,-0.014698319237228037,-0.013328499133323901,-0.020815663010298968,-0.0017087556657820959,0.0021359799098591634,-0.0027418150263276266,-0.010275368408402144,-0.007217308027927701,-0.009504699924339352,-0.010404990173876008,-0.004454212604616411,-0.015100491933139655,-0.003734506644042679,0.0061142098370943355,-0.032728279921928755,-0.008827059729190656,-0.005001919775986519,-0.010964267265253614,-0.014488580052883773,-0.027935605876759195,-0.0023509257701666087,-0.01132421481837225,0.006684564958666846,-0.027010628141547754,-0.004117044459089447
2024-01-26,-0.006119821047643132,-0.005492279810906919,0.0020101050567434553,-0.014080924375330772,-0.006564179250863944,-0.0004438204065128397,-0.008730675390974624,-0.004034167021708733,-0.020175654419419757,-0.005514818735030323,-0.008987008302913945,-0.0075408762444712394,0.00835009233395283,-0.004219089048145497,0.018173902236609696,0.001832802107978565,-0.010603051156345111,-0.004808842802541444,-0.005159632308991202,-0.010213943335577338,-0.007851869871972006,-0.006222748343673244,-0.01976201918545295,-0.0012229109772023564,-0.01908184311074903,-0.014287167440695248
2024-01-29,-0.015189326669977084,-0.017089207350570214,-0.02773816587185461,-0.023205262588451635,-0.0072304958991926335,-0.017714457410374876,-0.0004793046357018074,-0.007179520383169778,-0.018948215913869162,-0.013541416649690382,-0.01132174426403291,-0.012541704181917341,-0.015476042952513053,-0.01947391687204451,0.00028413878226756547,-0.026617579664081348,-0.035143344153770295,-0.013687459650213826,-0.016893777185448954,-0.012223317670406917,-0.019622329371209862,-0.004735653831631319,-0.02427695554509912,0.003856553809854874,-0.043415945190527036,-0.032954132229720684
2024-01-30,-0.018623535440607564,-0.022830095960845308,-0.01029424129991477,-0.021387812604096147,-0.028319480013076603,-0.02065220957166937,-0.01725320352456301,-0.0163855345031932,-0.022645264858473544,-0.020935247560340868,-0.01830981595597242,-0.006330580503951317,-0.019189012057158467,-0.0020474771432625514,0.01020927905999136,-0.013190907892329073,-0.030088688990146828,-3.6242002564995657e-06,-0.02341619795178736,-0.009282328417526005,-0.05568777250466475,0.007447109958781157,-0.03617084423437738,-0.012653805655670274,-0.04889933730543766,0.0026418559838540245
2024-01-31,0.0009311310052244913,0.010291203712074126,0.0004667943070339603,0.012882313661447454,-0.002274736563928978,-0.004474870224909875,0.018093338132378244,-0.01296834952650483,0.005124822510419775,-0.001828494306575495,-0.0013395118412511953,-0.0045343806937965326,0.006318519597244559,-0.03012659972620138,-0.007157046304510798,-0.0002482334540755693,-0.0005189253337831601,-0.0008766051671430519,0.0022278985337164103,0.0021833666334412243,-0.007932934907900202,-0.008726864783794612,0.0047627057495347545,0.00532391675093682,0.004959839123532685,0.000733012831239462
2024-02-01,0.002394294584012521,-0.014898977940133987,0.005526721457359963,-0.013235438239171837,-0.001767817034883327,0.0031802611830294794,0.009384036584873122,-0.0005718617484520109,-0.002544498403647011,0.0028632098032457995,0.006898361298051363,0.0025443903842629068,0.007592655605823024,-0.010333856837429017,-0.016325492480355246,0.028342431118737077,0.001758728380496588,0.0010647837496901152,0.013235707753193025,-0.0030596327608780702,0.035003516133898904,-0.0007114909592317992,0.006087356224077063,0.006959649940013072,0.0005424492113683873,-0.00013434417313068492
2024-02-02,0.009726649840118945,0.0166977452118381,0.0102525390782703,0.028442423181890407,0.006348872199483938,0.011257647732343841,0.0037746756633618315,0.003542176727043831,0.016713050638741796,0.008965511909093109,0.011622908209109365,0.008439844362700085,0.015499712865407952,-0.005926333292062158,-0.00325730221901539,0.0035486881491245126,0.008756293427848609,-0.0001939543342383554,0.03031862562015651,0.016618498895409135,-0.0024165727351968813,0.0007688450066755947,0.025847593066963975,-0.00260568625144418,0.01572085702461636,0.016120336901299142
2024-02-06,0.011315376548011702,0.011234535807747604,0.00016339954946498203,0.006199337550469042,0.008208275114728256,0.013227443876148779,0.013494222677262956,0.016864569332324313,0.009457533564567975,0.005370379332806331,0.013997285271942031,0.01809311074546071,0.004880596457456464,0.010666666666666677,0.02127327724149608,0.03334980208321672,0.012652708318141692,0.007862759381787654,0.013438888536543958,0.011192858181682799,0.03710472741442705,0.0040977107624555675,0.01116072220543606,0.0035923039796296025,0.009176840597326574,0.040148107677457745
2024-02-07,0.006133331712328119,0.021619236025421807,0.004044819957139151,0.015545680979596388,0.008922893370317452,-0.005595630042649544,0.002070866809870736,0.011414502673719166,0.0006005581727224049,0.011221742257648673,0.006903959522296499,0.005129935972037279,0.000635648026614514,0.0056130338358867755,0.009389140271493224,-0.003568606880055225,0.0027320933670328517,-0.0008829801191739678,0.010391077921732484,0.004748717447246166,0.013975736774042097,0.005605320091095241,0.014011794084428122,0.01099738882797475,0.0028784497145271037,-0.004899967474786743
2024-02-09,-0.018271025585254706,-0.02541650354612583,-0.007873513944684765,-0.02510262306028932,-0.020787418604667506,-0.01846135135156154,-0.018832564569067255,-0.029299107298042453,-0.019826026181991203,-0.022095456950255023,-0.01560357889050142,-9.269821418032842e-05,0.0009009017056930383,-0.02590944540496498,-0.033833585175399764,-0.02510448987494185,-0.02028435941543121,-0.009769975375114577,-0.018527118399868328,-0.01547040066512292,-0.03876239495271436,-0.01981344883222299,-0.032261661391182896,-0.03615360750188467,-0.017708159816216186,0.006548308608485431
2024-02-12,-0.03380282507774929,-0.03978155464702203,-0.03310196536829265,-0.007253384090997332,-0.025622606921428023,-0.030821471594669844,-0.017052093553041492,-0.0401174049773391,-0.025830669963899027,-0.043860783920488054,-0.046691535535004734,-0.03381395101121634,-0.04207400172495497,-0.0028293770640200055,-0.03961317385394488,-0.054834202164380424,-0.06341783026182696,-0.03192098063226953,-0.04774725194548998,-0.030020940306404016,-0.06539667457762441,-0.01587616682104305,-0.04251115499004936,-0.024064070975905454,-0.024507831691014514,-0.05388094191121259
2024-02-13,0.0023822593576778113,0.00841399167309399,0.020395691369953117,0.01507550498546011,0.009328142694007613,0.010603589580123068,0.004540724032088339,0.004659155515377406,0.00918545552622696,0.0010784023375836587,0.006393174365071271,0.01811883240329579,0.003963916075175439,-0.012765344802818934,0.009341090025185208,-0.014990494025402035,0.00482572743013916,0.011376031453407542,0.0030706561122587515,-0.017841143615417714,-0.017229405990789287,-0.012814769312094887,0.004441156822905856,-0.0038619578606543747,-0.012821561680368956,0.0024260799384897558
2024-02-14,0.024194069750324045,0.031836295991226636,0.019522403490705137,0.010861227738722511,0.02875169419790387,0.0032227925224792694,0.020651788687319546,0.027149717059444207,0.016655796674642818,0.031723642972879065,0.02479097529429301,0.020912336775336306,0.026609716456356756,0.033424936764004376,0.01830987773623668,0.018470054320660484,0.049917851314180896,0.02138388498154829,0.021139677954281497,0.01458106594962911,0.04239064997493708,0.0168783508544315,0.03218125072661891,0.029337200499688316,0.019779775326111044,0.014823444606844927
2024-02-15,-0.012081064403102474,-0.019063981966556554,-0.024588960835333604,-0.019471600291565826,-0.02117151435831946,-0.018601336628474345,-0.016349339270892473,-0.017794805573776745,-0.01383113834635392,-0.00958131237412334,-0.018053780518288803,-0.005944936838687058,0.002550468178954262,0.005293886054084244,0.02355392546042455,-0.03339739826351379,-0.008000144188085234,-0.014487991093927524,-0.0048191394135632,-0.020451519480489462,-0.03965899816789592,-0.011079307689870942,-0.027813055391938832,-0.00718039567965716,-0.005418521860699051,-0.004899302504567299
2024-02-16,-0.0199132416459735,-0.029363884298576372,-0.028455080904728886,-0.009118222770986839,-0.025652802932893248,-0.01561623351563237,-0.008280867898824385,-0.031140806287980227,0.0048622604482979614,-0.012720163742892907,-0.023274903821860555,-0.022631739145325253,-0.015523014289727145,0.004944448558986088,-0.04454252022651232,-0.036209929200559876,-0.02267435725806276,-0.01621803488500387,-0.021228264063991076,-0.023776295240804695,-0.04904574115987784,-0.01339674161520582,-0.03451241032382914,-0.01903810069813359,-0.019155580588765393,-0.018675630132351795
2024-02-19,0.007750966217917743,0.03222953412357664,-0.002615834615730006,-0.00020373361465415575,0.015342055315777356,0.004203501540688884,0.005925143225052385,0.009983830629596744,-0.0022468057815572895,0.002395373621564407,0.007640031043933053,0.011381129799042489,0.009212872444897414,-0.017192478092832014,0.04162449698522386,0.03205864243764664,0.008196936667723975,-0.014621904251785264,0.011004791707538153,0.010446423145397529,0.03300294746605717,-0.002074198490927539,0.01722439042091808,0.006539000863210687,0.008445406685734387,-0.0066132416475002676
2024-02-20,0.005083303388666855,-0.002263580105298546,0.008106939899337825,0.004819099245760294,-0.0031154789187787762,0.00837579053916073,0.0037725228352704977,0.005303757330870916,0.007576877552460012,0.0005782435769272682,-0.00656937486878741,0.006390437809964606,-0.010570421978099338,,-0.00676121015454062,-0.016183459709884357,0.004957052254383143,0.019174449800621607,0.055147115498642596,0.012631050725575696,-0.004777315132210053,0.00624151518716177,0.0010130610401635368,0.004299831639591201,0.02465959003257385,0.015124982994163289
2024-02-21,0.016454435594288188,0.04587118924947813,0.0255817514923804,0.014216005134117119,0.016996389641630097,0.008973294333739815,0.0034526984478134405,0.026491389758857953,0.020195481975765612,0.015979122706941254,0.021477240742401132,0.00032464721145248157,0.003846109365121623,,-0.03088935031789029,0.023314121703712,0.021257513785392736,0.010392928693181466,0.06429184913034636,0.006650566649619827,0.04335054555763823,0.005200127744739769,0.03758563155584947,-0.004545972788419196,0.025102703378626363,0.03245921010341196
2024-02-22,0.004330163402159748,0.01975287411172751,0.0035431725442057194,-0.006721856044970498,-0.0019677253457003677,-0.005047663151667499,-0.0030599232948394063,0.005235392598481492,0.0005028422864428965,0.0006900376192554439,0.014556963625514266,0.008714287709206533,-0.002504939100598432,0.02685341283941441,0.005366505556767257,-0.0018974903289049605,0.008772972375474553,0.014081884630047878,-0.032296454080149625,0.004159435563831086,-0.000739361123925697,0.01015032135339844,0.023122748338209653,0.000529500047063293,0.023723230245393245,0.017431965669508748
2024-02-23,0.012173500736551946,0.007797438244557438,-0.0076289261850439605,0.022838896201844372,-0.0009258505599547995,0.005700497025576432,0.008693125896740797,0.007736077405571334,0.005466359336825187,0.0012181657694208309,0.005985367351030391,0.004778781498413258,0.017248283267502794,-0.013554254976573227,0.010711021307076444,0.03707048500654753,0.01716186353041769,0.0032405376439475914,0.008636910590265511,0.03036670579745235,0.010752033276121953,0.030756067763487004,0.012504238794713343,-0.001421614737573823,0.03571246689011453,0.012250398592021539
2024-02-26,0.00825533990872288,0.021042961953949956,0.008072959648397191,-0.003116292703184964,0.014169733734970946,0.0038361768338099405,0.012400668602116626,0.002353609169118374,-0.001086852824832753,0.00899327249110412,0.012558695991152835,0.006313478432083115,0.014011012321332604,0.006640573574499727,-0.0068877074405393635,0.004509331353516111,0.012148490195825812,0.010216425163362297,0.006918979171835304,-0.0017300944707579638,0.03954577549328009,-0.003895585352048305,0.02266434048109948,0.003915453901986503,0.014119428723838034,-0.005478272456494709
2024-02-27,-0.008214151259457144,-0.011041537308762294,0.0024555774093933946,-0.017069494341571168,-0.0042305519168893135,-0.008765502088938596,0.0028268064235142574,0.0050821020424372905,-0.0009820813395772867,-0.009902149442187425,-0.001121076132509798,-0.0030053349642738744,-0.018643924434198978,-0.034199692685737304,-0.013293371500926465,-0.007063503508035807,-0.012401983901241375,-0.009536542334923778,-0.015618480630322706,-0.010711668551634499,-0.016280768207464463,-0.0025062601384041316,-0.011135481646310992,1.7863958566828003e-05,-0.01506178618371588,-0.034103427077092685
2024-02-28,0.004972003404756621,0.0011780373305806725,0.009349365714904618,0.0003971449792309789,0.02136842212240424,-0.005822941783060372,-0.010827301964952303,0.011775515482945835,0.018487835159815922,0.017505463685169878,-0.009795713650996426,0.004239542843480112,-0.0008256925791312742,0.023323889943906634,-0.00925123993004787,0.010277593249368888,0.010202060438600136,-0.0011209629745072558,-0.009932994646245818,0.02515057040827267,0.03776101670498061,0.002729525309207198,0.0014964827055941679,-0.005443201493884796,0.01752510628623203,0.011765045373598737
2024-02-29,0.0008364699010994252,0.008590379678635029,-0.000735021677624112,-0.007834804009124108,-0.0010205818550849774,0.006366148614784671,0.014712327234741102,0.015148433591373864,0.017187970165459126,0.011716834571836927,0.0032452839066020147,-0.0035846433445292604,-0.0032611534334423932,0.0075923821226396015,0.012693690591662778,0.021606835023585125,-8.954511872293347e-05,-0.009845892625137978,-0.0008297555012846742,-0.0063596053205623605,-0.004333169038156864,-0.0020286088865255456,-0.01657958797210794,-0.011527944552701416,-0.011853160168352701,0.0018937494720524528
2024-03-01,0.006994905710826726,0.02308120031998916,0.008266539987282107,-0.0005573403156156342,-0.007329973040064504,0.0012639774687836563,0.010673870501200384,0.0067040581002974315,0.013386627299819051,0.003056951096111529,-0.0008470607362662067,0.02020226823091648,0.02950807404525025,-0.005639938641150384,0.019617475306203475,0.008891528604683174,-0.004554018029546714,-0.0057333617831427375,-0.001678234404200057,-0.003351546044142625,0.01522727491837772,0.012193972669151565,0.0032377002105250263,-0.005030126663400713,0.02378314048926416,0.0012115952265661645
2024-03-04,0.004140217868340629,-0.0009033168826177662,0.005512121321258239,0.013186669094514603,-0.0021264712510682404,0.011820144768001698,-0.008861070402654736,-0.0015376478050913855,0.01569798788462589,0.0030630033768450885,-0.0001905639012096024,0.010958988650949651,-0.0014303771374005842,0.0016373225930187418,-0.006800699394111495,0.03989318425355243,0.009586589200748296,0.005499482075428996,0.0009471153850412319,0.002036510758639352,0.012098969627039935,-0.01132281707907582,0.022146052403396906,0.0005721767071664131,0.022809438959269998,-0.004993670760635893
2024-03-05,-0.0016319971982439918,0.00964746686852368,0.002503833005321902,-0.008676485851612126,0.0009072308437929807,-0.013072731270592101,0.003191940540374483,-0.0021570102888456752,0.011139264700329301,-0.009351981345795922,-0.007954156750094773,0.007873240555285814,0.015854611002062407,0.028981426690172712,-0.01850203916558284,-0.02132501527373734,-0.011337950757509119,-0.010540793885735755,-0.010332619262836153,-0.010079332815659457,0.04887841144033922,-0.007973521463303072,0.004394991587381309,-0.011418875924062781,0.0010497376284435737,0.003122682751917294
2024-03-06,0.0024571411465962928,0.010868731119709787,-0.0021560698034939684,-0.005149872507302015,-0.0018839995336201404,-0.004787621134731419,-0.006375316422482469,0.004702856098926289,-0.005586605005541566,0.005873568892289281,0.006162637620890181,0.0020730438438767503,0.020530227044351358,0.008550610172094353,-0.0016073844584465638,-0.0048996078461192305,0.005613438125958992,0.00452528115947097,0.009713754211589598,-0.003075568484675606,0.00289307425697391,-0.0005414500085411508,-0.007019580776617217,-0.004783762995239223,0.011087288733487114,0.000627593695891715
2024-03-07,0.00037187228351680403,0.004458172600313337,-0.008983602044362802,0.025765516399270456,-0.00241019724545063,-0.0011911746639244449,0.006524980778207576,0.009336905088278724,0.0031017453341180795,0.0015027533158835356,-0.000988676946205654,-0.01219331659178268,0.0182350698958408,-0.003867171291764689,0.00750708931677229,0.010352399825750813,-0.004035869390688933,-0.002726089186083469,-0.00038058117269285715,-0.0028845502812567653,0.002846923810547075,0.00046778784733854584,0.0034571512694896445,-0.009889354713962337,-0.0061778734619959115,-0.003108007380144051
2024-03-08,0.010542486187793366,0.031352928826137785,0.01738810640095561,0.00877001539858487,0.00929216936925897,0.009975312187907993,0.0005546987655168867,0.03242805369767631,0.0012756102060282088,0.0031472511689077886,0.005012621755306719,0.007061848297339831,0.016178942439434223,0.007365603326605334,-0.01786402201329969,-0.0017395700919485002,0.020929014539568837,-0.0017353023896049952,-0.000807625780572263,0.005976668780651728,0.04466272808580435,0.009710620776728927,0.011610373922749075,0.0193215353882786,0.01780630767950384,-0.005193265239217676
2024-03-11,0.009322839280220124,0.021530332683611098,0.02818420063470048,-0.014036957486861864,0.0008381045329629642,0.013144193704168089,0.002004569856282197,0.02824558185357502,0.003007329418628516,0.011709782226376829,0.019789045178400893,0.006115749410381249,-0.011727047640726462,0.0016393965501754204,0.004252587575959873,-0.0016753832955118952,0.007379899336060513,0.011883025342445341,0.02660229934077105,0.00924718747630811,0.020209312474836594,0.007496547720316826,0.016781145085418607,0.013395747359471962,0.009992453211912777,0.01988406397255499
2024-03-12,-0.022254741021885488,-0.04060625636198149,-0.038989268305982296,-0.021169841552721703,-0.02737240939461026,-0.02324574675117109,-0.0062826650145606944,-0.030089804648676194,-0.013506984833851043,-0.02444351775683115,-0.02476734619619201,-0.020937532137042924,-0.0370342601395817,0.025214631241524788,-0.009676160223968977,-0.019663733103808173,-0.02659229487595518,-0.011788395188274223,-0.026535578158208926,-0.020288008554551578,-0.06428216119421451,-0.0020297754103730486,-0.031050902172876278,-0.015285159731354477,-0.023884687361186294,-0.02282292964397925
2024-03-13,-0.018044081540172823,-0.03806418969741419,-0.024119364942474047,-0.024628524841184385,-0.01663384222323854,-0.011609612537386146,-0.009590771206951131,-0.019442986333970486,-0.00940595217469588,-0.020949232336049624,-0.01132176320283181,-0.015788414022378718,-0.009857685885997095,-0.012901129943502843,-0.013717709305944606,-0.01840616962087427,-0.022692498822235438,-0.021985566756766963,-0.022348704881389143,-0.008403124372084379,-0.044262504320318724,-0.009727493961125966,-0.028937084661106942,-0.016160408884212798,-0.029792565819817478,-0.03103198287929998
2024-03-14,0.01873174119849359,0.04102835607795415,0.016673164557715447,0.024351171159756824,0.016531953962446007,0.022737221210318945,0.005698383209611714,0.03137071564949299,0.013386182891142382,0.022841393946615957,0.009101751466809027,-0.005410864167172555,0.023855615042057476,-0.011762824055107785,0.0017622676973254037,0.02938425517362364,0.03188844136880346,0.0200223741828344,0.01832257399839696,0.020321342407349636,0.07655146515622152,0.0102657167051797,0.040633978760237076,0.011862932467837291,0.024930111385298232,0.00659880012110714
2024-03-15,-0.003905554186087895,0.01426319976730037,0.005268043015065435,-0.010195135336253963,-0.004760846290885703,0.0003869034707211297,-0.0013766163850980413,0.008010455737296529,-0.003774165991819218,-0.006320348729051961,-0.003884830302492518,0.0030657518507718126,-0.016237268993873906,,-0.04213401998351176,-0.008757248983894905,0.0010045594727905228,-0.012648093771320432,-0.005720846259407586,-0.0007424301919780925,-0.01926604247588412,0.00902492303506715,-0.009176305863641678,-0.008257441154358466,-0.00525176453996079,-0.0012869011868572033
2024-03-18,0.002924158928665897,-0.005328967363818517,-0.011481848059894717,-0.005219072167139321,-0.007133097229437273,0.006456745171970721,0.0034160304259941987,0.006944884531639134,0.008658380363260674,0.017010680087014285,0.0013647828655506584,0.020223054062619678,0.0055433545193236955,-0.01880843447230962,0.043894598852895025,-0.002523582641693084,-0.0004200394940480967,0.0043101455654421805,-0.00015952228225614274,0.005268451348111071,-0.003573034721708196,-0.003004805674705163,0.003202863977166665,-0.01086049001589625,-0.009576627910485441,0.015700378722080077
2024-03-19,0.006770237704052148,0.017138738683050138,0.009505715929736452,-0.0037293613976932425,-0.001235821193775626,0.0005113143545877004,0.008132279260638923,-0.00015732725940985812,0.016805990372874002,0.009719575742294324,0.0021249651299737513,0.013697805209527096,0.02172382200486024,,-0.02664238452498107,0.008351241484416766,0.008063904208397277,0.0040780548708136966,0.0007615825300061107,-0.0004953959094126976,-0.005498927277292537,0.010242042773090522,0.012259660643506682,0.01647571221985828,0.009009674827773663,0.0014534537463135322
2024-03-20,0.0057834092589670195,-0.0036003527612880836,0.01792899440591584,-0.014095896775305228,-0.004372655856767186,-0.003458886149015657,0.012383921218459886,0.0037470662894358484,0.009734254465904877,0.006621944327961192,0.007603446224751805,0.012962848865530896,0.022234816065578145,,0.017847435309187167,-0.0033368460065003047,0.004706582221405331,0.012816617072585537,-0.0034485548938503084,0.0071478490793907236,-0.00809372911098405,-0.00042640596972257636,-0.00019099889814921944,0.00711634152265627,0.006478036597690491,0.020954360401569422
2024-03-21,-0.0054118829747715575,-0.022683779243280466,-0.011422555995232104,-0.014227045525421348,-0.017481749028547076,-0.004974248293941306,-0.0017350146658032361,-0.011341763346147069,0.01106920294330016,-0.011322939199458851,-0.005931353769549859,-0.01099717628573605,0.021401554918946165,-0.0021015719706932445,-0.02251148787127279,-0.011240432324765487,-0.0022825473027280217,-0.010640932188085941,0.0019024310334277983,0.005277047977937496,-0.023323664348575773,-0.006880730121677049,-0.02067316999107541,-0.0006563446152668583,-0.006841510642414482,0.039894015990755344
2024-03-22,-0.0016363846323746072,-0.003602425357576533,0.0008644610226664153,-0.005243293396944774,-0.0012563970424213367,-0.002039014570040444,-0.0026563949227240034,-0.00736438945061108,0.004958571606421468,-0.004067431588974472,0.00886328919862974,0.0003982175824956315,-0.01909041042753158,-0.006415422044212156,0.014037461613042632,-0.005547636349073903,0.004434746916599452,-0.006411473101333845,0.0033123662529017774,0.006194913012225784,-0.0042825274149030645,-0.00764033572122873,-0.0022876570516472566,-0.0004258748564964221,0.0051477603427478235,-0.004024239877291114
2024-03-25,0.0017779290147376036,-0.013982973168643753,0.008473712862493668,0.00524757541282328,-0.0002549283457782714,-0.003459854366039213,0.008160466590728537,-0.005965470285946693,0.014456125047310324,0.0009353611747190346,-0.0032877653515558936,0.03707166493954177,-0.02230509002730493,-0.014320792779703698,0.0383553446310287,0.01266282281932346,0.018273339347158614,-0.0026096349227667515,0.004054781704654305,0.01621135447393061,-0.0059968579822893275,-0.008882118274146015,-0.0006237195784397631,0.0012344476554215222,-0.02989253725884553,-0.012415229809852824
2024-03-26,0.003538465295807054,0.022322254739117375,0.003547968639373983,0.00039314343107990646,0.0067439380108827145,0.0045286641021389015,0.006587056305206705,0.012530395297071608,0.019792505734983572,0.007814507463903528,-0.0013389800427967928,0.008554995359016734,0.003995971887895165,0.021908774859726338,0.01746936087526301,0.0015554599820112036,-0.01842306337619052,0.004089954427592565,-0.0027166775317368406,-0.0087184071742304,0.008399861245416806,0.00395046557394075,-0.00419892943058526,-0.0015131038898087167,-0.007680699282696144,-0.006150971289442864
2024-03-27,0.0018115830060591984,-0.002449306493436232,-0.0041758053698363684,-0.004579062027232479,0.007113098580112769,0.00997716794315404,0.014205891526989419,0.005520207963448159,0.027594180332784966,0.0005092169829989945,-0.0032216591880438092,-0.008719262069224076,-0.005206023324774238,0.02094369005069055,-0.00611530296986578,-0.0015825047219296395,-0.00825497488985626,0.0053846630195654305,-0.005024325817571518,-0.005578589106457792,-0.002474230076715739,0.004410354972858299,0.01227827833620446,-0.004346872326687694,0.00993449921121008,0.0025409489010188857
2024-03-28,0.006706110532376132,0.004663375018245708,0.014361625169839257,0.013958273622423226,0.009152639197974573,0.005052683143760808,0.007344373951724303,0.0007279081873058276,0.002836139214704952,-0.0023126935904426043,0.007823600445685908,0.0028012641673661933,0.01873167878407403,-0.012901715012811038,-0.009167705709574134,0.005764755198555793,0.011994939458834042,0.005965816533157563,0.00978262768641125,0.0077834331765222475,0.022788668255794786,0.007381866183295333,0.019477061885591358,0.005900426917992186,0.003746104773524651,-0.0009048603098790742
2024-03-29,-0.0023992335005033477,-0.0013928761551028623,-0.004168153183888107,0.006574079009155798,0.0013701470397888239,-0.006456896711742266,0.0015022662852206658,-0.0025987985957357704,0.012293569912762805,-0.003920565629197477,-0.0011891487244901078,-0.009622789058139998,-0.003029311986428183,-0.010798274138917957,0.015678024619672937,-0.0037382345438809195,-0.004862280887817805,0.002026513178174455,-0.00021803116149794467,-0.005719915328180868,-0.003102885303392172,-2.7028005952732064e-05,-0.013286550925540002,-0.001438593284178391,-0.012465359072320372,-0.011144029241279219
2024-04-01,0.0012979365950462462,0.014537244845504126,-0.005079164400186694,0.006604518681784022,-0.004392524312684658,0.00291386684791943,0.00818871477349592,0.008105715795503149,0.007363826302973465,0.0014957180569941787,0.00011801075926467137,0.011373358121257919,-0.0069389121395997885,0.020300596664849402,-0.019142424822017685,-0.006667257129314513,-0.007021568504897968,0.005826769750511204,5.167235719162333e-05,0.001107126224943181,-0.006207257113456016,0.024948715769733523,-0.010751941559281402,-0.009985677141305152,0.006568740751774229,-0.011255612594933212
2024-04-02,0.003374992030412735,0.027470891204360227,0.007687396317620304,0.00514209133145116,0.011041684921006677,0.0025581678495660547,0.008601106187381835,-0.005528638794904404,-0.009255359256366082,0.009499793744036138,-0.00908855793219556,0.00020546062248649744,0.007252715314467847,,-0.023625013403617112,-0.005513372686147627,0.005177787776630904,-0.0002667921753305713,-0.0044622654971789525,0.007883439123664036,-0.008305887880898394,-0.0006088326059074697,0.003358209544496687,0.0004232432822494002,0.012418628494228756,0.0005239236305579487
2024-04-03,0.008182828186132815,0.013089665934680505,0.01798681545826662,0.0006061741824963477,0.05265677107075694,0.012162881498338433,0.0038784017760965074,0.0210617256045,0.004134110208911983,0.002040824655288647,0.014971417946927875,0.0034878163162887933,0.002227892108770329,0.011672634377243085,0.0021910359271174623,0.014378240438050527,0.014396994507827365,0.00166822941821744,-0.001179593366531262,0.0009653310445159284,0.0025652441777699597,-0.006917211051971073,0.00690467941771193,0.011692070240168525,-0.007199319578416329,0.0108958264925616
2024-04-04,0.0073734165639598075,0.012299327708734886,0.010096405110907496,0.005430684537120219,-0.01736391399774036,0.0017331303450709226,0.00943646686917809,-0.0022069465132245245,-0.0070449550768698,0.007036177058809568,-0.007963332913751675,-0.00947839691061602,0.023222180492774552,0.03349338220566459,0.0029980611358916115,0.01473400663794272,0.009933184048510124,-0.0001150128219544605,0.05884567174125086,0.008869134516483131,0.05037710301244919,0.02499608476059713,0.004959071289375275,0.010117782054573985,-0.0010889444189563016,-0.0071034235231179355
2024-04-08,0.008976634842794451,0.019991060798728488,0.005512787655331507,0.005478642338181498,0.00499547266284045,0.005377425910343199,0.011602244361336772,0.021997210135422718,0.011555911072879408,0.0012777826155912374,0.009995909052904529,0.0036595468369594905,0.008946838889055102,0.053225642792999496,0.0057786632151231405,0.021248549317054666,0.01422648299077035,0.0025481856905402583,0.03346034324238799,0.012583847136284616,0.003808647067375631,-0.01527127569285434,0.027060783791750635,0.0005567899045055238,0.0033690693083558132,0.012182587269695316
2024-04-09,0.002917754781538157,-0.006967859262347986,0.01681149555602231,-0.003237677269153405,0.011971095092515718,0.006264124448849729,0.013944230881972042,-0.002927146217267307,0.021948601078425,-0.005278267615560544,-0.0015467503501233604,0.001565305572021894,0.0034349193994563086,-0.01852437798275622,-0.0107798236732107,0.007867759268434138,0.008385550238492589,-8.70035792655147e-05,-0.005420975038428621,-3.679293411844904e-05,-0.0018940205796783849,0.0010387171296689201,0.0005836443878308015,-0.0010413949576325492,0.01610591427663231,-0.008960435929045746
2024-04-15,0.005004417768420859,0.022608121721720664,0.010303482473741623,-0.0006794433836540548,0.011923256468383693,0.0027781014115258952,0.010028648889632608,0.0059559487909430315,0.0003045921565084177,0.001983366054419464,0.0033852267982733553,0.010801550174059997,0.011434991429482483,-0.01714528841727822,0.011172697715192506,0.013445052080468672,0.006967780921003175,-0.0008885591324163666,-0.013967605807874183,0.006388241488567135,0.017874183081814765,0.0011334505506010494,-0.0025938179679800993,0.003559136784707702,0.00398061694527622,-0.010995674235185576
2024-04-16,0.0015180208420480972,0.00687187118796212,-0.009491955607779172,-0.0032607726066385735,-0.0015432729456750555,-0.001691930543644484,0.007086385232753284,0.0031445595031795357,0.00017800951348469405,-0.0033417934449936904,-0.001180532150262148,-0.004620328441096777,0.011362918460076135,-0.007139070537653114,0.008365493433412688,0.0029210293751923133,-0.00271350764003202,-0.004736821555490434,-0.0041245771791167726,-0.007169206308549396,-0.01596309109198421,0.0014833278596353416,-0.0010442944238168717,0.01051514542233653,0.015898388151780997,-0.003377679745391937
2024-04-17,0.00233832506137269,0.002427166285622384,0.006518604976432133,0.0001610006164610711,0.0015725162145216465,0.0027110716944248117,0.008854327852556321,-0.012552618368626043,-0.013019581664542377,0.0006074535825754708,0.003090369886468177,0.005366931551025128,-0.000520640159078345,,0.011567695036317846,-0.009755567158118067,-0.0024867360912582902,-0.005074434143555379,0.003202570469933086,-0.0037677088424680036,0.011727991938409232,0.004996615501889706,-0.008404564703503734,0.029602597589620996,-0.004897955143342615,0.013077997631765093
2024-04-18,0.003179745376225323,0.015277681248666086,0.000612285249064079,-0.006160167163169495,-0.0016140994958728783,0.0009085710362775115,-0.003732332365586577,0.001192670964700715,0.01201854143616827,-0.00582019395775633,-0.0020444256868829224,0.014794248150504301,0.004689539726921066,,0.010658913642520118,-0.0003106072365783863,0.0014095916805529462,0.014435960183934005,0.0028040328923205405,0.008500676931993292,0.022764614261659072,-0.0038805063442007848,-0.004569420245358232,0.03153437406905869,-0.00871093102039285,-0.005448029657759257
2024-04-19,0.009345628944715162,0.04134196739539214,0.03318192437347771,-0.000162906741209512,0.0015623028300760853,0.004414029468520332,0.005566756978289944,0.00395255574260973,0.025400045553217922,0.007888899545348322,0.0007135121654620602,0.013348838120925126,0.004624706355976788,0.007017120776678894,-0.001991869122535165,0.011658579033486216,0.0026307385491937895,-0.008852090087088954,0.011474136090878195,-0.0009063692544428023,0.01940435051150266,0.015389063204825724,0.004463948150808702,0.0019167786690448205,0.034387704651414046,0.018387856438971256
2024-04-22,0.00923908873807322,0.0436964897089144,0.02203015103988605,0.0017416510093595978,0.016972321716136798,0.007647894492342828,0.008270889793229833,0.023220875663423235,0.019342780021819533,0.008625566296888033,0.013238616632703462,-0.007197025394200675,-0.0003978368681279487,-0.003973534552621449,4.480582362747272e-05,0.015862478489875848,0.006285018756352123,0.014947957609719495,0.017390218281077327,0.024549058686317817,-0.033164921769492844,0.0002571804167419941,0.03100507198694893,-0.0001272170681890979,0.0011034856354757722,-0.0007302900922828703
2024-04-23,0.00113580380411706,0.0050665375562492735,-0.03761073847732084,0.01393535598125902,0.022321346554289433,0.008351319865531481,-0.013839481320056312,-0.0021620304249508246,-0.010344140010798118,0.0032227848320388387,0.03808329723535555,-0.0009124405856737111,-0.008936275579398262,0.0004122272482380285,0.035975195962366646,-0.0026659181084124906,-0.013112332636798129,0.010125131517113875,0.0027616135592612003,-0.021655185530989867,-0.011034623610018252,-0.003144585589915473,-0.005878941737458977,0.018169469143683763,0.005342300901764796,0.0016307687514868496
2024-04-24,0.008357599052021691,0.01782668968034068,-0.005603353375927628,-0.005762321929604353,0.015084290859252265,0.0050690761633296515,0.0017857313316172075,0.02075546699966464,0.02396877165712536,0.020069004869580125,0.03398814486076801,-0.0006125365951705179,0.0005949130106744915,-0.000766706059351363,-0.029653475448401023,0.005624457263795513,0.0009705463137587355,0.0066093775770002805,0.003511146928468619,0.008562781113866063,-0.013238456968324624,0.007660865342793977,0.02511640660371505,0.02091275733729084,0.012223924666678543,0.031139671316191136
2024-04-25,-0.0004802818364166445,0.010566506907617701,-0.00026830324585304377,0.004330564242937318,-0.0160846489265819,-0.007716196443208329,0.00017162430063468736,4.288799652705603e-05,-0.013593675091073691,-0.006053989232379808,-0.005995411466605816,0.0010679116171666836,-0.0007768520525063327,-0.0031836063067958165,-0.009896400653205026,0.0027879699003481584,0.010933049426916286,-0.007533502242265261,-0.0037805836124274574,0.018596990138456813,0.004271700593707656,0.0053891093158173475,0.01707504484920086,0.004330223551428425,-0.005827962286006066,0.029571883340009042
2024-04-26,0.00010138777588614385,0.03489774376133039,0.009169899495910683,-0.013962352635150199,0.005330374058360428,-0.005329277292757839,0.004309894118483657,-0.0062124114215942605,0.03699063752807276,0.0038322219496661316,-0.0017150326922505028,0.004948134091859218,-0.0060319267480544005,0.00713909869245688,-0.030987161453500715,-0.0015128801019831661,-0.017947010335828684,0.0068409917712586865,0.0062322041525742725,0.000911862598041919,0.00950533192034872,0.009343506121499296,-0.018661021328474,-0.01702609946605646,-0.001304858460223525,-0.03251795993905174
2024-04-29,-0.005270905360361442,0.012457783328963867,-0.009228720522754613,-0.00792778305000739,-0.014345242187894328,-0.0037553800678819848,-0.010794128921564245,-0.036417943862869444,0.015753912460367742,0.0006804601454742764,-0.019411436929400023,-0.019777163074868716,0.004420352958537493,-0.006297699431934034,0.015663731459127844,-0.014726629949455977,0.001643528642714319,-0.009346913648705366,-0.007932708858139126,0.006370097767949644,-0.01102732513823737,-0.0026275250197660047,0.01615535995747761,-0.024038661288367978,-0.0026569972395101837,0.02261150543728374
2024-04-30,-0.01163416297296087,-0.014265488670466142,-0.0016878002143222437,-0.006129295125681222,-0.010419196670145832,-0.013392922617925865,-0.008952699451903351,-0.020397450931656857,0.00917176451976341,-0.022842469973081553,0.0036502647590163826,-0.0037887339568435504,-0.013902602922487276,-0.007055461108223748,-0.04945542571940683,0.0024161421572002073,-0.009035183062021038,-0.008958111556957457,-0.014069642470023413,-0.010210639544762225,-0.012491958376680962,0.01104041602531171,-0.03960872038418257,-0.007558374507306266,-0.007229669485801786,0.004063240694291037
2024-05-02,-0.009244576803797531,0.004546054500520158,-0.011090182670660809,-0.012037301748953178,0.005165570228895333,-0.005918918257997847,-0.011536251109565965,-0.0033349016808307632,-0.026328111222237487,-0.014615689002968191,0.010036188394584608,-0.0006728408398788606,-0.004424763513760277,-0.020091990335624116,0.006556326268662723,-0.0012774935597854586,-0.015183104703596184,-0.009940303001091264,-0.015756663699082844,0.003775301594869094,-0.025714273457688952,-0.009143944565095517,-0.031970919690982404,-0.019588368551876036,-0.017789535464061465,-0.0006037050880960126
2024-05-03,0.015863017698926698,0.039437767373001906,0.005344302859741935,0.022390011365732636,0.03996150743121936,0.014764417683258787,0.001612890602642414,0.030395660290013882,0.0019359808772971357,0.00545518201250117,0.012189806510512102,0.01955254133346406,0.0034254233254051624,0.02554566361201205,0.0009644285579313664,0.0354334729101492,0.02469776783716378,0.0006603321063983758,0.014152806983772092,0.028969735045218572,0.03372278652082866,0.008923990145286165,0.007984083652002752,0.011053838607263514,0.01247213104601877,0.018509316148439592
2024-05-06,0.01603740879874001,0.026670533807618378,0.03427244838035273,0.035518562930960895,0.02156774643528075,0.0146660837625086,0.007485586971926228,0.02776079822962164,0.017494606147158205,0.021961572693985864,0.03375587216697299,0.0015672832440205096,0.016991004490865706,0.04518607800019103,0.02172845864591555,-0.0018633339772881619,0.007168442632414773,0.019147043734917796,0.02978205228010855,0.01124166798580939,0.019440162733631583,0.014207228459782886,0.009086294877620804,0.01779128079905595,-0.009051079741039761,0.03699011670754465
2024-05-07,0.0070163764363966,-0.005087859748867596,0.02118147760617757,0.04071389172348352,-0.00044341593178686594,0.023299411352412477,-0.004010620322382569,-0.003810829611656491,-0.0011364042286984447,0.007235343910864911,0.005717583639208601,-0.01091183777177341,0.019416008423417112,0.014842110679045062,0.005070955832892021,-0.014284647954959456,-0.004049043225162441,0.023552615181329742,0.0443216163233068,0.004149998238521445,-0.0029183475607785225,0.009400679027319217,0.014009567588039522,0.008186912433379295,-0.0032333400868278387,0.021207034820699217
2024-05-08,-0.0005111535910919793,-0.02253912018438612,0.01123579806927769,-0.010105506716466336,-0.00549680977236755,0.006809570787315799,0.0006004085011009797,-0.006867119590195647,-0.018706014976823688,0.0039060937075736323,0.022138727300242207,-0.001058081836580176,-0.014045057194379785,0.03815358063163793,-0.00387339267269253,0.001718333091715124,-0.009406665494499356,-0.0017883110777802136,0.020120592106895187,0.006064044076060837,-0.01836938809070121,8.55760575711419e-06,0.024083938529602666,-0.008917513493051744,-0.013058680181018682,0.018961077222716116
2024-05-09,0.01182000017864187,0.02403781411183694,0.007111370869878374,0.022737205595319387,0.02906236106418006,0.010087463676245322,0.0015901426658189867,0.010344065866061625,-0.016829644459002528,0.00626129485599568,0.003518778485516109,0.0077082608776588455,0.01890031907949292,0.04398073768826022,0.030170476140157276,0.0021443051907911737,0.0006946361025882974,0.009200386522234469,0.05297094666042599,0.010529927544712252,0.0011798088042513366,-0.008636716838834024,0.031732001894660564,0.011292610331527345,-0.005638702858835047,0.04978656562456013
2024-05-10,0.010772129229831848,0.0033033916941526686,-0.0031982255263326848,0.01566488470113962,0.039493602956056896,0.021264371943633294,0.0012818375446100483,0.03269545311385668,-0.005250071149242871,0.007516073922302119,0.015485696385430884,0.0014972934125467505,0.0004931450288471565,-0.004044495725488428,0.012214989516651023,0.00370731974772176,0.002706491771290731,0.017223368623126442,0.007687347556632518,0.008135642729394972,0.002284771812776476,-0.008900865381593591,0.006362594248586373,0.03142499851929676,0.020165950070802553,0.006763555165022805
2024-05-13,0.013995927838250096,0.020587595445390915,-0.0009571604831132702,-0.006422547521046799,0.006915608971095319,0.036898992627900584,0.006316947012097787,0.05208460370485534,0.008658696729193187,0.005505502745269092,0.03885174245343146,0.009283399751979386,0.0010023735237838188,0.05704438816439386,-0.02286422248828865,0.027596527523579717,0.01887720992787191,0.034210652460292354,0.005245203141189614,0.0004917539399089164,0.024918737342914665,0.019274923245152398,0.004619998538588315,0.02275446989856059,0.02113259262141344,-0.02253544116105219
2024-05-14,0.0058786343994787224,0.012673930328913374,0.021996523754527236,-0.003766999930722026,0.006804700390945521,0.00901637801425379,0.005581151443688274,-0.015187923418271992,0.0019379851300863774,-0.003904868727367733,-0.014617829032093929,0.02019481684841467,0.01197498280869313,0.009975700578576219,0.010280730494867515,0.02425241196441813,0.0060880512721324664,0.006106065602585989,0.000734134994522484,0.007334338703284244,-0.00374120484533505,0.007870162643386627,-0.0017433310981205422,0.0063298734029692124,0.004997390986510338,0.012565748618086903
2024-05-15,-0.0028416148286976024,0.0029334503124609835,0.03319229578156331,-0.010903545496511605,0.00509213710658993,0.001989892380249071,0.01205610025597852,-0.02080449054424338,-0.0027844881007837046,-0.006063407710540892,-0.0031756578897795076,-0.003455947600431818,0.000953639726528005,0.010382899574823412,-0.029971988795518233,-0.004081711997426379,-0.008276819102252031,-0.01924923487128727,-0.015002293018607116,0.0007701072586851408,-0.01744827445715927,-0.0024206698297748385,-0.00787455752651275,-0.013527907937891256,-0.00976287898000767,0.011841748711665295
2024-05-16,0.0017951761144504176,0.00034872907473174617,0.011489441865560918,0.0026348188574408238,0.0012855150240546065,-0.0009732337409487208,0.004559246653543131,0.021640506997242858,-0.008073582227657528,-0.0050290766774440995,-0.00973954798899701,0.012929872009779745,0.006241762261343664,0.018840802562221787,-0.021011659997871596,-0.0020609518692517315,-0.004773280994836893,-0.0006992245763202537,-0.000759413832364797,0.0006007642230147016,-0.012770007746225859,-0.004254189892509112,-0.0028872971645990913,0.013389933374479336,0.014317192168648898,-0.042047643807938434
2024-05-17,0.009026065149685038,0.008514442817873802,0.0121796729811606,0.016293183075601864,0.027981511125917187,0.013363503226195493,0.00554351778866285,0.014351692530469667,0.01881432671857795,0.004296853220204244,0.0017080150234168312,0.0076165527019364035,0.006417673593472129,-0.009589639491669633,0.012555776583871733,0.0021012196539363925,0.008226519585350422,0.0025840244596135042,0.017064005566633855,0.005938998567833579,0.02097681953614383,0.000515191660907974,0.000947254463125126,0.013469097065207243,0.010291695450926253,-0.02945146100630336
2024-05-20,-0.0022407408942605182,0.01427852378161193,-0.012721335364391018,-0.003350707347649399,-0.009576058018232777,-0.004294795230156926,0.0007295373611415801,-0.0002880878657277504,0.00576088240022873,-0.0012266036085845145,-0.011007301736300767,-0.001028068843405378,-0.01724857277883534,-0.01607188652032171,0.00445141102646153,-0.005608809000613668,-0.0037060671259040003,0.0005320506179070372,-0.022681807087656637,0.02034086166316451,-0.012513265865446876,0.0006164429276769301,0.01222264750721412,-0.006487645895942233,-0.007908356779788572,-0.0033511422238116095
2024-05-21,0.0024502038360923947,0.005075330874830364,-0.0058927238012383,0.0394530954982758,-0.005410386383689847,0.006605416211508008,0.00778619350348767,-0.010686250104611744,-0.005271312682728037,0.005065161727735501,-0.0018748562746276527,0.013777799545710998,0.0003869776769106437,0.03766653073789311,-0.03640349872084398,-0.00683991485124158,0.0024593604757685906,-0.005172796524515869,-0.002455594399152894,0.014782407179544139,-0.011072726137528383,0.01779954841411981,0.0013402971197445299,-0.006463992759401623,-0.001961714683248578,-0.003939833198577158
2024-05-22,-0.0035242706880396243,-0.023046450428340394,-0.028260001761688303,0.020188092994153566,-0.022949318701546994,-0.010123959883304565,-0.007196490758925572,-0.010710551627104761,-0.001678886230132808,-0.0004243415779124016,-0.01297952701901615,-0.005879102896795411,0.023060098592957008,-0.015667113413258438,0.003942473765729801,-0.0022590506147766587,-0.018708091701855355,-0.010999772363066943,-0.012299241640580817,0.02718282433914807,-0.01844448667856391,0.0051676219750223865,-0.0034559789272429913,-0.0032742149688605024,-0.003561892028949269,0.02679200657972644
2024-05-23,0.0051791278073158,-0.007515050517809896,-0.005898096833326177,0.017384291514878414,-0.000825964191883341,0.005262628609152749,0.006266086258126541,0.013331905272500841,-0.0014514670317468273,0.00789245677019274,-0.0051506143797860155,0.0013407904812029901,0.019587938317960678,-0.0055401976976725,0.011667969332701492,0.006772595293584566,0.00018791876880378902,0.01429426542975791,-0.001652471396505617,0.01903970554143378,0.0004423394047676499,-0.011621865295046652,0.003270209611163136,-0.001191977045569892,0.033668444721518746,-0.02382238120673838
2024-05-24,0.00805492275865673,0.0313895531906512,0.0047382933646653025,-0.00966283155818164,0.0001513219862277384,0.010188706301515459,0.015212382549245762,0.012165622011746813,0.005394721044508761,-0.005031820746725462,0.004579919607936356,0.003840935809114654,0.004927586153912147,0.004451918873721095,0.02725358084413043,0.008968908759693639,0.007640555483875366,0.005879459264675216,0.00807649878154908,-0.002681063637016962,0.01577280129938613,0.014635330620207757,0.0162927715323881,0.01706644600927205,0.013462029591344519,-0.016377801645195866
2024-05-27,-0.007807352056627583,0.00972078654426579,0.004100433435435799,-0.0064804443213464236,-0.007300052620633431,-0.007441517382987729,-0.0017372485617424104,-0.01808897987188887,-0.02217331017748008,-0.00987487791133906,-0.020442825232237765,0.0008380623592372424,-0.01215795397083511,0.006496382446159836,-0.02087690550221756,-0.009456744181177479,0.0028609552053387222,-0.013886556995070284,-0.013248318174505603,-0.02159142979614834,-0.0013331637751307912,-0.004851963245161306,0.00038994171834795733,-0.01800489990287539,-0.001231742806366299,-0.016372466897551896
2024-05-29,-0.013469839439657006,-0.01905827337908189,-0.013417947440475322,0.00786857098707481,-0.02279213953060044,-0.00012078309215948915,-0.0036083603326853785,-0.01069716221703984,-0.007166122752091513,-0.014373624280372959,-0.014349385108833953,-0.007391771150722326,-0.018796671862417635,0.0425604907240785,-0.017465679080026417,-0.020265159390262966,-0.017045772302904716,-0.02028535712571812,-0.01644687260900666,-0.009553955283480091,-0.025391631044462543,-0.03191913450385056,-0.017791208486085047,-0.015019072101246755,-0.008797554770717851,-0.029656013115887392
2024-05-30,0.0023713333160658477,0.008432294773120763,-0.008346432660530687,-0.006731974828924669,0.0310834144145203,0.007144285654528217,-0.006274097985542593,0.010736730904031433,-0.01355841762066247,0.0004469439243122264,-0.00634671075889411,0.017952715334300266,-0.008357833262281723,0.0329794065856891,0.0033565874418096248,-0.0028854483229314443,0.00024860130293722114,0.0030117230803412415,-0.005650420192426053,-0.001682946580113214,-0.005997156369579398,-0.004465201124784479,-0.0013147755762984833,0.008546312735545687,-0.003114316977623056,-0.002842756245104827
2024-05-31,0.009997856635729009,0.022020647468781962,0.014657833135248377,0.030026405386706624,0.004539064095423092,0.013257085763271467,0.005779673237714722,0.0383229010674544,0.015609518983986912,0.009598306362531912,0.012755143710310798,-0.00178207627792495,0.009441775187982948,0.030924434448498683,0.015362156598778626,0.004749752960826498,-0.0024567155361800543,0.007233075411398213,0.009421354868303223,0.01904142108391901,0.0003882071526749853,-0.005203311176372134,0.022170475792522626,-0.0017075924151406057,0.016236300574719854,-0.007315751283250738
2024-06-03,0.003826726611275321,-0.0010332445150518898,0.0015901933087559966,0.027903166011064063,0.005715233121695425,0.013257685616737095,-0.006798456923696294,-0.00021618192213915255,-0.00642767207964071,0.01768786348603254,-0.002760533269115758,-0.007082618519468386,0.007745715790964608,-0.007625560225693578,-0.011609859477793569,-0.0039159032160722695,0.0061087942994720755,0.006184246012810063,0.0002978827329616444,0.0025790755917036562,0.006050473405170814,-0.0030748581483701146,0.02346187213604689,-0.0040345951151536386,0.0168161026778526,-0.0041834452554094514
2024-06-04,-0.010083591012644657,-0.000320664857085462,-0.019550540445430323,0.010004845441182564,-0.011515997706259107,-0.00763461084668805,-0.010055191012311476,-0.022478114672869948,-0.016914696197956176,-0.018864705584014405,4.440988821056517e-06,-0.0022456272892982364,-0.0036027861072238073,0.003091642293417962,-0.0030416979047115855,-0.021483376819886574,-0.006811241296831494,-0.012611008077656277,-0.015881872137007657,-0.019723037337829326,-0.00561494836032117,-0.01697552866933842,-0.02571509114096208,-0.004180770050994645,-0.00017280803007712063,-0.016537761408474294
2024-06-05,-0.007862746353151416,-0.009040011427284177,0.00878504826781043,-0.009872512955677351,-0.01050236095032446,-0.006072587115091224,-0.004754585029536684,-0.019152888249376582,-8.73786658392677e-05,-0.005713057273426139,-0.004922813250319032,-0.008922876037589145,-0.009722218923380516,0.018252995215822854,0.004732120564127418,-0.010391206026523242,-0.006351721023350932,-0.011832105933160905,-0.006461877380207248,-0.0012272335634530087,-0.012403502769848057,-0.005689138218478662,-0.017539019405105778,-0.006666909417457807,-0.01783645668925597,-0.017277611509336127
2024-06-06,-0.005801561849861415,-0.029318847886711463,-0.02595021544922199,-0.019847295348648857,-0.004743871175217384,-0.005119756799540377,-0.006098279725025929,-0.012396473059556665,0.00403152605369818,-0.006079615880333712,0.012796393384865509,-0.005938946808026951,-0.0068448127936220245,-0.026928261070168297,0.00989562266349367,-0.0054971158911725215,-0.016046399553626155,-0.0022567771326170577,-0.0012914528942811199,-0.011915258315007575,-0.020150874781843187,-0.0037583012624422055,-0.016313214394174935,0.004909293061547818,0.019624748479831724,-0.009949791485476006
2024-06-07,0.003860717232317163,0.011441844637976494,0.009495149031587602,-0.0028238514132729485,0.008023822052271009,0.005406647819422537,-0.0011377868216733533,0.018892605418551034,-0.00175197240003655,-0.009423512154592468,-0.009854588237465748,0.005395493568146954,0.011962808713603335,-0.01601232911719347,0.02247103779886518,-0.009446833120726972,-0.013351538410117514,-0.00533308351835643,0.031773055839006845,0.004441346708902473,-0.022617795634088278,-0.006235155650765871,0.014235461096846489,-0.008556871077676213,0.027650386172349734,-0.022069127320000492
2024-06-10,-0.0070760295048082926,-0.0031124302785736856,-0.0040035995407735475,-0.00047509226764708146,-0.005631442842699811,-0.0029716245560857477,-0.010795611500670061,0.002816764673624248,-0.01125147622340247,0.001573369599436436,-0.01879824250238188,-0.010247290129326868,-0.010413796031223532,-0.00770884823750409,-0.016493335132585912,-0.015858736845903915,0.00033802994311828984,-0.008170072625028488,-0.0018212145628180298,-0.0025176580649563596,-0.009304540239092857,0.00033654082556237863,-0.0038443210874573746,0.002287674842744535,-0.044403345332925455,0.005841840194409392
2024-06-11,-0.012860928988736815,-0.018763552507888793,-0.013051834910159488,-0.006730750493804265,-0.025682606648304226,-0.008834690655802738,-0.008062086645690109,-0.018803608510721603,-0.009404024421405708,-0.007950696077257239,-0.007913160693335919,-0.007329614511666968,-0.021930676991369507,0.0017226851226366524,-0.03338592285872809,-0.016937218571768053,-0.006869981119479807,-0.006657055910263332,-0.0034912002556573784,-0.015607921764571193,-0.020927175759917288,-0.01566307698954021,-0.03061991079856644,-0.003929471559627464,-0.008937961202882132,-0.02433610406571965
2024-06-12,0.006321717024232198,0.007621392831250584,0.011370812159439636,-0.016655250923504283,0.004183383284106501,0.013550794621806505,-0.0034755685571983943,0.013589128533463724,0.013451475683030336,-0.0020821523879674545,-0.0020362276537676527,0.004985719171798283,0.015723164596851635,0.0029603381877683355,0.011287757266289417,0.008995943461495792,0.010696991071596208,0.011612870487576518,0.006563049453776737,0.025186097840411703,0.009569786575225725,-0.00075470139442853,0.019646609431268454,0.0019071625230883374,0.00020735445392068154,0.015335312168691495
2024-06-13,0.02543939707561087,0.0430124854781007,0.0333730164859542,0.03468893124844223,0.06775670893172903,0.03887732462961906,0.04346528113280744,0.03957103768353682,0.04711961297031115,0.007682078612468129,0.062077867982257263,-0.0028069953116531933,0.025421630068343897,-0.00036752597764633244,0.005608909714233695,0.06281565334410327,0.045246651333012956,0.03212722407552282,0.04840470195745701,0.010444538174429736,0.0510658323187515,0.014734224143949788,0.03407776058387959,-0.012787397103133633,0.000761275941794659,0.026820135583295712
2024-06-14,-0.0015253341049373064,-0.02531067693037383,0.003830301331926189,0.012531749460300298,-0.020476910530980635,0.012397471358508777,0.018636523725080185,-0.016404397595509684,-0.0013223439394740577,-0.0024134266840002416,-0.018654742973312655,-0.005105989121024797,0.0017561161371163925,-0.0025847493079365347,0.012673476778008563,0.00045562724630027196,0.006552453088982136,-0.010840697424903414,-0.002405930220743202,-0.0018816932890356464,-0.01866340790822338,0.011995628903107979,-0.0004866001279527473,-0.004358315474415576,-0.012881746051796804,-0.008079298753072534
2024-06-20,0.014376315849644798,0.00643935003996513,0.02480430637403118,-0.006072198213424547,0.012044564300667778,0.016325155653823413,0.06667376494534752,-0.006580183595948391,0.011238659677807239,0.016864518546564473,0.005095408102037735,0.01647303219997545,0.01677519905216181,-0.017521905371463642,0.015850256042278174,0.010253590377425348,-0.0039044209621694193,0.007159812271245611,-0.0007093894994588568,0.0085297625666215,0.000822051304654764,0.008064763850253315,0.007422492620629384,0.025059075615497518,0.015696824210248067,0.007496639580515274
2024-06-21,-0.0032942343266316523,-0.0063247708792938066,-0.01508693192575257,-0.015462425527250967,-0.01772513415599975,0.01101302480490235,-0.01156596651185885,-0.014318568257058082,-0.0036432878216572213,-0.005657919553687364,-0.006413531243353754,-0.006360572931661216,0.0010595565610701254,-0.009080774190995178,0.019142586289157257,-0.006800698807597205,-0.016784703796588106,-0.0035792109524458438,-0.009534762111204631,0.03139518482922218,0.011167231504328301,0.00397607062975093,-0.006371215799727571,0.007985834331658254,-0.012892860632766156,-0.011207244671803868
2024-06-24,-0.004321634498841177,0.005115891282765339,-0.011375476269485527,0.0074945979556323055,-0.010750417814367579,0.0039836494566270215,-0.01073968120975316,-0.01328875366256004,0.004141425575902279,0.002778540882145423,-0.008695175196720714,0.0035609156499384776,0.00497612212349922,-0.03141755254447953,0.016531867583897922,-0.009627379330609226,-0.00842973972111134,-0.0019016563809451104,-0.011322515740381024,-0.006612555790763253,-0.007506879088923446,-0.023215166833414083,-0.011471338400345763,-0.004568495494014496,0.0022060128939383034,-0.019339691382795343
2024-06-25,-0.0020166680875522763,-0.004436202334274475,-0.013069403229239662,0.015880406629385446,-0.006411076563608457,0.007665553101971139,-0.009605453599614289,-0.0030597682897262704,0.009995687915532767,0.00023615561282799993,-0.004324413795604183,-0.006937691232951351,-0.001981212043090927,0.02634619921846923,-0.024266879741119768,-0.006400803612581996,-0.006345526317121953,0.0003003927399684442,-0.0024944660530760165,0.01077320750715523,-0.008412654590563728,-0.0005249763709557875,-0.003561219986499775,0.0028492556934847746,-0.009471761723196297,0.00023940291456919782
2024-06-26,-0.008334867044702137,-0.005929475552626251,-0.00782891768072698,-0.018614785603372392,-0.009415948657194933,-0.008055030790804578,-0.008500287588061007,-0.013549409089359735,0.017647656959826157,-0.012946881808675665,-0.011362140024129627,0.0005004221681313592,-0.018425042022464495,0.01971819264633745,-0.02031873526014663,0.01758169390501968,-0.0043302099874940716,-0.0029310686035984024,-0.005664590692047222,0.0006538033876825928,-0.02307061897303231,-0.016636510773735194,-0.009470947525383275,-0.010927461382772388,-0.016609749663872325,-0.007494308784303572
2024-06-27,0.005756041225723306,0.003025406926298646,0.015621631891327398,-0.007978939381028468,0.0033458333077813415,0.005071122210597128,0.006403235746765934,0.007263867724299415,0.0022520684789094953,0.002635544672407825,-0.005112347804433685,0.01439122071207272,0.014993697777273092,-0.020168957576891244,0.07802378242876448,0.004481795137927735,-0.00018686209694273036,0.00995838965279433,0.011587115940173398,0.0004993574556534057,-0.0033472225340482886,0.004748392570129704,0.00011632795130293662,-0.009254551103398012,-0.0001214697551327748,0.014163059717867937
2024-06-28,0.0037759001761912673,-0.0004498708265884277,0.0030256980319431914,0.007914752420019822,0.00879044248354776,0.009509756308437978,0.008668907998231817,0.0041797195923985175,0.012273179255496536,0.00035041997616806487,0.0027189337116121925,0.0018336698123715672,-0.0010284320884536384,0.003583017279816164,-0.018286316431257527,-0.002707033759109384,0.0005073393382123536,0.0019403502501001662,0.008580875394199926,0.00845190799737149,-0.004864690820172712,0.00013056681994370558,-0.0009266478373165124,0.018626441353600975,0.006146886491533665,-0.005757076452969273
2024-07-01,0.0026866321626062535,-0.0026863442446957595,-0.001653003071259429,-0.009791633231683935,0.004304227737074101,-0.007112618310936131,0.018362253605363865,-0.007632587354788389,0.01698097756802952,0.0022488878896424922,-0.0010003863124730488,-0.010496834183499417,0.00013331435951217477,0.011458453044825817,0.04065115873804276,0.0059414845681800554,0.002493299255333636,-0.004109349152822558,0.008058235022312742,0.007169328359705756,-0.006316659584550632,0.012429056718786727,0.008749486325506659,-0.01055262141519884,0.0009596954115674294,0.011457728602610767
2024-07-02,0.014049922444963637,0.00858028816662516,-0.009257564731611018,-0.013851651321639643,0.012200793251488902,0.008828103027005155,0.01919082106895407,0.03227050483246954,0.04231939223264826,0.012308236637333925,0.013019894174555513,0.03853355625699455,0.01234580741363922,-0.01490856697183876,0.060835151268918614,0.007756026125078669,0.007418948068832132,0.004436408605169251,0.01497777257717734,0.010317019318151892,-0.0014556296255132384,0.009648752540057749,0.012743433173073042,0.0014868901769241913,0.009289106123015508,0.013311159190276589
2024-07-03,0.009882108388331794,0.005819038219335881,0.024596273294795135,-0.013272362897530384,0.0001498082417711191,0.006133519192361065,0.02727726953372091,-0.0052634936894832935,-0.004551475780397988,0.010591641353351677,0.0028600545192048465,0.005490563870124196,0.020962562020446704,-0.0038248624687911847,0.046249113144119114,0.01810705247144495,0.022246975319399686,-0.004252095620282531,0.009914568827954906,0.024734947189073018,0.014814412039975577,0.0030512807566182576,0.008364969495819299,0.00019801601191827376,0.0024618517612526635,0.040366884773259004
2024-07-04,0.0027694060613590453,0.001421400599191669,0.003932450872306592,-0.002631307334223324,0.00685337179286544,0.008891493810713495,0.004441269004465942,-0.003298344455184732,0.004095063327230848,0.001560115021499816,0.0004628409226197043,-0.0031080055684603925,-0.00042388767868095645,-0.00587633684394176,0.015274843832709257,-0.0021947662688942826,0.014182216542644455,-0.0056841814927376805,0.0012164204335256778,-0.00014146364553220745,0.01409882180781269,-0.0023647969935189322,0.0040296723720053,-0.007319097878676006,0.004713954935172149,0.023845914870946422
2024-07-05,-0.00025172217535301375,0.012839605411967847,0.004863140172297664,-0.015302832193069604,-0.017217200072542158,0.0030045643299512086,0.022008955147737142,-0.005587783673824009,-0.0005811181573768254,-0.006048463688094635,-0.014720052016774251,-0.01323906632265691,0.010472742133555313,-0.014096663821163738,0.009810811292666519,-0.008819777061401135,-0.0022628944876063152,0.011207336677965987,-0.015440759573866748,-0.0002056786925350242,0.007777122064043351,0.009832233615268964,-0.014367608874111617,-0.005935572087185174,0.005906787230166422,0.026054245674494603
2024-07-08,0.006909859457499765,0.022370308079755076,0.01321468270209114,-0.010047629444098335,0.010508706556360447,0.004143865739416234,0.026396783003871514,0.008948472323884375,-0.0026389429800103914,0.00358238435774349,0.00848727967386335,0.004045863789374987,0.007290654737754333,-0.003808923748707227,-0.04797625640816729,0.002102994963422755,0.02376076696436531,-0.001542388284702878,-0.0010938158946993792,-0.002757755025186873,0.042915951506430294,-0.004781947272277154,0.004304330698156627,-0.009653549938908716,0.021134156091279343,0.04318937567100778
2024-07-09,0.00631224503849431,0.03404727237576042,0.013353207978093862,0.004904814919807506,0.01543369717256689,0.013024516408006491,0.000878461640525563,0.0049763843706114586,0.0056916762054166625,0.00045950727980164084,-0.005719349917484333,-0.011018850274974921,0.010940045390414604,0.00027190347535982484,-0.0006924897606124802,0.0019530588430866358,0.002024145119796872,0.0008856145329499271,0.011816393964327775,-0.006901677098084892,-0.01039432376493063,0.005530304855095536,0.00806663073328128,0.01587586931042907,0.0058603216046177724,0.02042125968798464
2024-07-10,-0.0014229939205488832,0.016309686924181076,0.011138005812777504,-0.0035931208226883484,-0.01142341519150329,0.016962566747481995,-0.018456066022507368,-0.00909282648144665,-0.006957435803457169,-0.006048553703091197,-0.005887297551310622,-0.00694246913394111,-0.0006485412404674527,0.013000609494414006,-0.02211015133486169,-0.010085330554268523,0.0027570989574163705,0.008680832548007208,0.0009511805613037216,-0.005203730353568763,-0.02261328693093259,0.0011965601633713643,-0.005966605196717299,0.0025922885632118347,0.008391654481778595,0.017622984733352193
2024-07-11,-0.0002665524806021975,0.028825150912447296,0.034739880333726755,-0.004269293127250236,-0.007491264283232807,0.0032873254566821706,0.0008160062546777536,-0.006520272838684495,0.007766886022128066,-0.008351503115450876,-0.010730596910738835,-0.002532132753421651,-0.006234155891404742,-0.0010990881102327377,-0.010145926466583521,-0.0045280312647543175,-0.009981836901094276,0.01914057008478426,0.0052615350046338995,-0.010955100622930068,-0.003208398292572634,-0.00034761351121195274,-0.002060936549980836,0.003349754537354893,-0.004934066088487411,0.047324280469676294
2024-07-12,-0.0025008407689552465,0.0027167557507416394,0.02174841637783101,-0.003567262873145849,2.5606082854734424e-05,-0.00861018799656943,-0.0029007658376213443,-0.011113273795064299,0.011194840744342374,-0.0036715724791868422,-0.003171529939762774,-0.0007159325921829032,-0.01221643350501322,0.030058522438612983,0.0004487144205118643,-0.004552231198279022,0.0008003799373359612,0.01322467765969644,-0.0068774194912456735,-0.01556771085215344,-0.016272477091250764,-0.010456917830617236,0.002609811246954752,-0.005869114437068175,-0.00017920471284468275,0.010385152854635676
2024-07-15,0.010614756064341976,0.018694765852634944,0.03358862880646267,0.028962211876383297,0.023049911090322357,0.011522726014683972,0.004253191671289069,0.005702085680079488,0.00792836871900558,0.01246458790763388,0.014122126243043895,0.005171097999722219,-0.003493938540288349,0.007776037439277905,0.017329008382154495,0.020850011004635793,0.009852736968050769,0.010939924759530734,0.012544322572596278,0.01339080814968743,-0.002451678078747216,-0.004269115210581344,0.02093400339890445,0.019082931463885348,0.002084972131326401,0.024248985158924485
2024-07-18,0.007381560240533593,0.0077453428253398075,0.03136098652200117,0.038724058605805155,0.01394031853897093,0.009949646926107728,-0.004896217114419926,0.006666952154528773,0.012449957505040425,0.01337783778754302,0.023488406192110938,-0.0020509453544962832,0.013385165160515916,-0.009653743775826645,0.024585867359660618,0.015586168683853818,0.002743628490039507,0.022091768335818912,-0.005889097578461098,-0.01217418687709469,0.0045203713957248925,0.011319532982554888,0.02607293520332841,0.0070213095287009475,-0.020847676277556258,0.029483995936009366
2024-07-19,-0.020184259823728883,-0.03264876045545252,-0.04042032414964204,-0.031536520278910185,-0.011412127830637235,-0.007963231014873395,-0.02314201998991115,-0.03068202510810396,-0.02911048541575916,-0.019147535132972873,-0.017348405392131765,-0.004169759854267696,-0.015316561028409118,-0.014901680032979342,-0.026270855220413628,-0.013502725325219456,-0.015378721157891129,-0.015408418166467583,-0.020560291514564556,-0.02942952655628006,-0.024818527107267507,-0.01197592296855022,-0.041213141282761226,-0.02745283152237666,-0.01573512075165941,-0.03797973503693716
2024-07-22,-0.020966557022458872,-0.028549046799676226,-0.0470499327645945,-0.04722047090716882,-0.007355164270076529,-0.03519003101615365,-0.023128199052831328,-0.025259279070690154,-0.02179425617743482,-0.021853963763083906,-0.027189454736318674,-0.02308766624556265,-0.02502938743041133,-0.008618212619812549,0.0030409598485392625,-0.02233685459721485,-0.01048060099450564,-0.0027189722180575443,-0.024333406875258822,-0.028742632707873757,-0.033782823641848564,-0.0037432200776693486,-0.017825163571715492,-0.018002453422649417,-0.01863866654165382,-0.03476974812618805
2024-07-23,0.007183071555961948,0.037622173921479006,0.03851054888787114,0.0054127901479339435,0.005645746710240853,0.00015923699298344522,0.0012399903869743378,0.00925643072215071,0.022569551228044573,2.67534291786109e-05,0.009372852126255623,-0.003916394396504461,-0.0026801672560503955,0.01491788280626713,0.030198573751710173,0.01155702828829247,0.008152620754224026,0.020361377614011883,0.005160967219955681,-0.008468437059017928,0.0009950038028507524,0.004744859868712911,0.01504538685693807,0.012869308443934073,0.004057455336768058,0.028775649560236927
2024-07-24,0.006904385909356061,0.005414111337826511,-0.0048113708938712085,0.024144992938471,0.001024569532078092,-0.0031657600578126666,0.023650074018842837,0.0002240092260593999,0.00852425474260605,0.016671120214050834,0.020518255742971763,0.006200653334910886,-0.0005939816484727755,0.008482908405561818,0.011260325149168906,0.0017021472590936781,0.02371967257335622,0.001509050508189988,0.010412022472586135,0.003189873284008382,-0.0024620067712058658,-0.010506360115028666,0.010343827707856412,0.007990216971104826,0.013037305439232287,-0.010212905417718604
2024-07-25,-0.004748998213625127,-0.011941459342660554,-0.021201379044439625,-0.015827028785409276,-0.00378964249389362,-0.007344337015938618,-0.01577624835655094,-0.015345527680908827,-0.011073626037115258,-0.0011452077383701184,-0.003352653813605185,-0.0017601549527021902,-0.001877252295598568,-0.000490359189105366,0.005053942943822304,-0.004101290861493523,-0.0072812583398296216,-0.006158488111661295,-0.012165817146421865,-0.0013026303855412289,0.004472302437614539,0.015161202709647693,-0.021700729541805772,-0.011118547118871423,0.015265995711956058,-0.02162469220285501
2024-07-26,-0.010550203277744469,-0.012732677095862666,-0.010887522896618748,-0.006815303482597494,-0.009466854874731978,-0.015316358661500688,-0.008303887506083029,-0.018647283751117794,-0.005040684659850271,-0.0081794984916262,-0.00640947192776109,-0.0047774651249956855,-0.018800849494365474,-0.001647181707180978,-0.006517219358797108,-0.010709262106791934,-0.010425282882549425,-0.006002952282565033,-0.010649620102306289,-0.0012215844503621817,-0.019837874849678527,-0.017617199706142048,-0.017966794338274732,-0.00796122204649536,-0.001800544551875073,-0.03234187443963102
2024-07-29,0.014376526302011276,0.053291092063079824,0.02659283481876744,0.0047806963300736265,0.016485132190609555,0.02314367998765893,0.008966164414552325,0.023098763390922594,0.012691397122094106,0.011268775715746348,-0.000914812547734715,0.013480567826179157,0.006777722649596408,-0.0021216266883286317,0.009049363227066523,0.020832869558449485,0.006936394171322491,0.02751829971466553,0.027233085400253945,0.011733712641490581,0.0031686550080164133,-0.01157742098962767,0.015960061056046877,0.0011623172245965416,0.03555854100295281,0.019321495485888907
2024-07-30,-0.00485451364233153,-0.012496944190866976,-0.002616028940289422,-0.005128739413043796,-0.022602485982949456,-0.011378839723425231,-0.0017883158263646392,-0.008900011316164172,-0.00036491968792254755,-0.005615617614676094,-0.01034015991745694,0.009290759185994008,0.0005191402396967808,-0.031241616568417896,0.0003222456349111502,-0.005101605588436642,-0.01951196173415286,-0.01712859991036314,0.0006349407228954816,-0.007984368095920695,-0.011859471676859468,-0.0022093677590697375,-0.004140342915377936,0.010540473002992469,-0.0016409879854424384,0.019309580072306043
2024-07-31,-0.007543557648374945,-0.02182650789446261,-0.04066989304284074,-0.011355947496754873,-0.027941181733086937,-0.01064744295467049,-0.003395969030527357,-0.006411719308374253,0.002837533821183315,-0.010891347463254642,-0.007959280161270713,0.008600911862358474,-0.01210425610821917,-0.008655714635916384,-0.008415313641226843,-0.013083899508383068,-0.004772175625643527,-0.0017910812713055613,-0.013094473987030519,-0.006858974475799354,-0.011845762931786658,-0.019636059469979872,-0.001114405050542214,0.003121290108701121,0.0034660905084081483,0.020152543695455993
2024-08-01,-2.8652041441056054e-05,0.023569459592786092,0.0038072165008645326,-0.02832023955896947,0.0007200474740178689,0.007041702318466307,-0.006664097240604944,-0.005028593991266613,0.007056515339244245,0.0014792012687099732,-0.007054108165526152,-0.00881785034229738,-0.009540221833987707,0.0033419316917557285,0.004108843984090893,-0.00599101971880861,-0.0012048072130269928,0.0036176644326104263,-0.002650427424613311,0.009571076794108917,-0.007998166251037886,-0.01033652867936458,0.0023815412036932793,-0.0007479343468945557,0.024769707581669718,-0.006391626590031174
2024-08-02,0.01274828927572872,0.02673821591783839,0.01939054056481109,0.026296967005341343,-0.0020765826954443722,0.011126668191956407,0.0044497606688889075,0.021500291003372186,0.011302478583850075,0.021714162125163045,0.013121660242327082,0.01788318988214536,0.0029877347904973565,0.025464042111437657,0.02591127060699798,0.009744016669174432,0.013076961248865204,0.014279324843503055,0.011868825370728243,0.009144426838275694,0.11210782515331219,0.005210839809415946,0.013462376610811344,-0.0007421229259223739,0.015045511040497906,0.0037123849749343962
2024-08-05,-0.004456240128734498,-0.017099036413270673,-0.0232259420960146,-0.02883643702694257,-0.017660186061538963,-0.014244339484254707,-0.021295428967492775,-0.013924412214232657,-0.007611039517381608,0.007356763087929191,-0.020646105404735177,-0.001295573905960041,0.008570965176128865,0.0023251959000617772,0.041302491814865866,-0.015194593987186672,0.0076648786881995164,-0.012307947286596302,-0.011210270876227368,0.0012750620525033682,-0.03497342088746702,-0.008663868089266766,-0.0004635455880094603,-0.019279004092049398,0.030136431430447173,-0.006555357165851983
2024-08-06,0.004294969221411101,0.011544860979695638,0.002179529458941662,0.006183573318430983,0.008305193381765663,0.008536301904900716,-0.00043592954393767425,-0.0015235506258527154,0.004670220900942458,-0.0017516659175474403,-0.009929966252239334,-0.004295579104705323,-0.009060220160725687,-0.006929659799364524,-0.004601749502123859,0.0031584744060834113,0.01247025467714299,0.01338329901992244,0.00835757929521255,0.0222836128057001,-0.01592457437545694,0.019705002731765224,0.00810364794157144,-0.0005391455413122606,0.018185187271212183,-0.017418734989942064
2024-08-07,0.009176493349352603,0.015322361481952129,0.02650201644321623,-0.0003176003664099314,0.020356475273625614,0.01000813856029401,0.001486580395503956,0.015050245696011655,-0.009981167346514188,0.001608504649012732,0.013627989311074304,-0.007783512927393351,0.0072077267577822885,0.0027364552320369717,0.03606994147399306,0.005320771515306882,0.012325661151992573,0.02840614101248383,0.010248373881322648,0.00021094413343128844,0.033295578557550165,0.011953481347354107,0.020883269817434855,0.00507262201169629,0.013861144213457627,-0.00576155283523333
2024-08-08,0.0031127901844292994,-0.0020135329914476195,0.0017232724067103022,-0.004012090035322195,0.011741930433391426,0.010604925293063316,0.000602067251312316,0.009113609964131455,0.006817416900062038,0.0019815505219805073,-0.0038392612515183444,0.004907851384254366,-0.0023818474593347585,0.0030211401319492903,-0.025013192594319417,0.05111603194987224,0.015821589450311136,0.011433348686159306,-0.0002637197131791891,-0.00052237071597973,0.012120045580059802,-0.013457171555498793,0.0008957965125996654,-0.004514317372890104,0.013600470073375072,-0.004170284813202779
2024-08-09,0.009578180241960877,0.0026461413448636063,0.0002406404364177911,-0.0032790888653206895,0.003515847041018411,0.0034636433990733752,0.008552256660508134,0.006753039617434314,0.005561040941042166,0.025251905013496067,0.014507473248626834,0.007549833092430384,0.0032591077421212835,0.034441092831997366,0.0032221464312788112,0.020889123543500476,-0.0016748751160256647,0.038932665737231975,0.008514558732804234,-0.02177982414802095,-0.01975514433808523,0.006029194302947653,0.015270147077453753,0.011293494703187005,0.02883014853324999,0.011681604320871924
2024-08-12,-0.0072051442474562345,-0.03476467088271138,-0.022707306066031663,-0.013617504142373105,-0.02237170237798444,-0.006595292862191223,-0.010155348236330219,-0.011089648570307392,-0.01270187834735256,-0.008220644976775254,-0.018981831232663598,-0.008949442753408206,-0.011027896971568408,0.036573267672172255,-0.009928351966714419,0.005618531177910252,-0.01999377305295964,0.0009724361831566775,-0.021166500226162212,-0.005867939649775143,-0.023538291157388258,-0.004098978974420982,-0.014847250344810834,-0.005002256765034969,0.027329629357004857,-0.04435953839339041
2024-08-13,0.0030377155632967845,0.012542209309741491,0.009744438676848183,-0.008956687172603117,-0.006986392333290844,-0.003348746261101242,-5.8019213649784795e-05,-0.0007371064671498432,-0.0077196059855147514,0.00480755377533138,-0.006611487035304138,0.0018778257226973812,0.010107808711782795,-0.0033667626743646706,0.005132930562169916,0.0105817525703987,0.006108687996042727,0.007025648036334875,0.02199122926644983,-0.008140326358847602,-0.010112452630089835,0.004349641983252124,0.01888040170115988,0.008312986944507432,-0.003252143485681663,0.006630163067379263
2024-08-15,0.008356126633427,-0.019251446688486894,0.007696504442691807,0.00833655062490074,0.010153963528146969,0.00026078499931027127,0.01166127199170885,0.004346662331019334,0.009945914820523585,0.0002902177912545101,0.030521609980753556,0.010525237953846652,0.006540943001112314,-0.03021926182827503,-0.017817278836037204,0.004155762232499444,-0.007197388910407864,0.02139363491510357,0.019268486835236586,0.013679059222535974,-0.0034609356378974276,0.00011576829047031469,0.01996396067119764,0.030133881041670526,0.010003878304105434,-0.0059933718432861605
2024-08-16,-0.003939231685080912,-0.0353179507732634,-0.012773358864045986,-0.011922897728895635,0.01750347241042852,-0.005447298488859194,-0.006315918958825534,0.008623942927503589,-0.013119338157666844,-0.0068386307406752165,0.00498049168576246,-0.0026851779260915493,-0.012103731398903476,0.008270825794790354,-0.028762830604334502,-0.0057971755533524905,0.0008751495211957172,-0.0038351729426818054,-0.008117303975979007,0.012239268531754752,-0.011865493850139908,-0.007410547297453074,-0.01835033853215209,0.006627856584772059,0.01406986136066648,-0.00369930254419662
2024-08-19,-0.008573894489288946,-0.011800896022542773,0.01468987791926217,-0.02107005767578729,-0.004291236952382316,-0.010743171351646671,0.0029797297275944825,-0.017772292245240583,0.011668872454957355,-0.006071131372335353,-0.014790641150764469,-0.002574173499620203,-0.008123174932294688,0.01072427337205023,-0.005710526362148263,-0.004071429122397913,-0.020623872075896978,-0.012645079259634498,-0.006144225387769575,0.0201238890642285,-0.014207272784168362,0.004452247241503814,-0.019715184414600455,-0.008985305819434006,-0.041434401496349055,-0.02395556088301376
2024-08-20,0.0020921508225926664,0.003046135684209206,-0.018920167808910038,-0.0018163318864563571,-0.004558377155368874,-0.001984471611990088,0.007235596139351308,-0.00506247839774245,-0.007039343593907137,-0.0035286158305883218,-0.004017165045871666,-0.004973917347837563,0.010051415294894237,-0.0003064003504642254,0.03013836113114997,-0.000596448151546275,0.0014923409163452805,-0.010753631381712536,0.003292626991616976,-0.0037096701124217607,-0.0011953575200180366,0.0034497353325136687,0.013744299854017974,-0.0023624898112907765,0.024391860899729962,0.0011526597727149201
2024-08-21,0.016720769641113714,0.0038039858644665302,0.001858848654906639,0.011705490633868573,0.04491583043117077,0.00045033931006490296,0.021493688160189824,0.022912034206296738,0.011504140513703964,0.008486297471373522,0.02486736350366629,0.0270937702219442,0.006331458514973272,-0.011040444571115665,-0.011575028704698134,0.002936917487799423,0.010149668693963877,0.019707117696543403,0.004112291927451506,0.005962074768097704,0.02426070802059943,0.01469580134932523,0.024979926907996466,0.019226260689595678,0.049804375857074035,0.011243737312515267
2024-08-22,0.01391601921563351,-0.0013663332215640644,0.007169671980947104,0.039635739698179275,0.029719203605090647,0.014061382634820332,0.0006225006476145434,0.03906499182373449,0.02313045373253721,0.007500956069673309,0.010638417838873445,0.0001644923166722434,0.013743886358110661,0.06424688260572753,0.03462466078061985,0.001627061900990323,0.011963332177342889,0.01032834944794385,0.013448373135984126,0.0005161240877191006,0.06171553332963137,-0.00525820709313022,0.01451373626631263,0.0069020677944423865,0.02372066716108518,0.03507285549393019
2024-08-23,0.003176470951830571,-0.006762168049972128,0.0027744715286588117,-0.01324046925661713,-0.020765813337380878,0.02546860823324938,-0.0009519741670650283,-0.0030728226916972553,0.014228112612585862,0.007906052855737627,-0.005828216516629033,0.0047035179792409895,0.004782569118204888,0.00703259987760349,-0.005366456796954841,-0.0016059902567525375,0.011111402122789726,-0.03185501794370493,0.07478711820662372,0.004826764123469147,-0.028709100584355662,-0.007501218681968617,-0.007797913880050459,-0.008581893619810065,0.012093865405991323,-0.006369269588859472
2024-08-26,-0.0048620039000203735,-0.006691682596355919,-0.014536967318926355,-0.0004012087215057525,-0.012227152315101767,-0.010199141964440658,-0.0038620193834874527,0.0034829644159853437,0.00045621886287577115,-0.003663358752273099,-0.012705095589884677,-0.012506801576249183,-0.009251897297430789,-0.04055811635630269,0.03066077639472814,0.00044595341908693076,-4.539745964456943e-05,-0.01943434692113198,0.010083894359081979,0.011519805768818574,-0.01254786016918169,0.01157863285246806,-0.00452938338041492,-0.009883069824531576,-0.00857008718589869,0.021749925260507397
2024-08-27,0.0006999453467535999,0.018716150848188083,0.0007716026587425706,0.004114332445275722,0.0023625121578479697,0.0028793032592999935,-0.008810821043535266,0.007549757310422668,-0.0012206164651005214,0.002427897727588263,-0.009292538106862888,0.0022335421258744257,-0.0043196536919314675,-0.024479756202259506,-0.026897439931522653,-0.0011274014889437745,0.01396001579269308,0.0053423027014052465,-0.025265664286049327,-0.0017529908856169546,0.028381804579841352,0.01318808924656077,0.001046246172129252,0.009562326218919129,-0.009256505214776506,0.01788375355630678
2024-08-28,-0.005804987923897666,-0.0046166517545686014,-0.009397659442079154,-0.006551399232869792,-0.006472673204144385,0.00395686360062234,-0.004865731054054792,-0.005463647273725632,0.013083481342605665,3.593781139608065e-05,0.006573757210858048,-0.0008867291462102164,-0.01450227525710211,-0.010962609077839885,0.009692389349516509,0.006139859823346805,-0.0143330782059358,-0.01827442916762463,-0.011303974975754517,-0.0013751734007331365,-0.005536051257892333,-0.018621471570405532,-0.006251803689630337,-0.01635144050950216,0.006909688010349898,0.0012262705292011289
2024-08-29,0.00847804187036906,0.02265913591063997,0.007606902268823587,0.012898905767728138,0.0071374261044300944,0.02123326521125321,-0.0006175487384757816,0.017176077334019536,0.01023086245352808,0.005223163195626851,0.026627635914733012,0.014850574581094983,-0.000620920976934907,-0.02719170571499316,-0.0029250081413513124,-0.0017745532576387557,0.014397182732999836,0.0023029928673677508,0.004953510356715096,0.006667469996773978,-0.005087406134576894,0.019426247076611877,0.015256475431476615,-0.0035350634159116187,0.018271113919560444,-0.012189292046228345
2024-08-30,0.006138295169601189,0.010912676591434124,0.002940420233047372,-0.007050280042939172,0.00038817647702392514,0.015905453041218716,-0.006057995051096487,-8.231964519478385e-05,0.02024241123874282,0.003967428969936804,0.020219677282126924,0.018751048567319684,0.016167299336852813,0.0018301154959928234,-0.006566616790489241,0.001706134604099907,0.00621103131110391,-0.003127101086668402,-0.0016241623327255428,-0.013086757779413458,-0.01154147686160778,0.009081748841415917,-0.0007015397161202316,0.003760697771397437,0.022605842093684925,0.014071350057971999
2024-09-02,-0.013716526590368374,-0.03184417921962944,-0.0035268922146871468,-0.008430768413458875,-0.012107955522472777,-0.006817618231844516,-0.008106153849361314,-0.041281825596443465,-0.012415900328353602,-0.008183012776544674,-0.02395540828183827,-0.0019975288211517006,-0.016807213689991257,0.009910956804675852,-0.005869730003263407,0.00653328329263958,-0.02301124139773325,-0.029238350732913726,-0.005746419897742916,-0.0036534357487668485,-0.023461243568227735,0.00286867150914092,-0.030154057103628673,-0.013605294792516223,-0.013816736469011293,-0.008917287097247678
2024-09-03,0.001982017936717012,0.015577892075745049,-0.012886054889802212,-0.011702906972676619,0.019812251743235552,-0.008279662705869691,-0.008262406491259377,0.009248514192102745,0.0007105403204802352,0.0017866866275969063,0.009985760082119877,-0.0007891504446061237,0.0013225974634057946,0.007017839610805265,-0.029406469595606208,0.007150558632869258,-9.264084493165736e-06,0.010918531210124469,0.0035635226449052815,0.005009572055979191,0.007637954143400155,-0.013621729589685154,0.0021400245918896826,0.011764637778142961,0.010377619473701544,-0.010007396283063352
2024-09-04,0.010583165064065416,0.01049579137581529,-0.0018971146628777719,0.013693451506699946,0.014420035658292685,0.006471886638884252,0.01382054048390981,0.017026984686575125,0.01839344624866292,0.0042062407495422225,0.004516842378736434,0.005629661348717741,0.011812883606094948,-0.0033097278484330306,0.01584138154307657,0.013793156750996682,0.007534945360309686,-9.042316821590568e-05,-0.0002153910035865958,0.0029254978811583676,0.006428822311286997,0.012922280441572724,0.03524167812320051,0.009697153872882017,0.024351946676310014,0.022221125224574617
2024-09-05,-0.002658726790254738,-0.0028156000694558704,-0.002491836794193361,0.01770112158245618,0.0068877763072658915,-0.006267362298502064,0.0039280555776497975,0.005736793036866926,-0.007429031389677702,-0.010802687500552622,-0.0029227890718031,0.0020145653704779555,-0.006932722908151596,-0.0353651082566776,-0.005552623751582192,-0.004950929524574377,-0.009268155340482486,-0.017760121979639318,-0.004407372624348793,-0.010713187637884243,0.0006641792092462184,0.009352266557197474,-0.0018635454469131158,-0.010425058285049056,0.0073621706886056295,-0.018536202289499648
2024-09-06,0.002100749583996524,-0.0012683993530109073,-0.0022130928258620453,0.03919264123307176,0.002253882745197444,0.00037830501998352347,0.0016442132151047006,0.010173756494873934,0.002472838358932131,0.00010291178825982405,-0.004909959315900825,-0.008675651387756018,0.030144031995545346,0.011762236024574824,-0.0109399418950141,-0.0009877620878559479,-0.011081101218308553,-0.006578220101278773,0.012206849306697331,0.0020605225756124795,-0.0029053956401363934,0.01271161562646108,-0.0018278843322708318,-0.007008776473371912,-0.01836880471904772,0.008444320358619584
2024-09-09,-0.0016686111828888711,-0.01533744130359337,0.004858743127438933,-0.005305264895555921,0.0010056748079424341,-0.00526398799751715,-0.004340993900329937,-0.00394158835424747,0.0002828906772910684,-0.006644968694752562,0.012626651010937795,-0.003262071504172909,0.0008227633030256061,0.0074981256911975935,0.014091937764331375,0.0004112059847249383,-0.001200679445796382,-0.011034866060777804,0.00843731710888892,-0.011381739540367522,-0.0036236535300505357,0.004310154917368664,-0.006216541836435456,-0.0026515461841836348,-0.0006938153826452021,0.0021866050327868924
2024-09-10,0.004891022058261878,0.005750314442720839,0.0013844663215715342,0.0007552120930179318,0.011781852037416114,0.002409593444931185,0.004284554696296366,0.00504561897487435,0.022235296810438517,-0.0012378101349061975,-0.005785932146703403,0.009080687420489453,0.0004920092826029301,0.012677718459229492,-0.01213399087571368,0.003758870461073316,-0.0019043694612542739,0.011350282605993162,0.015195250070722777,-0.006611167616189739,-0.0031057667357485552,0.013789588031821252,0.009000774851632929,-0.006230992551169131,0.014184258906635827,0.001964577456927935
2024-09-11,0.0012733124466098257,0.005867208977145566,0.0009926305698845783,0.029040966744586616,-0.007507689109266162,-0.006240322761145489,-0.01272080460206787,0.000995467594632149,0.01071514622566819,-0.004449230755582051,-0.008483114118350435,0.00400417104612869,0.022256205522019932,-0.0020663256985871126,-0.0034606684849230462,-0.0060854887393133605,0.003632909804480111,0.01859190909678718,-0.003887809851058721,0.002195723274903353,0.002921172726229576,-0.012065249322181296,0.007248503989211817,0.004013210533838396,0.0030248068106041525,-0.0012847068972401121
2024-09-12,0.004322725194784532,-0.0003036373944980131,-0.00716056896185302,0.005902173028652868,0.013954778283665021,0.004065455144423767,0.005108142288386614,0.0160377783477187,0.001442250063251335,0.009472913767750103,0.0038415893604533866,-0.0014914372473862959,-0.006691678450140176,0.004732035209955132,-0.012245676751570761,-0.0004353458334297733,0.013563771735323105,-0.0008651747899798556,0.00857494669976141,0.005346358272680667,0.004045058940064961,-0.0032508971984240784,0.021751770945111937,0.012417741561895158,-0.002273410142646043,-0.00042643571453235274
2024-09-13,-0.0009035652779663244,-0.005740033253307397,0.006924810006350229,-0.007029851232864315,-0.013199275924204302,-0.0038849483727928396,0.0025812426519560673,-0.012059598509523086,0.0007626806420592468,-0.007596640015161987,0.019073736496688365,-0.0026323602418926338,0.018885751470829205,0.013807065392030943,0.009912098650234819,0.012783524443506222,-0.004220164498766499,0.003458308393985754,-0.009146491188159767,-0.0012049560787285505,-0.00968914278572447,-0.0032070461472169035,-0.016177903535581215,-0.012897724540629518,0.0043251105325290366,0.015528728055711205
2024-09-16,-0.006629668371867311,-0.016031093510474582,0.0016843265109829642,-0.0038852257693165657,-0.01208880485029374,-0.020262797336827974,-0.008172587195066906,-0.014731032656529577,-0.00618970342634005,-0.00260407547900936,-0.00043438375972656057,-0.016476535869497117,-0.007824811222599265,-0.01044300090138195,0.009576691739283508,0.022606215732066143,-0.00809994139309379,-0.006072538353282822,0.007416912862787561,-0.0027178207493421653,0.0008496449644250781,-0.002236205672724305,-0.01931634981345694,-0.00397548897186662,0.0022619717356460066,-0.012703617053456434
2024-09-18,0.0012186414922012983,0.0007350077139357203,0.0024763151734769062,-0.0068726956852794285,-0.0017943937462481568,-0.014287796978758774,-0.00021179784661463642,0.0025839957022832463,0.019574055702919844,-0.003851785036801114,0.008938952420707394,0.008983654059714435,-0.0075228834163827574,-0.004238134697833018,-0.002861110375484685,0.033222159950547336,-0.0026062280753559207,-0.004530050407539052,-0.0006254589902919827,0.030163304770401318,-0.012251436487356965,-0.0031790243529234014,-0.002728474191865306,0.007404905729171243,0.01609784311029111,-0.01189883901408717
2024-09-19,-0.007994896062822915,-0.014492722517449142,-0.013774853919323968,-0.02978065551437492,0.00791547756092931,-0.011570536659424173,0.006183309007463111,-0.012376757966390243,0.013520909661724177,-0.006549980038625886,-0.013238528207960584,-0.009819800423663677,-0.011600870588667883,-0.0014218412202531006,-0.001184404987107493,0.00943763572313494,0.017116858511536503,-0.022086645196524438,0.005525096430730958,0.0038964062694288393,-0.010925097437780251,-0.005221954804676458,-0.03790946463607392,-0.014246184556254055,-0.02002632891178352,-0.006072399410484319
2024-09-20,-0.0007870126502625734,0.009256459283847574,-0.008714102846801228,-0.007035444454430273,0.0048142288405825595,-0.0006374175538222539,0.019204155244844007,-0.01037429782778466,-0.011549644724681436,-0.009149559841543942,-0.03697368164810725,0.0005944185039460537,0.003306469663924534,0.020295435731261302,0.008795056139624946,-0.011051988224792947,-0.004321625429277676,0.0005687738318876367,0.015246022638786928,-0.008086685984576054,-0.007017089149721406,-0.005241786789581017,0.01174853420361752,0.0008836022622384453,-0.014249845657012173,0.011699661734983574
2024-09-23,-0.0035323234881706046,-0.002421571764953212,0.0027046838420428793,-0.00457381317464615,-0.0025983733261134177,-0.003455671696880786,0.00923866642735836,-0.01495125699330574,0.01658199350602905,-0.003736287764879409,-0.015135704576868489,0.008861784716945575,0.008613611099814908,-0.0213168389045367,0.010211745697993282,-0.02569545842740545,-0.01182637916660112,0.009621114042081685,0.002445213285705439,-0.03477662830783895,-0.0004902861944499626,-0.010775906383055117,-0.008346488059666599,-0.0023221309129562587,-0.0027232394606085397,-0.018439608130560253
2024-09-24,-0.005476281356890397,0.0008001554671357103,-0.011065197637295063,-0.027668180038141848,-4.803160796761809e-05,-0.006930944348481814,-0.011826623426694832,-0.012177186254778335,0.007677605936442067,-0.00317680389717645,0.006108330746277276,-0.007608397552031759,-0.005204238465004613,-0.008975711681668802,0.01446827698193727,-0.004524597242927503,0.0001297056899882909,-0.00924056070377001,0.0065170687701173406,-0.026291427749526402,-0.005409759555416005,-0.004340137858829848,-0.0015367964811649165,0.0007914757184572913,-0.0154507615102288,0.006136963473179768
2024-09-25,0.012005004001796543,0.018747947919683337,0.026127915466019225,0.01244163410797868,0.027626239385040413,0.006977223953586751,0.012449123196911771,0.0042865447095686475,0.0026188151315589586,0.0036999982579093817,0.016245327712625823,0.0007064797941886026,0.04035267699961488,0.009084664378061075,-0.002030236756578027,0.011497090012889177,0.008673263756754835,0.013696885180727397,0.007766509010715161,0.012793087298464702,0.0123551267895326,-0.0021808587649100528,0.009234336949344104,0.01869268993038777,0.007014506060903453,0.02729839082767266
2024-09-26,-0.009873090469478606,-0.014264283091060703,-0.011777750371976509,-0.01856161529979718,-0.006858734251447275,-0.01688207764341094,0.010595255564681749,-0.011454106074792247,-0.006472822435502813,-0.004713572035960745,-0.0005739645888576302,-0.011571300773937027,-0.0252578766432789,0.006301017444055951,-0.016349162976502088,-0.003910580057258917,-0.004591767448713602,-0.005456948811886256,-0.007493905486799646,-0.018920094651182304,0.002681560607622119,-0.011165590834823477,-0.02254169641367428,0.006977290073466649,-0.013416571885968686,-0.013007154574497554
2024-09-27,-0.007717380819629465,0.013767496409261348,-0.0038527493311393823,2.387864649940526e-05,-0.016943323045290684,0.003992777410512913,-0.012461779258870381,-0.0038513114505949,0.006080995668365159,-0.00998636768858725,-0.0024487336172736387,0.004129848068122561,-0.011498673265531202,0.0007443006141635659,-0.04367933665573215,-0.006506855204767903,-0.0151316686791513,-0.0038551244233420018,-0.01106127336409679,-0.028625121256507187,-0.019376879392894203,0.001213871005510825,-0.01607388240782027,-0.010206179041873764,0.0005965615852417394,-0.0028150249599318833
2024-09-30,-0.0093628392783502,-0.013231841764086094,-0.0058729333426264935,-0.015086296305673633,-0.005392350231046319,-0.00040438298657104844,-0.0034555573311210565,-0.014995786023829246,0.01187506737625337,-0.018922941632827584,-0.01200491339430478,0.00013038563613246436,-0.006966607743293617,-0.00554481482099356,-0.03220046374420042,0.008289559672899544,-0.006192014921848632,-0.014727116936770215,-0.01480412900680137,-0.0037799196124457973,0.0004990999006063146,0.002692957374888148,-0.006577008732394886,-0.010786491191312895,-0.03712412637519694,0.0008806891570224684
2024-10-01,0.012343323475843628,0.01110720625362448,0.0031634601888963637,0.021719250254515803,0.03150498096360525,-0.0011122639544557506,0.002184316277825922,0.022596288441546385,0.021036004315394288,-0.000533488772728729,0.010254511914739547,0.0037137618410129697,0.008588201213377292,0.019178396032778322,0.006397910357383879,0.018938579716786197,0.008457713876797179,0.01716293842182312,0.017216800632124052,0.03846094736845072,0.0158297107570875,0.015317289898968722,0.010437659678229618,0.01603744003635982,0.01026074945810772,0.016089913307823583
2024-10-02,-0.0030279839379174236,-0.019215280563128757,-0.001765284881806689,-0.018301960360274278,-0.015613011004788513,0.004318629940901661,0.004609664306743438,-0.012053339962412396,0.011774554266697157,-0.006426354061177697,-0.021279767134970262,-0.00392896082020949,0.003468235206032938,0.013157462176371731,-0.004522299543737368,0.0003674310678163095,-0.009646666585059239,-0.012235582716935936,-0.0003406967042002496,0.007121544415470519,-0.010259898121660671,-0.004289982076963938,-0.014968585873418094,0.008501880774559533,0.005866333989786593,-0.0017943431843537583
2024-10-03,-0.0001509037918189712,0.004972342804775709,-0.006391485882283013,-0.004026330853914813,0.009626401434614887,-0.001195740703678841,-0.001496024969566051,-0.006274378224440445,0.024184547779484995,0.0013598137526034282,-0.02059081159300737,0.006113370304606469,0.0012764534537142939,0.012367899715945846,0.0026100758768097254,-0.0005550802604532279,9.19707629616906e-05,0.0021736725404118418,-0.006816221871513051,-0.01463929103514697,-0.010007441944368978,0.001679443537050281,0.0014372620512102926,0.009363513016637754,-0.013916122642370788,0.0034990983292707
2024-10-04,0.0033568388327349353,0.0029603615097527403,-0.000341684798336947,-0.002101839869872757,0.006474949490757919,0.003972434527259594,0.006167903946428771,-0.004508184426633551,-0.0042436163851897425,-0.004188174613563023,0.02347388911538963,0.0005545681375985358,0.0018575030585327613,-0.010808481097473344,-0.002179938212761967,0.0314502424900929,0.00741096831484378,-0.0026250080835499706,-0.0066505040775517565,0.004535175797408975,0.00682346456451699,5.143965682795996e-05,0.013218238822433923,0.010408263508981712,0.0017506412582684538,-0.012646669096509466
2024-10-07,0.004056357342677631,0.004260556381946057,0.007109031595681423,0.009763599987454649,0.014441949782482973,0.007705569861737754,0.007169055136145036,0.005870545906045244,0.01381672641555211,0.0023933758744241955,-8.101289057482752e-06,0.0013802630933719723,-0.013913654666982005,-0.001036297161257388,-0.02162136577084542,0.05117289864351382,0.018386305061478446,0.0033030471314725307,0.0186075575287454,-0.013718617069672479,-0.005448362507737531,-0.0034000938642552085,0.013727858895867504,0.010157221071880806,-0.0032050028804921915,0.02137991633218092
2024-10-08,0.001997129944172319,0.02228607208691913,0.00737884015762745,-0.0016240236283364313,0.011303786735992971,-0.001061251031726811,0.016856638022116295,0.012674778970810577,0.013204602965141778,0.008397393356396648,-0.0038399548146752873,-0.0012863542502559106,-0.0077660789584257164,0.01021806423210822,0.005701704336242369,0.01154324317958888,0.002813841092152947,-0.0030996762986427173,0.012870368527301612,-0.029765530346883253,0.0005548483835042528,-0.005220675841929978,0.00633367571126235,-0.005830318353445268,-0.005957184575057295,0.02693899397689481
2024-10-09,0.0067186788118995915,-0.0012694757862937057,-0.006314362137387078,-0.0029642850886105743,0.009450370504796761,0.008069271685832194,0.017690003491708527,-0.008576797635337993,-0.010512010338519387,0.0029912421387795983,-0.006199881981655127,0.0027670549118905424,0.008472712883233919,0.005831444868834301,0.044961982192328116,-0.015228762743183716,-0.003851315155822077,0.00023837210127446162,0.003793438382828662,0.01778938611969754,0.0436515914824282,0.0026419557521432263,0.008048938025813563,0.002718719977077487,0.011389163955352976,0.01900763113276127
2024-10-10,-0.001559039505846609,-0.015411159883139236,-0.004515967596400189,0.013694828415393823,-0.008157039725520928,0.009987503586325403,0.0029270673269355674,-0.005042048784174182,-0.0037273418455668894,-0.004892532503834298,-0.0034976464728163625,-7.190992045698187e-05,0.0007489069060486266,-0.006059880361085031,-0.02961397937462283,0.011121303387009007,0.0035616462767218636,-0.008632864388603903,0.019030896174668188,-0.0007074396661863261,-0.008047330937050512,-0.010874114300251484,0.00144375792444869,-0.0023399895497040715,-0.004754057949201868,0.006067990574390697
2024-10-11,-0.007568534573123564,-0.0028375121389019433,0.01482395841660572,0.007026892402621621,0.002224320532874697,-0.013358908997662016,-0.0031625530917185007,-0.010470913484967296,-0.0007276016880118442,-0.00773856317938737,-0.004457943418165781,-0.005451287088462828,-0.008539519080383407,-0.002761474579991041,-0.01952697417899557,-0.0031848553599408136,0.0061445192398926875,-0.01827418186605753,-0.0033175509199666942,-0.029611390804045297,0.006955755243150036,-0.0013042952194040613,-0.008351024079835416,0.0029899920948638853,-0.028278025882095447,-0.01818052776255949
2024-10-14,0.00399911956974395,0.011413589049262585,0.008037946911283636,0.040634731762516155,0.005123246069077867,-0.0040483432090249296,0.008318136750484428,0.03707995994740914,0.006605429902851433,-0.002795051088473749,0.014970230854746469,0.018183843521601732,0.002879822800192944,-0.006210144465905454,0.03595990516094136,-0.007809322710191718,0.005206413821041344,0.00888709279038756,-0.005923573869869414,-0.03981962511772487,0.06019409200105802,-0.003228024399175955,0.0012977711482739518,-0.003798041716464806,-0.010343995569451842,0.027445579203293685
2024-10-15,0.0037125934997602815,0.0261269900432086,0.0017731727492737576,0.014547098303134517,0.005204935703363112,-0.0014720725843696489,-0.0025060401662264477,0.007572799697893299,0.005741014516838553,0.00438386350629526,0.008595755082068854,0.008044056173716025,0.008350895882541428,0.02451995268416246,-0.02022650575557712,0.0213085115329244,0.01299034639269182,0.009059140523359446,0.0023674553115456743,0.0008747892619332477,0.01563119619284034,-0.005109411633349784,0.006078262321665069,-0.008271364209900973,0.003986576231146499,-0.007600377313634693
2024-10-16,0.009056847931726845,0.005475960012961445,0.01833153030285313,0.03144709982189218,0.0131782769225384,0.009106018539491731,-0.00460165175255473,0.007234345923068579,-0.0013102985170499698,0.009535129983020646,0.011499368346986802,0.01226963100050994,0.0017586277550434848,-0.01356099424762025,-0.0044883502051609875,0.010539146206183486,0.033893223423436966,0.017892290079769876,0.023623197748280665,0.04053177705793774,0.004570723136041427,0.007070285443896718,-0.0004328704970022785,0.0010231800684563641,-0.004663403877782904,0.015520652227811627
2024-10-17,0.0017985181674970774,-0.007274541925266753,0.007061632893361966,0.009054687885341639,0.0012050693753094042,-0.0005405566948864779,-0.009624934394526613,0.01304445645140126,-0.005482527726820515,0.0196787618497369,-0.0037119058213498737,0.0013967773442637276,0.005584458730887986,-0.0033817290160432223,0.013084212212528215,-0.012610720800888653,-0.007327942210333549,-0.006166554458339801,-0.0040361388366112584,-0.00036902449740034663,0.006042720212965841,0.008574154383955548,-0.004615433323772107,-0.005385512727909302,-0.0031471205766025086,-5.586394331993927e-05
2024-10-18,0.0012608352431371587,-0.0018257809905592114,4.2404391780423434e-05,0.016519182424588164,0.025944447058520868,-0.0005046801198232157,-0.0021658145180404155,0.017200905963510944,-0.009693349497585,-0.0048057048859456945,-0.0007837483076971555,-0.005862816474963123,0.008859598480988103,0.031515564191009815,0.0007608164026058906,-0.01685573347626318,-0.020476575877570347,0.0037376731765074167,-0.010090295147486494,0.01549600306268571,-0.04220373939153263,-4.692943403479731e-05,-0.002601459265497311,-0.0014102348980809037,0.015387445386750034,0.005984405415007998
2024-10-21,0.014206458094943353,0.02800849743227657,-0.004971248078192159,0.024355398123336557,0.03977833633847602,0.01615524057830478,0.01009812707893798,0.011688227641160842,0.009934937231894647,0.004198920079904966,0.01573594589531672,0.010930766057806273,-6.922912951216424e-05,0.024878304272008517,-0.0002890763760328985,0.0035680615565650553,0.011306856038451807,0.030734534716632872,0.010496755127656387,0.014634806953490651,0.03163819099778792,0.002119084915695235,0.017478508176937153,0.006575063216635713,0.03066031611496801,0.01282976744430997
2024-10-22,0.007367709173085566,0.03050407520505617,0.009059525055772177,0.015025926777402498,0.00876388839800975,0.00856908268186105,0.0027426207481580757,0.015538790730979107,0.0021127567481175375,0.005312835150545864,0.0018051069854298496,0.015709085522202248,0.011255732281758806,0.013207892066059324,-0.00598787198878184,0.0017924156481091968,-0.00620431044380223,-0.00046283772938830736,0.00936346949129846,0.0007648635811984827,0.025002596016154954,0.01646975002551446,0.016143672630883614,0.00824176500736849,-0.0065225898012697126,0.007588216898482991
2024-10-23,0.00784789688413491,0.001652321885653396,-0.0070477104354945835,0.02699417084892967,0.04326631128182114,-0.00940244867567006,0.00335306166296932,0.003992345003933843,0.02256212543604958,0.00017329458356948733,-0.0035534879796064365,0.0044096490358596085,0.0193766156252231,0.032517111436502266,0.006739797096396327,-0.001385160947289521,0.006343398034433301,0.011765089552350158,0.015300019087211247,0.0052885411792530845,0.021235656016879767,0.003787948236107974,0.012960967129676648,0.00859540492363217,0.0014279792349670473,-0.009529529801560216
2024-10-24,0.011402585081438463,0.0036955362563196427,0.0020582619815050773,-0.00039472779218272896,0.04061752168169636,0.018760696528808952,0.0062766207024296805,-0.010532294758540145,0.02989734882928455,0.014663498013383663,0.005933202583930282,0.010972408091977987,-0.00042211914116131933,0.02872745362664042,0.011481106981220651,0.015102111013206215,0.02964918999895485,0.00479365183258941,0.006129821274031366,0.002450401531767684,0.01252971599107458,0.009823504975073161,0.020447470053724517,0.009408919669838811,0.009329609200049466,-0.003137918415073021
2024-10-25,0.0018844138882767227,-0.012951974577092008,-0.014660487266668867,0.015266224141800367,0.029801297341324737,-0.0009682549748416536,-0.0006116178378197723,-0.018816541013578703,0.008551604894057993,0.020125099221086795,-0.0004822952437281332,0.015891550838976958,0.0021307576109164434,0.009952310573749235,-0.011930108188970223,0.009029263805891058,0.017963860067987513,-0.027705304759859162,-0.00013749309648852792,-0.013548355168845045,-0.022275761074358247,0.010797709222791507,-0.027987711035413605,0.0008646411843278609,0.012800839557387521,-0.000990171853841676
2024-10-28,-0.0008573365102863105,-0.008185169250361123,-0.0020736383077529508,0.011846890907534014,-0.003346525544876558,-0.012913594565158101,0.0043899100554757875,-0.005314068735732212,-0.009188841033233475,0.003348283250486378,0.0030069003762534705,-0.009785842281903422,-0.0015298852167028257,-0.00013098995044527606,-0.018763840895774403,0.00551636462936711,0.010593055103804382,-0.008720664210694465,0.023872418923865223,0.0075064543722469035,-0.020060175657063722,-0.00533789040162027,-0.004543353515595301,-0.0025563926422097717,0.014705913217075262,0.006710272460767802
2024-10-29,-0.0030195208493155627,-0.004310203183863026,-0.009034059221548693,0.0005058164896881712,0.0014673811686576397,-0.002064090762809983,0.010227687130667495,-0.027840873293748302,0.012734288353986203,0.01206437121884181,-0.03165781795924542,-0.0004877223496084277,-0.007408468454845473,-0.025604040762400748,0.004999666116967588,-0.0003640895846759584,-0.010770405157057928,0.0030338341735688668,0.00775903078979282,-0.01093472878218402,0.002676808937060904,-0.005011158692449148,-0.018356293291082824,0.00715941424190848,-0.011991097328724819,0.02598962075602046
2024-10-30,-0.0015136399707557113,-0.006395844668335782,-0.012284092439150157,0.022340940473370784,0.006769708724383042,-0.0009454261490644836,0.0029633233650266932,-0.0008958996353994239,-0.012751183184968009,-0.007406484341970143,-0.007289029440423367,0.006073846386604745,-0.0009318513466159761,-0.00837085730203968,-0.007921268265863701,0.0027968274922712533,-0.011606215266631281,-0.006007548465059118,-0.006542630937790772,0.008798555946639808,-0.013389912561748485,-0.0005073614034196854,-0.012720418207298476,-0.008605042192349746,0.0002153839894139309,0.021361953454921173
2024-10-31,-0.005457393750132743,-0.0016619988310564327,-0.0028001555976999853,-0.017131438844135222,-0.007299230644748741,-0.015643663011290897,-0.013121998608983998,-0.0025318008845005013,-0.006197537833671528,-0.0065289452484210584,-0.007432404125641612,-0.005614681429904433,0.004318052019726422,-0.01638728029808184,0.0018294861896418213,-0.010238277462936152,-0.005251253000249789,-0.006749045607904583,-0.0010541372006213855,0.007382898311395987,-0.0156989419183437,0.006992683120380535,-0.010451064706837623,-0.013589080422449133,0.0037159272692647728,-0.0011608572297719666
2024-11-01,0.0072380377314304025,0.002444607248516617,0.004702822767179954,0.002257965351439258,0.04506975534761217,0.004581813099856291,-0.006172849079976367,0.015307893059341807,0.019090272527936634,-0.0013512920600637802,-0.0023987071514337175,-0.001749159191607958,-0.0002817706906462399,-0.006755450712195521,0.023200120850721317,0.034606548896088885,0.025963731612879126,0.001243880701607386,0.011317216566192279,0.005789964649126321,0.009028187799785148,0.012772741815416076,0.0009922585320507446,0.017347573673028034,-0.011169974747830312,-0.009128046025380782
2024-11-04,0.0132794455972175,0.021740062591578367,0.0076655411752214325,0.01361923549079197,0.05254238663437797,0.010658372445972225,-0.0063887040668852094,0.03417702768505926,0.006261107064940636,0.010178524823819974,0.016331225582360238,0.0045620342821059605,0.015237682179390895,0.015550965655963922,0.008918320133727814,-0.004579476239008506,0.00806698795148414,0.00929514658336196,0.024547591946671124,0.0064571495640836874,0.014844140856369425,0.00242929249118616,0.0186842561121259,0.017609041552475935,0.003854486454654144,0.027426539697896074
2024-11-05,0.010295830289967903,0.031205151441935718,0.03158438057550898,0.013921919662036653,0.016150251804038077,0.01902314236121863,0.0002488418097298106,0.0006003582035649287,0.007705865149917446,0.01365041807194709,0.030850939372428592,-0.005998525313478942,0.0032592446924201842,0.026801268036200837,0.009621092938577339,0.003269526872353795,0.022451164423161297,0.012992513067438038,0.009448771889117266,0.013096756822839704,0.017768989208936603,-0.007210433545015803,0.008919749361658227,-0.0028513777097479765,0.03327467740284064,-0.0006158988533024601
2024-11-06,0.0037898413976283477,0.01107218056828404,0.028519444208900457,-0.0027161863492511187,-0.0032610493480350286,0.012215151890022735,0.008214877360486168,0.0008455390683982563,0.004895583682930542,0.005524887954473291,-0.0017241454316969846,0.00460010329236793,0.0027154388681848956,-0.024074599662888524,-0.007575141198545132,-0.0057859604791981045,0.004173442391380289,0.01267794437397543,0.014407993871037372,-0.0019083053541823888,0.045712902788588916,-0.0029553841315765883,-0.007764807617785855,0.002625624843548414,0.005282027896516661,0.013353233087819605
2024-11-07,0.012287165761680227,0.01719735832052075,0.024552805318513837,0.004378327237916517,-0.006376704097551755,0.011034439787495118,0.004406992043715652,-0.002647922233963309,0.005694304829183983,0.004267711868881935,0.01614523131276931,0.0008882060713112606,0.03282874449894602,0.022561547501674606,-0.012681286429865476,0.007470235703416872,0.008331654973391745,0.020981673915264176,0.01847665325812209,0.010069342317215093,-0.004523593401453252,0.010859147395352223,0.018605290908218792,0.0039408844035036346,0.03717840554886981,0.026779095894586158
2024-11-08,0.010835265047101326,0.0075124041337879645,0.017907610548553582,0.004704623435221915,0.0001576688149811966,0.0032139010867504765,0.0007772248436608509,0.00742343553716975,0.010334295613057019,0.020199328024525672,0.004879221082975578,0.014222435068214214,0.010685790849841902,-0.01896152192136613,0.017796338348039176,0.022476018553298727,0.009323567922898101,0.019911984331173097,0.02193260282089683,0.026963691454993718,0.038878370341904445,0.003120576150833254,0.00911922242780636,0.009402595109462508,0.014386921198549627,0.03739941920137699
2024-11-11,0.009568480436220385,-0.003778211300784029,0.020147873383996137,0.020000747545705688,-0.012366631461266257,0.00633200102312248,-0.0027929609732321335,0.0015743535438008383,-0.005765115407688505,0.010148820811196608,0.018169371005399986,0.002339298907653597,0.0009416726278191531,0.024937004334444013,0.02963271123370724,0.01223913608895616,0.014469876269388216,0.027915118756051183,0.08477456285911318,0.004058448924285244,0.008694231518887652,0.02510551122604027,0.000631739763850836,0.006857148760297971,-0.003305127346462311,0.028822166246595254
2024-11-12,-0.003805964663269711,-0.004001090871722524,-0.002357355486154483,0.008037983696270753,-0.013398385133619847,-0.00663646314707874,-0.0034700387603799066,-0.01684328198764042,-0.010877895900408345,-0.005778465928194759,-0.002734689384431795,-0.003193398068168596,0.002786878202438667,-0.023866886842435903,-0.005993099742180152,-0.0019125638541220846,0.0118843532049405,-0.014280276518356852,-0.015111242259693647,-0.0020046018030656643,0.026152807113400095,0.005149289758389715,-0.005866925506952091,0.009389995080024922,-0.005620912768756453,-0.02093379789947139
2024-11-13,0.007026672320354217,-0.005158425986066995,0.006805424703042906,0.03159688521705358,0.007895261637186006,0.0069742683299716815,-0.006211029098910531,-0.006149982349209511,-0.0024383228261678808,0.002696300800601803,0.05255162927039906,0.020404568473018303,0.011574115834616188,0.00403102607366157,0.012647993601694982,0.013618536760574229,0.022775716696245396,0.009205005547001238,0.017367570549602307,-0.010199974863441905,-0.014287821013430207,0.01758927797392712,0.009634867889539513,0.015394002737632107,-0.004613069307036482,-0.020375120198153934
2024-11-14,0.012291482336584208,0.0013433883250795087,0.00017744046463075147,0.0057355722606753185,0.006172730318196266,0.015958686136283845,0.009841445025389434,0.028464821758148195,-0.0038029651990571273,0.013921056826596074,0.004612289228951165,0.008894625793876221,0.025645029520472956,0.030504320795560036,0.012872525759397832,0.011096273888514196,0.03510004842976496,0.0018872963300775036,0.0010781969319089701,0.014345282314191101,0.031991804481657254,0.004617863328582217,0.035707076747178886,0.00601812802311792,0.0010946576846820155,0.042316330633966115
2024-11-15,0.0030566021317143784,-0.004132599052398256,-0.0010202690657367536,-0.014238213232130204,-0.0021157519192017953,-0.00048628386653201536,0.005686187003435067,0.007626433509738341,0.00019323720544858362,0.021431399315103027,-0.021542331480797372,0.007487830614407475,3.585584544083108e-05,0.018480864796219798,-0.0023303286350709884,-0.0002933540998764639,0.006462009087164067,0.0072193179468267865,0.0031802027407007325,0.0057416214006999556,-0.007764891979588295,0.0026994072057069385,-0.004547954671208022,-0.0033227997779615346,0.007222203860528903,0.003043690298030449
2024-11-18,0.0042767865159534825,-0.004597921876188049,-0.0072489051932947135,0.016096601714885566,0.007075183992223909,0.013889089636575624,0.002931175983500234,-0.0014777204351873834,0.009832345677105796,-0.0036001699816966383,0.0059185767753455925,0.011197578163819466,-0.0013755165939462863,0.026871427516300755,0.00018092392084786968,0.006394515468810952,0.023775495995992567,0.005706025801818865,0.0011992315089707833,-0.0028299420551990023,0.003765784776641329,0.013053638131078708,-0.007001879371330907,0.0063502762834144405,-0.003197446191106762,0.005693755577678539
2024-11-19,0.012472580707840764,-0.0006013501721962245,0.03449020653840232,0.022689483580378384,0.010795048852850915,0.01577184080092578,0.00349318640977766,-0.0006520944540908402,0.0001339085450927329,0.011148276717699718,0.021966267498230625,0.008218988134107447,0.017935354510901752,-0.013565215524930369,0.006159842819381103,0.0012334748739534218,0.017247209201433477,0.007117640027274011,0.037549602207270584,0.002494790741953642,0.017742663752991827,0.008820614963880025,0.02707257603596593,-0.00017692469870065226,0.024773923083825495,0.006357175162839485
2024-11-20,-0.0008093883626570472,0.004463882777265671,-0.014203196692759781,0.016766429134815797,-0.006234765414698904,0.0022290824268962925,-0.009557296784787011,0.008759523581475507,0.00904000492306031,0.0051424205131892385,-0.008247443699213578,0.0038211943694731686,-0.0036709559913719525,0.016812167618284163,-0.01524479383645301,-0.004667813140123572,0.008417846282106433,-0.011259466963621484,-0.026630805850095696,0.013727026703275802,-0.026793498938697174,0.0005325152333980935,-0.0072814374731933595,0.0015920862792616248,0.013469323107768933,-0.011750787889130115
2024-11-21,0.012261014390348107,0.0057350253971596874,0.011040622583565057,0.004267353262416696,-0.006357619537332793,0.014807976967702606,0.010953319173459986,0.005068329708637641,0.06435416720032162,0.008508468305717465,-0.0026450973353218665,0.015438733050538939,0.026517003843657436,0.039068264344252646,0.04186010490680851,0.009071025711559183,0.006926638952790454,0.003814656122191465,0.022150989112281104,0.006655358521185254,0.014671538886462054,0.01471567956222164,0.013162032590948771,0.01949023910961976,-0.0053047503336204225,0.03768910399399228
2024-11-22,-0.018643575635651635,-0.025944706491653792,-0.03599954636228489,-0.03375333487181755,-0.015865293238219984,-0.010053707044767187,0.0423189022446269,-0.029790630836341103,-0.004409743577733938,-0.028442736661436985,-0.025821055634684138,-0.020478190269348204,-0.023236700671811907,-0.03249111696750809,-0.03201419839043283,-0.00612222982564864,-0.03265938929624797,-0.020603810397177902,-0.029057226250795976,-0.010099598949042752,-0.03741938321076699,-0.007706153328547864,-0.0347446650481368,-0.02585406470372435,-0.029517617159888276,-0.027564270494717047
2024-11-25,0.005811920022808318,-0.002959945717127266,0.018817722593876915,0.022564878002573063,-0.003935208511613364,0.020599325056081353,0.0108043958537003,-0.00607850264684658,-0.008664007011515993,0.006093202987105123,0.002425841658141137,0.0029563811516809127,0.007160264427655827,-0.0013436767732392108,0.01513297457132931,-0.008409760697548702,0.0386485393198283,-0.001403251749405976,0.0009365992188961169,-0.0037466714592350736,0.021750672669966442,0.014974721002518412,0.01757132504824101,0.0038891145222928734,-0.019159567291881518,-0.016215606684236328
2024-11-26,-0.033954205391767904,-0.05494107896047258,-0.060949146390740436,-0.02905639135907216,-0.05861680784732119,-0.014774927144912558,-0.008108600884515227,-0.032272055833400724,-0.04652102558182569,-0.029082552412088743,-0.049576556473043966,-0.02085696034062734,-0.03833265536154807,-0.03206961085956633,-0.03379240803638808,-0.054068136615978674,-0.021711961187335416,-0.05092934198799193,-0.06622973752875735,-0.03695983326295892,-0.05975632998669303,-0.023082262907903543,-0.036046485833022945,-0.02639692622694818,-0.04271146990553079,-0.03217495430932446
2024-11-27,0.037196397759757464,0.04198417507952503,0.04691146226471796,0.02830843218311103,0.06595531281385916,0.020485427883892952,0.05179718708088866,0.03659205114153597,0.06397990896893398,0.03565411804117244,0.03923253347953526,0.017897948309024393,0.03841598813542898,0.01911769312401268,0.022402564710533507,0.049550295593570826,0.05035839512903789,0.0390117802187529,0.053631623023121876,0.036614431038072014,0.04686293097805955,0.011986452911092668,0.03388714879477032,0.042957434279778474,0.03564094563785825,0.02140122749338183
2024-11-28,0.019738028460234314,0.0036249594907024176,0.020501307206137423,0.015753982704626208,0.04358396398505188,0.012296856984294467,-0.003005613121531775,0.02828856961502793,-0.0024157204480651346,0.03000433347100116,0.007853131539867608,0.02020575758681724,0.038630226089475736,0.011373575602735775,0.011165437267851366,0.02766131065583588,0.038265245797559744,0.024289445868328707,0.013886147682635597,0.007009416021743502,0.03222456613986763,0.010870092756006762,0.04208604768884028,0.023778203489332655,0.01498970469339021,0.015913180586111797
2024-11-29,0.015569865420913792,0.008828663585649422,0.010065136096923083,0.028748944998100306,0.005336544595690642,0.00358256602003848,0.025175591996677838,0.010545297182706748,0.006860635064667735,0.01856433159575093,0.011401499636397416,0.02015717647886406,0.01691469829770221,0.051938611445751515,0.02290442196647859,0.009267351812266178,0.035239417398621034,0.023175041758120088,0.05300866430110769,0.010615257562297071,0.0037425182105015886,0.0005319665602152787,0.0011612500294253378,0.008228295252950183,0.02298249500048833,0.006415442484512313
2024-12-02,0.028669735069415482,0.015239764990299286,0.02767175989506694,0.012689957641680294,0.06080210995300163,0.02703924584174293,0.015531111331811048,0.03675506408208321,0.01961684865923276,0.02708427170087106,0.02323710909709457,0.02221662169572463,0.04819779993714154,0.04999035040213151,0.04468627089197415,-0.003096701496536486,0.02930522934073442,0.030788410670621685,0.02942081261450724,0.013239659004091036,0.06471385509538902,0.03385515560079984,0.04195311409813566,0.02673083542444823,0.006703042013102935,0.03677471638884913
2024-12-03,0.014571098752147453,0.010901110022142646,0.0027357051145086436,0.041697807589492764,0.02227950900897211,0.0027868988231783674,0.004240561258195575,0.04517614055545818,0.013960054993538347,0.011210773595812629,0.024349260701307256,0.009563738372963265,0.020376098690999617,0.012279780625080172,0.0052498691441537765,0.021512640974004404,0.0322372083014625,0.01063810978418947,0.017330912941001364,-0.0011149560148491539,0.0788923988458528,0.011008825508255361,0.023509936408143212,0.00771418237685294,0.008160875751821867,-1.8429316969048593e-05
2024-12-04,0.012339574011165488,0.020887162329999022,0.018046119370324673,0.003113688806735663,0.02739898222756877,0.009501423929898162,-0.0011649966760123697,0.026961598735180153,0.006272302408020839,0.006463777242658858,0.041782767999018554,0.006617388873085261,0.006654027589682418,-0.03832599158132141,-0.010150196248915333,0.018259690025139885,0.00018000620495187692,0.02517443044672553,0.017510973113171003,0.029591154425380826,0.03833640301046265,0.011282370862714095,0.026293455712551046,0.014755513615265767,-0.0038170674148166384,0.033375904383284
2024-12-05,0.021116542861997233,0.028176505767004246,0.019191420250895264,0.013728518748046961,0.0314866704585713,0.020661877040569314,0.030393475100796756,0.035047106408059046,0.027534162642321384,0.02430050396889154,0.03078551126963086,0.012752938606745607,0.009593440513470632,0.028111066522675532,0.03611462912903593,0.04391666741158362,0.022108682531253886,0.005101622454281793,-0.005404322791107019,0.03834631453267676,0.041661539029074435,0.018000645968935178,0.004258563770290832,0.015022302519997425,0.02355467188453551,0.013085239301117713
2024-12-06,0.009463665055858418,0.0126531124431981,-0.0006518240581994961,0.01783646026487205,-1.8107369639488185e-05,-0.008051959194654717,0.019691630837440955,0.011096085108173124,0.003828570026610031,0.021264929867003672,0.02643110299779285,0.0008760335723823731,0.016175035247056324,0.0323102879413322,0.013436954010968727,-0.0006019668239496956,0.0174521149799301,0.0066252833882772255,0.012594876612597538,-0.011317779118338565,-0.017691648990875247,-0.010225998218766408,0.025531179628407064,0.014914741428138511,0.006689544867565994,0.049204433613809856
2024-12-09,0.016878271495298382,0.061389188903405986,0.01564516850880278,0.0030801873065534058,0.014285665943241158,0.01883187324277777,-0.024700488625711586,0.007566997798831622,0.003519848798425738,0.014732607072103209,0.03711981694400992,0.03161110488482071,0.017291193409969784,0.01268243332698099,-0.0028954047897095103,0.028798696393075973,0.03859899977331861,0.015774479273555464,0.025276789870383398,0.009341691254607138,0.01268320909643883,0.00925813816096463,0.04726357763204403,0.030710663626970863,-0.01086315423060143,0.03805618748523237
2024-12-10,-0.02251403677470668,-0.02904764849245518,-0.012262046558264308,-0.0557246809956903,-0.013433854405679575,-0.017758475443372997,-0.02419411378230494,-0.047144454625621855,-0.0054603626074628386,-0.026945455871604674,-0.04988048253699592,-0.015796978528894084,-0.03243230374285241,-0.0012733762626823686,-0.010239116886735164,0.004630830367980288,-0.0318595816501079,-0.030094523162345177,-0.004804357008149618,-0.013178053117380914,0.010476802086330061,0.0019902308816351286,-0.045525802614030345,-0.025331293679396138,-0.025779251016262328,-0.023592926160313027
2024-12-11,0.015494593254986913,0.0060191796530854715,0.028930593000505128,0.025089542239918865,0.01970751789754708,0.020884408124059683,0.0067778139658828005,0.009156191465700922,0.0033070513488185588,0.021943055278259016,0.009386185766116625,0.012650396596552455,0.03250707444152629,0.013198539069856075,-0.002521846964932878,0.04804915621678452,0.04224421186669898,0.012747436893508962,0.01795370881995727,0.010042908455756379,0.029406561025404676,-0.0002886576019473855,0.018831400617862988,0.0129565008541938,0.006720933063606449,0.007149170351640366
2024-12-12,0.01991943756005253,0.003066450822874667,0.007257278677744811,0.022880496317447412,0.016869404325390792,0.021031174330950708,0.00537907199880761,0.007061689665964867,0.04909890055481826,0.02837319129615229,0.022804037993288413,0.004779212216527412,0.028814357281046612,-0.007117497068464235,0.004983459100480259,0.05425822730644453,0.0373210918614955,0.028440443339206867,0.020248907017765782,0.0022976112724327757,0.042264925763007166,0.0425882912868359,0.018174047935896203,0.019752726743652284,0.011405022144865518,0.03836752692893208
2024-12-13,-3.389315030413504e-05,0.02118598806846981,-0.006862800153271287,0.006164117420481803,0.008406736224527804,0.012403776840437346,-0.03215228130223529,0.0027511247664300056,0.00532897637352338,0.005776221325045977,0.040999742619447166,-0.013079505971907334,-0.006495373973741257,0.011100740032724099,-0.019940783255659747,0.036131406337115646,0.00557662434195898,0.011112522985433498,0.009024429610656614,-0.01116597836381327,-0.01043187472116816,0.0007457729522175188,-0.0061871634828554655,-0.0011318548456077558,-0.0047751278799917085,0.02230892643793031
2024-12-16,0.007599121683605152,0.022452293164216076,0.025062759100472634,-0.0101387335643053,0.003034901589757186,0.023021376999742067,-0.01458189917879974,0.009333266202767865,0.004737346855644324,0.007165682719264876,-0.010847419088689433,0.0016218781013439543,0.022642063995360957,0.012051593881564432,-0.011917743256967803,0.054173721248142015,0.02790015890829186,0.009794310002876075,0.003839747753941447,0.0026997081207195605,0.07352869172916499,0.0008815591282734722,0.011128731066985396,-0.010870475776600467,-0.004356490684801179,0.016789978614969447
2024-12-17,-0.008826122695866597,-0.017542724489335283,-0.023544699091932228,0.020035881758667533,-0.04198929140127259,0.00510323103803902,0.02342315583443666,-0.005294245651547773,-0.029146677123423146,-0.01168265048832479,-0.021315846863466343,7.677057284146138e-05,-0.014149351707125966,-0.01032706770918454,0.014695991797194718,-0.03541626617879631,-0.011056540655113656,-0.019170106078895674,-0.02374849296783449,-0.009832662556048017,0.03438128904398999,-0.015113218257273978,0.002439007628358517,-0.00955281736103842,-0.024349627083601777,-0.0008919857909397977
2024-12-18,-0.022727470143527634,-0.011206093578368414,-0.027178445907203558,-0.027860896281541554,-0.03473281069956629,-0.03084083961889083,-0.027416235443937433,-0.006574435505531689,-0.027310743077575306,-0.023839521285754405,-0.04943875223243693,-0.014331288469749404,-0.028460625976675053,0.009875067873102189,-0.019739220855119657,-0.037131059208245165,-0.0029296424601593764,-0.038361796946447965,-0.03076906195033339,-0.005131832735365184,-0.04145793432369421,-0.016446431832655536,-0.030492678381432343,-0.01828614633953266,-0.0380463996796424,-0.0013866950355876928
2024-12-19,-0.03850114728262759,-0.030525497007502234,-0.05644475363817977,-0.04685113524043285,-0.03828126467391481,-0.033104770797301585,-0.03970384559083818,-0.044921897652790393,-0.031306280660849346,-0.04272866115368941,-0.03699971147378569,-0.03990492234436756,-0.051701253080594756,0.004888293084581358,0.0006685257216202944,-0.05973598150983156,-0.03710249506124695,-0.05001663462536299,-0.02721608518297398,-0.018844084385610464,-0.053231675148637914,-0.022920188986023063,-0.05450874537023278,-0.04333825240260504,-0.04610960067886336,-0.04478161040659717
2024-12-20,0.01745235186526657,0.009726436237425574,0.013202105141303766,0.016964487662197898,0.041381391837426534,0.016963494894292,0.027563237695300565,0.010188763644324111,0.031801569461915556,0.006607075651223366,0.01841312006985803,0.021147612798205824,0.035469805372746854,0.024720745425841573,-0.003265601793432396,0.026534400047874662,0.0010611512267481693,0.011247494914803799,0.022223025260070074,0.021637764658556706,0.006377611824391727,-0.002972225204197966,0.04108331548022531,0.005417858549946925,0.007902657432840776,0.009216784812831169
2024-12-23,0.03411323132974846,0.049493756579096514,0.04508157282048658,0.041871336798758686,0.03129241974447229,0.04678178656219172,0.025593014055705843,0.03387280969601345,0.04063050617486271,0.041199785869206786,0.02809044795237081,0.01534948701635204,0.04550733620352359,-0.01240210211216014,0.01766099459070114,0.05087984385956329,0.05749261625324995,0.03284526247941125,0.04112121746888797,0.024693393470794776,0.07610057282337879,0.012378672801154803,0.05009954989083274,0.020078492312849777,0.03496037616709714,0.04129968211309376
2024-12-24,-0.010407671457016097,-0.01351814139214641,-0.007023888882841514,-0.001382029764330032,-0.02952913460175949,-0.014463526279409552,-0.010687072555067062,-0.014438723679543741,-0.012922535381707512,-0.007477499958594957,0.003846618144836796,-0.005101758524470567,-0.003964709406162569,-0.01820803527713516,-0.008826296638610842,-0.0184443521260223,0.004809032422016945,-0.014107457420794736,-0.024614520077012304,-0.030646778551322973,-0.03677696559481777,-0.002982128086140831,0.004906258892126076,0.004743887848537894,-0.014472899593238503,-0.011356564100920036
2024-12-26,-0.009849532560979937,0.0039067876354558885,-0.012690540145371881,-0.006832347478453515,-0.037128785009177635,-0.004367813263853726,-0.005792793204887553,-0.006708283980900602,-0.01203951362837589,0.008550084225741068,-0.0020374157657540395,-0.01010574098549058,-0.007186324189875304,0.023177090825436092,-0.012665423344608101,-0.03543843381609829,-0.023784634777531878,-0.018851818433558265,-0.021984146363137846,0.004178909175283201,-0.03295021024298039,-0.0035848521298872255,-0.0037143109503556737,-0.01460505069009465,-0.008910676687531432,-0.009578905887498573
2024-12-27,0.006007569671343607,-0.0042265468452496345,0.0013203533286394176,0.003331393105559725,0.033223174715536895,0.010702661380803166,-0.0009353843569429643,-0.0014269861744053887,-0.0019718046589311533,0.008538186423153876,0.018947271256481196,0.01074498210842642,0.009979121805408128,0.003576392804742673,-0.012131307981732148,0.008183190651378208,0.009999544375027158,0.009023362556267414,0.017050991561051932,-0.0033020515209066,0.012182250625100283,0.00039556237859338095,0.004927356883625151,0.0029898770916381287,-0.006098838027529752,-0.01751061063889517
2024-12-30,0.029302120993993534,0.008840461679312262,0.012021985254186518,0.04432855996553131,0.04466377480513331,0.02128209297916708,0.05678308698363096,0.05090125093716497,0.028781109332643717,0.019356319818747393,0.02892373268872191,0.011583390704760776,0.05289443517957268,0.02579456411676917,0.012536149325349674,0.029048312263146137,0.032086675097923956,0.025120295601945772,0.018212425836567868,0.020204619720368893,0.05960257947043279,0.0028212179883660496,0.050580308897950975,0.022767361751997707,0.02285805252270385,0.022655660632057095
2024-12-31,0.005339811960199395,0.005101083443975895,-0.018043957185541,0.018537996755058184,-0.0029838047594838665,-0.006639919873251685,-0.0053105267709171455,-0.0009052948265120264,-0.0070045836639922405,0.020142063434414943,0.024846008242052593,0.006684273520625972,0.011760817261701322,0.009551896029627943,-0.0022395717722729636,0.004368291211532288,-0.01323377340715759,0.010202264894462146,-0.008215030702565795,0.003312427647868575,0.05305890859459417,-0.008314867584330013,0.012664507245301557,0.006031478276435172,0.017068962647630505,0.02380324126284869
2025-01-01,0.010296980258295922,0.04056757794490038,0.01437668254637181,-0.010368899838638665,0.034429122737521564,-0.0030663456229009264,0.015563761828859985,0.060533981073045195,0.006887936269554844,-0.002306815353990477,0.00719941240660273,0.01837090131290069,0.02316967576619183,0.0024395682293517906,0.0017153420510896782,0.005319102111287388,-0.002128811254129026,0.001979371847675354,0.01276425653661174,-0.0007699694803875049,-0.024822140490470185,-0.007033490938893529,0.0016093831032867323,0.010905110262635132,0.008130394368535687,-0.007419176495152696
2025-01-02,0.0022123786410740225,0.01179362084684792,0.023404014480427587,0.0003187346294425593,-0.01744440863977034,0.0034370200003540105,0.007413594453601879,0.008453482875669474,0.01718003132849777,-0.0019327634436668907,-0.002191048441218831,0.00633765294006291,0.006837347350209688,-0.005697389282730864,-0.05180994028600028,-0.017538517684313693,-0.010034947597680487,-0.0007037468371782762,0.013162743231139862,0.00791565899731673,-0.00987853815696857,0.002265666783581498,0.0018073517766486152,0.00632623162842526,0.011689467021970653,-0.005567788440864724
2025-01-03,-0.005961517223654872,0.0040591726198479505,-0.006358160490348319,-0.011256945323477466,-0.03783247476907581,-0.00642473139335136,0.005092874656511459,-0.007857529018015183,0.031763810815297965,-0.008813087492839003,-0.022565598946445203,-0.011348249965904667,-0.0018021817517449472,-0.0037158560182943556,-0.005993393007825906,-0.007032989181724236,-0.008948234857503035,-0.008992332529717428,-0.014064194896991821,-0.00014547672315823323,0.008668508775297928,-0.006293392875196292,-0.02212468044699659,-0.0007070705152862592,0.008441416251718636,-0.016153294650807004
2025-01-06,-0.013870083924307124,-0.00834091331229131,-0.01882100051723115,-0.009997315776865542,-0.017691018507156042,-0.029109280453811753,-0.008094060800586732,-0.01796760080712877,-0.0031968887502906496,-0.0033511808307333684,-0.022594561534238555,0.008836075529405064,-0.012504820158644065,-0.025557401122269036,-0.018615641189291914,-0.019716678243937136,-0.04230849300655273,-0.019282714566731626,-0.014271252210642304,-0.0027034224418298535,0.0013379735111656021,-0.01915124579289472,-0.0393240251981879,-0.02192165312561049,0.009716735746794731,-0.02076266363896473
2025-01-07,-0.009604952530732427,-0.003652943131109343,-0.007056285689434408,-0.0023321937951212104,-0.005668874393848581,-0.00969770645710633,-0.009069815530821524,-0.014617734132422363,-0.015436104770698011,-0.010883468066675898,-0.027001948987860624,-0.010016132864888495,-0.0083626957040293,-0.004071708449992856,-0.01141306089367669,0.0035895684974921738,-0.016212461741828832,-0.007906805913526951,-0.005775079728858934,-0.0010769350221405208,-0.040984441106420105,-0.0022777604852998456,0.003939049244019618,-0.011682736908070483,-0.019403717695922612,-0.0024367151764140282
2025-01-08,-0.009563149515348921,-0.02540783581329844,-0.02067754183948259,0.012284921153145634,-0.012129572716477894,-0.010577917859906548,-0.0030903316249763168,-0.020402608840431897,-0.014021303684026787,-0.0014814578956245062,-0.02180356853640225,0.0036720691777642534,-0.0029892902919951446,-0.007298679230325983,-0.024619007344323346,-0.022226511809879335,-0.013477193418802148,-0.025898371965285757,-0.02799282416994836,-0.021455493264733092,-0.04430580935164771,0.00814478841280021,-0.013237705755648563,0.0035881746611379803,-0.007235528811030822,-0.001559886356641449
2025-01-09,-0.014512149282292483,-0.014385785560221442,-0.012156823320023616,-0.011442627285537058,-0.016908707605028377,-0.013881079625452679,-0.004913735232115008,-0.02746664288657069,-0.011864892933315541,-0.017096943209652066,-0.0032062735248960528,-0.008960684819338604,-0.00940237906111312,-0.014120483623826147,-0.024584355111083867,-0.005999679791104967,-0.03200426064684557,-0.016488836630397047,-0.007507455097455207,-0.00590925811110367,-0.03748335335863098,-0.004266959643936044,-0.025793113530731042,-0.011211628924763888,-0.02490287530183712,-0.01168116313631773
2025-01-10,4.350779796090992e-05,3.1948681956717184e-05,-0.013311248040036111,-0.004730749462380964,0.014219344519452367,-0.0014633234596068106,0.004069844493979302,0.004004917871722931,-0.000954842191751859,-0.0029106619704895196,-1.0608541926785767e-05,0.0026470433827798677,0.013687097941141613,-0.015144532638970235,0.026398164564536204,0.02864636150063138,0.001844404074985273,-0.008563580707837234,-0.011412818762970622,-0.00706728982983597,-0.02055874564572241,0.00077235338346264,-0.008054720783004232,-0.014163142476790692,-7.825835330257497e-06,-0.004591744789460173
2025-01-13,0.011839614933446752,0.03827665330504455,0.012694928687236123,-0.001325125468823074,0.014414896709172823,0.008335625975010497,0.005524208141887382,0.010668799196319115,0.010942710211915197,0.018004873104262513,0.005772871967391513,0.009288808702560802,-0.0004126228265044718,0.03561366038377697,0.0059467524262578775,0.010788724308044784,0.03166421050377536,0.013485743712349868,0.01941664147508313,0.007372951680384924,0.037971762325976544,-0.011117612564264209,0.011602654507185521,0.013175223558491291,0.018661282152922714,-0.001141073256566233
2025-01-14,0.011102106160013515,0.012061678861666614,0.008223893329434157,0.008148325236389031,0.007772628487149952,0.005783632207378004,0.009633174668775658,0.03199471527551836,0.011387539122975587,0.015767653049150204,0.01473271203776664,-0.004461089970419446,0.006573214428939827,-0.004119342823456135,0.0029087022527941875,-0.0006944116074449613,0.03197476807432267,0.020556734585222183,0.0176868736915204,0.006907729701094664,0.06211880193843855,0.005522975051332886,0.016681075561906154,0.00852380468297937,0.015773342215930113,0.013670496419691536
2025-01-15,0.0017363971265624571,0.002212636120550304,0.019148369516732072,-0.005577468565145405,0.004894933735561889,-0.0012916982756456573,-0.003185852038222725,0.0022094220083757423,0.008693559912348303,-0.0007767109402423367,0.00022311151833056173,-0.007466326204398056,-0.0004939985234208965,-0.01721007631172941,0.00772811883227531,-0.00603806640459878,-0.013159460472482721,0.004849585238783344,0.04163694205767006,3.125439945369671e-05,0.006644986671564851,0.008185469929277635,0.0027636122276100605,0.0008680002618119162,-0.006956971226270306,0.016421761573402055
2025-01-16,-0.006986639774511421,-0.0014912233328175262,-0.013348167968729022,-0.006077216173253981,-0.005568480337259214,-0.01493345039862166,-0.0055190666311949075,-0.02257810059094037,-0.0011573063966007434,-0.005177866594278635,-0.017455540006643178,0.0008581177342458946,-0.0010070920594021926,-0.029251764160843352,-0.008167130253705315,-0.013319755367701885,-0.014344473881196218,-0.015753434850071482,-0.014497767629113246,0.001820625730240761,-0.024623857335797944,-0.0028298012103247366,-0.003861715453615205,-0.00879306639376979,0.0037476980961690973,-0.012107353150173417
2025-01-17,0.008288140428421853,0.036174577999722235,0.012709214884151887,0.0005065291806939191,0.009285137442259214,0.0165969615782831,0.007425052700785473,0.011212208607132604,0.01052974227682757,0.0075352171307531525,0.009089909591759556,-0.00956071720098467,0.01569029216245955,-0.0025807577448429264,0.00032522906164869636,0.01572010520412792,0.011457616305490203,0.005594552664312483,0.025657070464797538,0.011136760433502353,0.015822656341402064,0.004464342308033505,0.0020790421775195617,0.0035314898953896735,0.0031504097182829104,0.016995564993276424
2025-01-20,0.007546910294974591,0.0062904361283282915,0.021562689530185836,0.0014298830934337814,0.012117554725390008,0.017285268752386476,0.002225850186370086,0.0033154140115261577,0.032150542967566434,0.0010347220740561324,0.0016159154096438237,0.0171860391716278,0.019115228214325364,0.028394699559396025,-0.014001413656114126,-0.0024486750757287956,0.00014266719124600424,0.02151385237935821,0.03234185127863569,0.018913875299548584,0.00011785137214323504,0.006766103583644674,-0.0036505978013692264,-0.005264491353446105,-0.009121610747104275,0.001545788620329669
2025-01-21,-0.00675897004130514,-0.02021278514271675,-0.008959458793181233,0.018679418997303115,-0.004091531067280343,-0.008651557513854602,0.0006715969429563762,-0.017849369782810143,0.00908264839686761,-0.006845697554987701,-0.009979057992394366,-0.005313957080397552,-0.00617848046008333,0.02512173233518994,0.006196159723158262,-0.018800029624924858,-0.016766116244992947,0.0003023715888716,-0.015306325452509451,-0.02416394712682338,-0.01138523217737486,-0.0021432557372904246,-0.018498800769228354,0.0005711590296569066,-0.00023291036020003374,-0.00341945664603982
2025-01-22,-0.00938921670018995,-0.031342162649219976,-0.01670990694017302,-0.013523260861161549,0.01394530952184305,-0.01364426028760326,-0.0075027516514585505,-0.012328831590387382,-0.016417625142438406,-0.013028876150131258,-0.013802229568369536,-0.005391013007716359,-0.005309638764352536,0.013727294613996383,0.00039946817691340265,-0.03765591867256021,-0.023511656896811263,-0.014845268711058998,-0.0029331351017605088,-0.0056508096581249145,-0.004720758974543049,0.004036112338444557,-0.01717798002324772,-0.008657095100451337,-0.011240412106271875,-0.016629075950466615
2025-01-23,0.0040197687541184595,0.015389232004649145,0.00837142382356447,0.010622062613926675,0.006229129851543467,0.00019958163566326603,0.003142414861003917,-0.001311562433660309,0.019744840565857104,-0.0015732792816336438,-0.004826945385979257,-0.011157410673376956,0.010435972225435335,0.03347011837169822,-0.0055611866332107495,0.0019601679748691148,0.013106506185905009,-0.0031871582138654764,0.034220599042338394,0.002843484622257681,0.009285280711524901,0.0038218454758948213,0.007149627069137513,0.0007638205430197226,-0.0004214658001756133,0.006330405357290625
2025-01-24,0.006186638804570206,0.002887194550456651,0.022554980976155187,-0.0028262087441331962,-0.01324887674965816,0.003446933461564082,0.005344359890617883,0.016631522191114217,0.0318715710247488,0.008345398542923871,0.003011746962692389,0.007404355231875365,0.010494862608541145,0.03564335995029311,9.271541955173974e-05,-0.0082518258677374,0.016150849542519958,0.009756415385161088,0.0052723587105392156,0.0017807371763281193,-0.003983577265436078,0.0008582770959732145,0.009086765176944503,0.007714464275742751,0.007439328644171206,-0.016028253906058443
2025-01-27,-0.012524350663351636,-0.01523564170087438,-0.012488063233863297,-0.007750934028010137,-0.018835084939064828,-0.004537007308779244,-0.008006067377450054,-0.011234624717910091,0.019730545709631,-0.009603297396730949,-0.015286323686575417,-0.01069602540422485,-0.021819874229861553,0.024749041525946452,-0.02920189199458112,-0.025906350687133844,-0.03793483331312536,-0.0216067936205228,-0.022698493038591262,-0.00781539082759658,-0.04317806623897533,-0.008391278279226795,-0.012309039395010149,-0.0008594650106970828,-0.005532860773547538,-0.017677949132583498
2025-01-28,-0.009359387721509075,0.007391735692754342,-0.017798964823609778,-0.01813776867730151,-0.019279942005200536,-0.007957871352502933,-0.005379088859265346,-0.014278841380059035,-0.009297073920503274,-0.015135224621037908,-0.016958596229488827,-0.006741210268219312,-0.019663855745341234,0.01572535702778674,0.022985965566264907,-0.019315952739817566,-0.022373182461173192,-0.005663229247474658,0.0019792356129298637,-0.005481316858826048,-0.014808407034934051,-0.0006115325168934635,-0.01835400033179685,-0.005760238234029096,-0.013213472513601662,-0.015260154782216456
2025-01-29,-0.004736970569193755,0.0032748042149897904,-0.0004536178364746568,0.020970143924840683,-0.009933735559975884,-0.0010335000662343777,-0.004608831843276584,-0.027223841286654088,-0.02730833591854962,-0.00028000052514039854,-0.009152168420198503,-0.01010963919312834,-0.011628146119492816,0.021851719469811348,-0.018426234556106605,0.012323412030881026,-0.01530959543804059,-0.0007015751730920505,-0.014112405729487732,0.006167738997878631,-0.009800405094666176,0.010896049733493597,-0.008792545264592055,-0.00413228112874165,0.0029597665023270337,-0.012048535454133147
2025-01-30,0.01320635092545752,0.018671184555588916,0.0043934800097982785,0.01925763803809919,0.015210404814707002,0.0025535627252119553,0.013618488296414072,0.01661963885514949,1.0890949775399505e-05,0.017416490517776967,0.008093380591933838,0.00883500586635555,0.01290339866998918,0.026131889798274605,-0.002323787366760366,0.03516542525199606,0.02750468150459835,0.011956152822440502,0.010244357897149992,0.0045717617722783755,0.03294841241075369,0.01797947815626201,0.012470778566519767,0.027119085233128927,0.005694634284423616,0.0356980454275202
2025-01-31,0.00899470413573637,0.010896143207126629,0.02369132447325184,-0.015291377337009656,0.01678642039927846,0.0017886173958703464,0.017602552195309297,-0.008750859486454645,-0.0032294002944382116,0.0010862714288280284,0.005388010782047999,0.01201848780276898,0.005478513098216365,0.025418063046144634,0.009388592543248545,-0.0012513968459267055,0.002161763554359275,0.016621969468980452,0.007974465353167703,-0.00351351459100957,0.004485435732592691,0.038557819057000106,-0.0020470721530342984,0.014150896196405083,0.02086598012839711,0.0047056580612389876
2025-02-03,-0.003956768559264634,-0.006072049627035369,-0.010891444773339518,-0.00977292058289784,0.007013178686522188,-0.01391935372634,0.002006120045068481,0.0039594498405711625,-0.019391450871935167,-0.010873321269491837,-0.019552990484661952,-0.006422578877508183,-0.00223332061578147,-0.039145547304951955,0.0365431813872685,-0.021943505249930356,-0.02416719647866088,-0.01295905538026916,-0.017899363539231362,-0.00531725810560577,-0.027279266707573968,0.007933929384437544,-0.01746714639256945,0.005099618322333626,0.01674639970587218,-0.015494522395707477
2025-02-04,-0.005057304152084533,-0.01580153693126186,-0.018600551228783874,0.003477158300891033,-0.007039441899421837,-0.006596692078048466,-0.0012918995600109061,-0.017722145575100278,-0.0021981247201255717,-0.005479360979862586,0.0075894139489611585,0.002166001023017362,-0.010821004707147686,-0.026908179543155303,-0.007562144564137133,-0.00724230212735319,0.0008436605373684945,-0.006632621181471399,-0.012270183094650089,-0.0004475232997495241,-0.028858868351985867,0.003517096129578852,-0.006809624691985245,-0.0007392956007656943,0.007178015227829425,-0.012991718296936239
2025-02-06,-0.011212207455879477,-0.021034436386692522,0.002363777503648287,-0.012681500583063766,-0.01303665477189592,-0.014955591309550206,-0.0015473836144165754,-0.010065424594802011,-0.025522119226100193,-0.009997664348652147,-0.006033591197802113,-0.023528412493194123,-0.02088233081776723,-0.026282142781524576,0.01473741773646585,-0.02657860819279176,-0.01073559298597776,-0.0095721413998551,0.0012884392760226459,0.011163808350725104,-0.012925969540182242,-0.0038560458916619064,-0.01794055508291998,-0.013608160940033481,-0.01838952854718246,-0.018901271524810165
2025-02-07,-0.0055505940698469414,0.007186434276559317,-0.008096713646903522,-0.008663585072815413,-0.010546467690040699,-0.0011453607038068565,-0.01182204140279285,-0.006634416920570485,-0.003348590440912913,0.00030762667172103966,-0.005460291425547381,0.001961996002734262,-0.006661100137428488,-0.02762488089663842,-0.012975638214125063,0.0024085614865921035,-0.007086384041751892,-0.009596277640398138,-0.01313399150888055,0.0021570930818907313,-0.016129783847812523,-0.012757963682873928,-0.004108583577904342,-0.003704053566793722,-0.008840987553965651,0.004142899377160281
2025-02-10,0.004666364065587096,0.03277449333004538,-0.003495321242474453,0.014265892395597557,0.006602160554937231,-0.0035357475768142263,0.008643795034212332,-0.0016628355355217024,0.013124676886938014,-0.001619275355879285,-0.008719461355530977,0.00891545152572279,0.007688585709654644,-0.02115364929305008,0.02697670174613674,0.01541627772619883,0.019505839274537817,-0.00036149795910957183,0.026499359758449102,-0.0015235983590505136,0.062947898644034,0.0024032221600124065,-0.0018016966374826654,-0.012125708111330376,-0.00928659739926423,-0.014876207190078733
2025-02-11,0.012869883529259957,0.010343565749208994,0.007020485888140748,0.020773609037020614,0.028185424304079797,0.023601181852504306,0.005179567106305583,0.013919658890944606,0.03036291825470556,0.012711979851437872,0.0025811690335447537,0.010086898258835476,0.0034342011373034607,-0.022835090647654155,-0.009864771917987666,0.02787373156520545,0.03844266907753087,0.021961808975062516,0.011699484106056668,0.011010598349743059,-0.003265963595511151,0.007033599304736057,0.006870233254896092,0.01615331747106195,0.015524584592633135,0.018156633738318856
2025-02-12,0.0028264654813974876,0.009033579461472574,0.00530555864262601,0.00790892140328949,-0.001736170594463659,0.0004409946855503549,0.006469828233756797,0.0050905331211144505,0.0189215474415912,0.003014034386920039,-0.0056153322198478905,0.000924134677948113,-0.008563900570620037,0.02012628846104167,-0.010919898596622818,0.00347594688863917,0.005339237550638876,-0.005386550114393582,-0.0017919979856848677,-0.005653831884320171,0.00385675995159826,0.007171876551032431,0.01853129503077652,0.012111299308545884,0.006781596985370025,-0.018950996295680006
2025-02-13,0.002592302932657577,0.011570747997886498,0.00858510162620478,-0.004470524958098687,0.0016917773701461871,0.00634015293788711,0.0013896958968389606,0.010765256497272021,0.0009303025683590205,0.006129971615607544,-0.010133804397014798,0.007923532861240219,0.00536895848788671,0.025770053896451733,0.00044336455267936226,-0.010702147324190281,-0.015627760145717207,-0.008437584118652933,-0.00020300461387320334,0.020386213909887634,0.02124423997124547,-0.005470535189009994,0.003416993273037683,-0.0038208246024794296,0.00013214143381028441,-0.006386252588289981
2025-02-14,-0.006995402908919406,-0.025758896755317708,0.006977598030987894,-0.01865593430572911,0.008246874596963749,-0.0002945534092955522,-0.0031107770770672067,-0.010139893348423393,-0.003341445759047046,0.0026769838136764036,-0.0008945029420988996,-0.003224872019815053,-0.017722213586494655,0.011325625422404367,0.005021558125226158,-0.01588973694031362,-0.03235580827480152,0.0022633387925119625,-0.014089190871162416,-0.01251563776284073,-0.030593766833931862,-0.00943845119660415,-0.02200748820525952,-0.0040051715494172175,0.0005612506550770113,-0.00964525634220234
2025-02-17,-0.0051077233737518365,-0.007618935072120936,-0.017201029453639508,-0.005040173269588277,0.00019152504609077457,-0.005462356069440233,0.0027781357060162213,-0.013268443170030952,0.04251179412850796,-0.004936102810683907,-0.010408984072612296,-0.000522433205287758,-0.0014366822241329569,-0.013596494513842095,0.021695471000068148,-0.015804905817870474,-0.01320597603990085,-0.012274620023375982,-0.015906477274281083,-0.0036869045779844684,-0.028651397854165234,-0.01847874281979444,-0.013307582786244943,-0.009105327367362052,-0.0028259099558203913,0.001025898317953633
2025-02-18,0.0103613170323285,0.014527718481719198,0.011168401542433995,0.011786219850482338,0.020167174286738622,0.0006774923686674995,0.01740209243476944,-0.0009447191429513743,0.018883168214951018,0.011037017735586824,0.0052125982636899715,0.007800771772468074,0.018334895608190644,-0.010556775391594303,0.03924000622211121,0.0183042920968694,0.01690883508591967,-0.002603906885857682,0.0239630911090859,0.006642037837230941,0.01684098588837951,0.011043219644818927,0.007848148256460083,-0.006457497091233814,0.006058151016814228,0.01220290294914489
2025-02-19,0.00629881180734656,4.029229229588482e-05,0.0041358286882507145,0.0009906805663445113,0.010806323989642522,0.01030786356396444,-0.005126332184934962,0.012563542540916081,0.026575761698825716,-0.000455451693406711,0.010566229605594427,0.012676991940583571,0.01059570184510975,-0.0027801356682490563,0.025208582260592367,-0.0012535124561280642,-0.00460196583932172,0.0013894588724654017,0.008044616467747989,0.024374734201566068,0.0028845493841959113,0.004521320758050732,0.003581511896092055,0.004928960103196662,0.006678126735050788,-0.009594831381719016
2025-02-20,0.006561697951015001,-0.005518343527922886,-0.005173203087808012,0.010300763793445819,0.03346902874651359,0.01463607944238484,0.005054371838269789,0.01535327891810954,-0.007857731517837063,-0.0004094591470815978,0.03741516851536344,0.0010683013529290963,0.005986122072866884,-0.006862226353053419,-0.006926854751535871,-0.0015715439563030453,0.022850360358165334,0.006969057331483314,-0.017499937992264104,-0.0004913703352180507,0.003720620531813823,-0.003482556224502588,0.010901384304958286,0.021142205010798363,0.0019596279491959135,0.027663647051114126
2025-02-21,-0.0016162167148766964,0.001333657381750264,-0.0030275675825524456,0.006155525042733312,-0.036298982261690295,-0.0009371151434621925,0.00036490627526111763,-0.010732572012966466,0.002507895691410211,0.0005275269300395513,0.023043452301063822,0.005008351187121518,-0.008699880319691442,0.00511443975633144,0.005362028034666719,-0.010130819336292923,-0.014017932778803444,-0.0056195754015095495,-0.0075658898680750816,0.01920093513510555,2.9005781919305695e-05,0.016059792888521107,0.0041374577251335354,-0.0035025544249934573,-0.0011768884365757181,0.0027764235103866775
2025-02-24,0.0021057087800123416,-0.005050033792449893,-0.0030594569196597116,0.00540662944450847,0.0104624385510197,0.0036115081224384485,-0.0015782015173098685,-0.004425452377538525,0.012142819311473697,0.0021468782009437305,0.03664976939243384,-0.003962502319573758,0.003387976397657866,-0.0006745851518962787,-0.01562158796415157,0.01870871728068918,0.001267921737897304,0.0002780132388208595,0.004194233395013636,0.025258031466385167,0.004877760875531878,0.007296411306710002,-0.0014293512981874026,0.002379126243321976,-0.009538853473469892,0.0033246587667123684
2025-02-25,-0.003614564435895816,-0.0057952601198507205,-0.007735445619316633,-0.011083576386174321,0.0010260992932764024,-0.014871690086549948,0.006673787707258899,-0.015762776039442723,-0.01743500853721931,0.009142125209326463,-0.0007145142386432712,-0.004648528533911713,0.004561491476123725,-0.007881130230474181,-0.028577772153539543,0.005550638853075163,-0.004349896464081871,-0.0020643983313920616,0.006569755129415123,-0.01294213994933191,0.0007336832393969872,-0.0024996881352744235,-0.009553844864908932,-0.016666637519159682,-0.005870152649810646,-0.021025433545603378
2025-02-26,-0.004067689057466912,-0.0020266331739653754,-0.016678872833085417,0.002992829506721084,-0.0021679562368785332,-0.0041248256542818496,-0.003081975953200555,-0.004523634637048866,-0.006499107943465421,0.007438975553133869,0.013934446981991902,0.0037387943626316865,-0.013149989873265067,-0.005114784648638571,-0.018452406716543593,-0.017817822494167634,-0.008563299639630062,-0.01206142825326098,-0.012648891648113092,0.0026660873445811728,0.009630845919063491,-0.005662501799683785,-0.009130664806429743,-0.00455577741662851,-0.0029790772269377487,0.007897586986496397
2025-02-27,-0.003229845204426207,0.004194826204596413,-0.011932511208582172,-0.020592123039338345,-0.004238711510482614,-0.003843464433341989,-0.005980283146554055,0.004807830912379203,-0.004033500979217175,-0.006631469119816186,0.016717430086725677,-0.006717576810106476,-0.0035989774906188985,-0.0012090145396685958,0.01409487107351895,0.00489347066494672,-0.0011322777692404195,-0.00628062176778138,-0.015879965545249963,0.0031302960885552906,-0.0018414454333570696,0.005049271402105052,-0.0030523444212555073,0.00216659794283376,-0.014682695307402604,-0.0032739161463222477
2025-02-28,-0.008360547374657155,-0.013583580529071248,-0.015284039950595643,-0.016096523009319685,-0.0017460118388931264,-0.006924940887267519,-0.0016954901859511152,-0.001987285141356978,-0.011462071104615302,-0.011877489282593391,-0.01554615618297465,0.006433861441139353,-0.015262923413193925,-0.023806500540360348,-0.019762315192282817,-0.009238013059788053,-0.014040077811940898,0.009466375665316842,-0.009317506665069097,-0.01931201141966609,-0.028568041435100083,-0.006208756853553543,-0.028846185666731212,0.0008541903836304026,-0.004825588631167188,0.00768642580571266
2025-03-03,-0.01130161485391543,-0.013946636230196763,-0.010035864396243904,-0.008621744325687141,-0.014187181794365518,-0.013210572218961783,-0.014092589521397386,-0.021870784451687275,0.005753191227253374,-0.018332391329816542,-0.020903676597208338,-0.004652657685371736,-0.018073633039021902,-0.009686784354481698,-0.0012964176947282552,-0.006331054626925292,-0.011828450239804993,-0.011658805387812762,-0.004913904019513993,-0.01291130576642245,-0.014355655547762525,9.263276755899774e-05,-0.014412424612817989,-0.014172088219927392,-0.010672369899415595,-0.006357886812503433
2025-03-04,0.0025646838122946,0.009606804680482927,-0.0021143565080477544,-0.007480431440478312,0.009186828256169304,0.008856450636277257,0.004341991307993903,0.008640047972910597,0.021475662502486937,0.0010452147298966874,0.019095124788291135,-0.01961130239971405,-0.0016474458699540727,-0.011984373196360837,0.021630623985599923,0.0066790033868888155,0.011411659386438757,0.012659678235567282,0.028263509195315506,-0.0043350575769448485,0.01592418156751435,-0.011938729402605017,0.0036941935094215567,-0.001333525697390033,0.0007517095187018763,0.0071468787061539085
2025-03-05,-0.0013717058203448062,-0.009571042181441669,0.005212382798933796,0.005576980757174814,-0.002750866016309616,0.006123373323882253,-0.0031107765036084757,-0.00016175592914948375,0.004579410550582086,-0.00021851112480721356,0.010561776631940986,0.003013867215736198,0.006056402979174191,0.006648174719625033,0.015610048730521266,-0.0080429847488179,-0.003275375901551716,-0.002898296432481684,-0.019166093741341407,-0.006523847158868311,-0.014209068278231568,0.006104659291692159,-0.006316892372301351,-0.006229661626545188,-0.011639289178867135,-0.018963078174283277
2025-03-06,0.00554703856395316,0.0008199762958486234,0.0025988715944604834,0.00019648778462083571,0.017688042286105956,0.0007619035385354058,-3.242908819733326e-05,0.0032650927189016667,0.009644654547181618,0.00042117416580204626,0.03169212329175538,0.00013944629132245367,0.014825700698341559,0.0025993334004413837,0.02009685714202042,0.04026391110234101,0.025715239348296684,-0.00740392700039845,0.004643736884201244,-0.001454046180055259,0.02588675488872616,-0.005052473255600772,0.005958307199404743,0.005296455999076873,-4.336518206007334e-05,0.0032452513395983817
2025-03-07,0.006567154394198003,0.003901869960389337,-0.00018300665034183539,0.0035883912036587065,0.024499205119632245,0.007312388051340123,0.010547841274531516,0.01959843288700656,-0.009738669443800241,0.011719168600852564,0.0019806528958813963,0.012529983766424323,-0.014117596400424034,-0.012743777622320346,-0.007451440588363348,0.006689918977627718,0.01466292503876105,-0.0004397383291130236,0.005657893936579406,0.008790745708492627,0.016913760711706582,-0.005621619193060764,0.010284581575709027,0.010614595542225868,0.003301689856380463,0.0034165953764785095
2025-03-10,0.002094962392771068,0.008091006557877001,0.00039117120607327915,0.0011433420656416875,0.0038575877463724335,0.005910748750820392,0.0061721907468585465,0.002279241809676693,0.0326197217419826,0.010214703673470263,-0.01320704393268172,0.008344408779824657,0.00956166456695361,0.016839021029644685,-0.009914234198271824,-0.00972620281913586,0.0015302230899250338,0.004715040979121371,0.002443705984303176,-0.003131553221617091,-0.010001079457186618,0.004448443472470736,-0.006053610603035434,0.00412135015402975,-0.015005580673817404,-0.014476460371484812
2025-03-11,-0.0039553744894251725,0.000941205630601194,-0.006993231718822823,-0.007048302493682472,-0.011698804129998849,-0.00026899291866768876,-0.00011096637299547463,-0.013051449409913882,-0.0065992970074601805,-0.0015828051997165526,-0.007004443189700875,-0.00834248828186424,-0.005371928594492111,0.0027765040105184324,-0.02361440468724926,0.009515582049548943,0.012711276167115378,-0.002739952805917059,-0.008316790891529702,-0.005698792529160145,-0.005385639824394994,0.006656806097681045,-0.004122590006528363,-0.01090690647705431,0.0011698090714938587,0.0010417755352729596
2025-03-12,-0.0008322260073907095,-0.010646598064574585,0.0030564587346731675,0.0082076784570387,0.0014032389456089108,-0.006123655234229653,-5.422790478860628e-05,-0.004983302689636343,-0.005660628628078701,0.009007381585943918,-0.0011427165398827377,0.00847224490437492,-0.008213492517541804,0.021306351817913488,0.010639799733606778,-0.0008561208100343332,-0.0003195637316021488,-0.003429841119599694,0.0013149084705716297,-0.001551610455381983,0.005141493587616175,0.0035468161808174248,-0.00044979050993471895,-0.00914922116363865,-0.009382248814537747,-0.011553176837897666
2025-03-13,0.004847911673544028,0.0036608060981495162,0.0011936341381848792,0.0030908298238704335,0.02247536331255528,0.00018976661926306537,0.001604257530262171,0.0044134516575647835,0.008769605463165232,0.013168813189101741,-5.652217643522158e-05,0.0030905616449200474,0.005603187605473814,0.005858770073760955,0.0050496848393349475,0.0031595747586936063,0.022146026479025763,0.0021010342050208075,0.003687355604395959,0.0031816605569593426,0.017302695110413935,0.002354406743282904,0.009268257115409231,0.0012086660057766818,-0.003490809926188465,-0.0045457154781139986
2025-03-14,0.0013829580723764105,0.005361827111359163,0.0019040695984883782,5.4106369633988294e-05,0.002311385497045969,0.00041501688520477985,-0.005987490571001819,0.001410744769735119,0.010284856083912474,0.011159685299597022,0.006060261082207048,-0.00025580976283000475,-0.0007211498007071905,-0.0012653836307628952,-0.005330194454357324,0.010572336048194436,-0.008880558488481904,0.005409030553897201,0.0007583124981646927,-0.0009181368418250442,-0.0006671282278633006,-0.0020369477346942194,0.0036410631584775483,0.0021877569871028477,-0.00015519940423618371,0.018612258495423473
2025-03-17,0.0017421367922506028,0.010930941649225168,-0.001535220227619788,0.009340277900502403,-0.0036590175107396494,-0.0032055064476890095,0.0014302186624218117,-0.0044530159230836515,0.011314988814662818,0.004546302513593159,-0.004655233201500963,-0.006667757819214049,-0.0005387053280889176,-0.002419761822526123,-0.009787465596078987,0.02175694594028324,0.011782802339837405,0.004922851373432818,0.010000250029152547,-0.0032053858494004517,0.01587036705909084,0.002063369960427927,0.003978967226456845,0.006318934764612684,0.0008068178855933861,0.0071907511938271995
2025-03-18,0.004336031341647769,-0.0009088691904893586,0.009372527146770074,0.007977170343077747,0.002352564139818671,0.00265931801106134,0.004105723076014184,-0.00011578887816992196,0.020185569310992867,0.00869446032247847,-0.005060426520870391,0.006334028347351101,0.00036753657995555744,-0.0029746017597972185,-0.007610636425728415,0.0015473985925779643,0.0008101824425516361,0.0027831429623224185,0.0023023967785861243,0.0036188448523682493,0.013637581150410971,-0.004986701649366085,0.011562537346814934,0.01650679546288177,0.0028311876154192782,0.007479716636977191
2025-03-19,0.0062817194487069135,0.011062876125186838,0.02318647074694495,0.021456536867079,0.011148220328878862,0.0018233386783398657,0.004404641764249834,0.010065753760369112,-0.0020194037880958858,-0.0031480528401335696,0.0020262430365115733,-0.00036852430802482755,0.003019475565937624,-0.007979460974641694,-0.010222799373807448,0.009287191922299626,-0.0026412645263745255,0.00858764312574628,0.0042322300114399965,0.024083506264438677,-0.004539624663841613,-0.005019890702265134,0.02308719362375952,-0.003220596561873463,0.012251754027173678,0.014020917877713146
2025-03-20,0.003462716017944497,0.002539149829484222,0.01575455215671405,-0.0014399175946195886,0.0013436473613501624,-0.0025970283114262515,-0.0020532915278177175,0.004788749848698305,0.0035912304519702285,0.0008224319063284913,-0.0035776340029979683,0.006568799057565361,-0.0061502443318568415,0.0010965628214730794,0.025472567297383786,0.027171850636712347,0.017472690772595674,8.463593898362654e-05,-0.0021254861140852397,0.010247523481454444,0.06339080960027654,0.002596237977001838,-0.0022354618842526574,0.0036410318700975733,-0.001758708104912854,-0.013264911371925703
2025-03-21,0.0032695164836939656,-0.007297967748658052,-3.5106568297554874e-06,0.005670040930143871,-0.0058067235185331224,0.001367926405399581,-0.0068147879962866765,0.0023914811723675287,0.025845091451938786,0.005169792995332273,0.007117229120000457,0.0004472904882322507,0.0060344719528419135,-0.005321720374555028,-0.008462734689588108,-0.0009795946185575666,0.013998205253371143,0.01361371326606442,-0.0017021819094757307,-0.0010649890027048525,-0.014843315919148253,-0.0010081483080461862,-0.005667889319188372,0.0224837678644149,0.0187020388790968,0.01258510689433573
2025-03-24,-0.007642521490915455,-0.009226054628718661,-0.005175327192936299,-0.013879106119121309,-0.01555577373937412,-0.0023976963231256976,-0.004676854117468712,-0.015191841644882437,-0.026924215412757635,-0.0010016831109338875,-0.015786164187983103,-0.006863441347143562,-0.005695282002861063,-0.006451819982477847,-0.0086472912192809,-0.02474708521736349,-0.0157820577070304,-0.0008274887327618524,-0.0005669380479540242,-0.006641799819152773,-0.02783484313544468,0.0005761339678962863,-0.009425752446688132,-0.008813080093780673,-0.0072790863273800525,-0.009425972190587606
2025-03-25,-0.0006963496239819749,0.0006566175201916824,-0.00042348630008860744,-0.002716040269692105,-0.003329622991560529,-0.0007936761960762171,0.006200458919654571,-0.006729887881342285,0.0028621096997258344,-0.005411008724229599,-0.0028888111334010405,-0.008599957591769633,-0.004308607855377284,-0.003768385033761923,0.01755725906579897,0.007667652840609884,0.0075123228233811255,-0.006118565060776224,-0.002333630398787534,-0.002995863073379338,7.871396384737106e-05,-0.007110933450848352,-0.012763920171080165,-6.278751084847705e-05,0.01343845027854838,-0.0007478531925231846
2025-03-26,0.0019578749621460196,0.006600759886540064,-0.0025278830624033133,0.00649832981240539,0.007488913333633453,0.005708847792011109,0.004158805377939439,-0.0012690907327510825,0.006812745545736493,0.003194942350388269,0.006772270095788217,0.003865897226068915,-0.0009667016707359755,-0.007765321901650496,-0.01447628824318765,0.025605483492348702,0.0029759589217220636,-0.009372025955849891,0.007660856255646586,0.005497168027168732,0.00042144170590061036,-0.0007867491512819971,-0.0026400489108701153,-0.01434289847153809,-0.0003910912624317823,0.02158896759116069
2025-03-27,0.00013750042756419608,0.0028284628039366598,0.0013388452049125504,-0.005606403808112874,-0.0026373841055439863,0.006677700366142125,0.001308719445964954,-0.010027557982154026,0.0003359201148152247,0.00024139277571011975,0.000886210059701816,0.010496226012284551,0.0030544985666854404,-0.013089637567370471,0.018776558116184283,-0.0020393914375690936,-0.005679645032924244,-0.006157537373730829,0.0007707557693269363,0.005760841899139237,0.002222569576363159,-0.0028210542818833135,-0.006678103399614721,-0.00044587577161557074,-0.009069290533237179,-0.013321700344642917
2025-04-03,0.00538153194380802,0.009051224608795172,0.004835293860339845,0.022519386515103212,0.010293645884627929,0.014508114136477013,0.008490727692701193,0.013827441646441785,0.012456946403902158,0.005797261165143697,0.0023312369109974584,-0.010325772485758646,0.0011188705468814398,-0.008942312676953473,0.009456708802962038,0.00542242255592279,0.0127409384986896,-0.0030718310206512695,0.010979735980792415,0.005281387488929249,0.0026022138908812775,0.01197662942665334,0.0029340119358236866,-0.009933683053285621,0.0022482863536401,0.0022714452873131563
2025-04-04,-0.00276184803114254,-0.00035661581656644127,-0.00430886389595668,-0.015036214870307837,-0.0014888492103976483,-0.0028001450346872613,0.018917545059690583,0.013124787773836494,-0.0022057828373096998,-0.0109968486300829,-0.012063243857529845,0.014365220136194807,-0.008110858262742843,-0.02833793031411655,0.003032290578593874,-0.031334966318670776,-0.017341680082905413,-0.009098291888182841,-0.003158061418279001,-0.01879095347896807,0.004408073275543656,0.005316271440896873,-0.002808918463070203,-0.0037521323028514913,-0.010997715541589225,-0.010184310893788823
2025-04-07,-0.0368309500317785,-0.03693786389281435,-0.042048299863539196,-0.035738779836162735,-0.0351189536622426,-0.040265440803544446,-0.02416129185662038,-0.03342424986887927,-0.038891131453679194,-0.046728025640329844,-0.021767862898854833,-0.021468483961651214,-0.04575993708047983,-0.048422200810228994,0.02663473867247243,-0.047144509069320106,-0.04744120640385899,-0.04102147813737575,-0.036369778483420226,-0.04364312017873084,-0.06817125601187637,-0.018174093377560076,-0.06072540841283521,-0.0387952702921511,-0.03860736285005598,-0.05480218171930443
2025-04-08,0.00948424668056862,-0.0008551325958048861,0.014401969386338254,0.00039074684842984225,0.011198689240406005,0.018862664638445804,0.009519831154319168,0.006191096725096564,0.02928974706064371,0.01835209788376136,-0.0009024207851560662,0.0005919896605030766,0.02670566637770653,0.007629931362864634,-0.0040216625304298065,0.014349770206622064,-0.0010983745949792272,0.003172663949511975,0.017885996469821606,0.0022971830517632013,0.03881163455825132,0.0004576347974730513,0.007320351059190837,0.006512774561754008,0.004562299346726551,-0.00584693622410995
2025-04-09,-0.011386898773027765,-0.014388592346705486,-0.015409899584527043,-0.025925487117724,-0.008204512117867279,-0.014033573685877543,-0.008452597195356678,-0.015187473161505724,-0.013045134902484734,-0.010024151789315445,-0.01998351578952882,0.00017609154582796105,-0.014713787503613279,-0.03950154617047935,0.013467834603317616,-0.016265360992468364,-0.012315279787573852,-0.006453307071063438,-0.010532022900212278,-0.01020349933959147,-0.019295249369514073,-0.0019305014272592916,-0.023223117789850194,-0.008576027959409963,-0.01697614565232272,-0.01273067155533103
2025-04-10,0.024729176876200756,0.02335153076746386,0.016787710187953775,0.028842296630987568,0.030122291708126615,0.02376966822265723,0.007422713149566762,0.03647955406363402,0.007040424880275986,0.025375424218902598,0.038948327525075786,0.015511763860423633,0.018170095266120113,0.0424715304163395,0.015197980998284427,0.025221901413222836,0.03282439831493009,0.01242886110824866,0.026450767697951228,0.0332703854035093,0.02660477184659954,0.029849738352758177,0.04156253663006277,0.03318877792513673,0.023760358717509263,0.025282834838146917
2025-04-11,-0.0036454098529273026,0.006448319973521588,-0.0064554076392789456,0.0040023823719411485,-0.011132011160239404,0.00017408529416323688,-0.007896742027708105,-0.018400062902743364,-0.02916240764671598,-0.004941970625054864,0.013423580842283919,-0.001967550114581512,-0.006673211582168681,-0.019559661390297328,0.0062156249997075,-0.016725205113070768,-0.006035988395801612,-0.005123239157861101,0.027480723798368432,0.004039067193186884,-0.012009245084554337,-0.01774645036438527,-0.008749816595325002,-0.006533689085823574,0.012231314192914981,-0.005955895744350431
2025-04-14,0.010683210873743278,0.005872584759123711,0.0032513707876851705,0.001954704592381266,0.0217299508486741,0.013236793654061945,0.015218760857563633,0.001590328768263899,0.0062198267348747335,0.021031169370174962,0.019709544632586246,0.0010489942951713515,0.01680494662068509,0.010956142815286535,-0.017666581618185115,-0.001444167141659125,0.002933774308423071,0.005865353334715578,0.007950256621997475,0.028423854453223842,0.010537955988580677,0.02134487017471712,0.0006035102205449053,0.010948552175827228,0.002747578054682854,0.009291684920483045
2025-04-15,0.00845769981940533,0.010617211839491048,0.0006539621130133844,0.000596661753879646,0.004438903152756942,0.012279208203240397,-0.002807871987238022,0.012080481539237973,-0.0074552991366974245,0.019002284219909533,0.002182940082000743,0.00035509451520071567,0.007558840449682147,0.004009723032332768,0.014043072793354941,0.0038867841303172057,0.013571738790829735,0.01567317069818465,-0.007581448145195235,0.0029992730048343874,0.006767294127001833,0.005494741594172861,0.02218541280896385,0.008481856096376717,0.018372426987679567,-6.943385968535831e-05
2025-04-16,-0.0037292506353154707,-0.007682800099760656,0.016192629467210604,-0.0009741247440848922,-0.0107884022861132,0.010354405379613928,-0.002065930489912443,0.0032108738415209206,-0.006336438509647135,0.01459069483658701,-0.006963368651429398,-0.0005857812341377056,-0.015472995325759025,0.006528803853873055,-0.019822253455838088,-0.013999871374661327,-0.012331917810330915,-0.009464624330184926,-0.01656812384283387,-0.013560798129341902,-0.01765374516914589,-0.015626106021717115,-0.015935666820833812,0.002508810535875641,0.00352633852826304,-0.000508408385061665
2025-04-17,0.0057154178649514815,0.00836442908722047,-0.006585789229797273,0.001654413215087569,0.013067281813452533,0.009979834468976224,0.0064945101972493716,0.021329624963938865,-0.0045830643596848075,0.011092262435599066,-0.009206107835852259,-0.005945103434052745,0.007089205075526478,0.013840997110172226,-0.007538501647369383,0.008506311158872237,0.013032847573233555,0.004252548879837531,0.0007084078491289928,-0.001144896933123902,-0.0018854569198841764,-0.0006563792774054722,0.003886221979036914,0.009980089571342048,0.005629249764317884,-0.013841006824188429
2025-04-18,0.0032478592667796007,0.024912828581247715,0.004620587587173611,0.009284141591814076,0.007447117367308879,0.012212105451582958,0.005403821322671476,0.008407690701438125,-0.015775380711545984,0.008292135969224373,0.00946391886118697,-0.007661381859976013,-0.008059387774311328,-0.004395843802593308,-0.003295741814820924,-0.003038617400041105,0.011648138856918708,0.0016868841206953838,0.004142627238361218,-0.01333823016704061,-0.010916705399370757,0.002425072869038695,-0.004483305649507409,0.0016456781869549784,0.018563037392420437,-0.0002483755535103993
2025-04-21,0.012123230228199696,0.00799453224162735,0.01854949129619779,0.025280285475017445,0.021340579826871403,0.006402022126792312,0.013164857919332985,0.031977252772995075,0.013594751515767767,0.03245580844619905,-0.0059156337998994,0.0045033945352901785,0.016364257472213768,0.02391103204004602,-3.514515762852166e-05,-0.004015290049116715,0.0118023139331048,0.0020170504985824317,0.0017277841609264599,0.010134915521473704,0.013882700434480866,0.002750208119061102,0.0018312584782019883,0.007256471650176557,0.024381390145730715,-0.004639328381822461
2025-04-22,0.0063863235752071755,0.005019631974560235,-0.01747503587499527,0.012713922743798437,-0.004008423093219367,0.006024884521447396,-0.006541804246419469,0.02031000131732717,0.006267746875875657,0.026815480880721866,0.0026254113373173995,-0.00831160033279837,0.016889600071834904,0.0003241043287267875,-0.01033429315788073,0.0011580628372650503,-0.0055350081640833165,0.005327886974236515,0.007781807453461198,-0.0030210114960199574,-0.017352670005366694,0.006680868127156327,0.01155779822785767,0.024325091842095664,0.022269973372009966,-0.007245310274434064
2025-04-23,-0.007999254135412099,-0.00779400834448205,-0.003386980670512213,-0.020189118447816734,0.00417651582911252,-0.01042423382294631,-0.015088590826637775,-0.021163557187131293,-0.005278183200681763,-9.356642428806627e-05,-0.009344438423027216,-0.010519363795575786,-0.012888316950549655,-0.024507965573779183,0.00021460102116112323,-0.0064722621433356,-0.010390048339126552,-0.008444404393838478,-0.014449956958286136,-0.00933427972260753,-0.019008537731885905,-0.004462001286850391,-7.004346221416753e-05,-0.01592640275066743,-0.00017141292573920696,-0.009980155064814894
2025-04-24,-0.020165742801182912,-0.022150432359089655,-0.02941687033092899,-0.023915000967131728,-0.027575907291707585,-0.016970687291515022,-0.01609108146716626,-0.03140205010874882,-0.030720788915577658,-0.02958657194448146,-0.03184449526638158,-0.017007565150745804,-0.020223066664930716,-0.007156990660580204,-0.01893718160577952,-0.018513537444403677,-0.02591762119398168,-0.01408042463430588,-0.025471512236427275,-0.005682835866471915,-0.043349428236498094,-0.018360802471444324,-0.027813688479110026,-0.010120933727602317,-0.01542826003778959,-0.032949854067637785
2025-04-25,0.000997523849196859,-0.008489784507729137,-0.0024478344092753734,-0.020948400751817736,0.004612083879272658,0.0009151760420168812,0.0013230908449761362,0.004381055935476043,-0.0003931484953686004,0.016272263396357338,0.0030044075539159185,0.015747005137338517,0.0015343052506219608,-0.004331201022056336,-0.010785450618565853,-0.007839934931827663,-0.0024003432923655043,0.007075833298755607,-0.011105355772794367,-0.013800426367215393,-0.024515205772978554,-0.005689628374422398,-0.01353323641442745,0.00012429797338075379,0.01546437335555977,0.001894409375545164
2025-04-28,-0.02121860041869539,-0.024348957257485048,-0.024241969148489168,-0.007333903545459708,-0.02731286359442233,-0.031990820055638594,-0.005732455130387717,-0.022935455983822878,-0.011199981623068211,-0.027489373631901688,-0.020997123650766964,-0.012767359423465218,-0.027548641618165885,-0.019949961036944075,-0.025858149847953066,-0.01725433345140706,-0.043464918744363486,-0.02586373624260878,-0.032536675679756766,-0.01202634350677104,-0.05577627735718016,0.00039670232915812315,-0.013935889864948378,-0.014054855599444976,-0.021538125802349085,-0.02855870340706909
2025-04-29,0.005604802785656461,0.014693252801942235,0.0018822191831274065,0.016647806294479595,0.0057190622284762575,0.0013576844755822308,0.013449775189091412,-0.0022613943902387856,0.011861421051900045,-0.001695128296713372,0.01829986728075809,0.0004467543948088255,-0.0013558821904521567,0.006407466549778196,-0.012242278832378203,0.002312885461545733,0.0200721413076606,-0.008325865697607973,0.002971122416184957,-0.01069752301962229,0.01863516296218687,0.011469887579376467,0.00596346403364058,0.008734955987348048,0.015576363875795867,0.006547862911534891
2025-04-30,-0.027609493925887282,-0.03963818862574523,-0.030152734358149483,-0.03794879058171365,-0.03527151877740263,-0.029072033755908288,-0.016660362398982224,-0.03291425133684478,-0.031196264672041663,-0.04030638982474341,-0.03180974913782616,-0.011259754986363441,-0.022183178286832694,-0.02821821884579334,0.004458279791871231,-0.032159480243241056,-0.024712161784159765,-0.021840484613057112,-0.032506290278527694,-0.031757424710844084,-0.04964623867352824,-0.01428483955103138,-0.035066512204513026,-0.02426000416419154,-0.03782802386624343,-0.05317031626659921
2025-05-02,0.02276940821549431,0.02492021289450892,0.023247868876261485,0.04294991287825874,0.03568922021037445,0.021828241603927396,0.027384333880554577,0.02405520485976828,0.023945213711933987,0.02033780959536165,0.011075009569630664,0.013843596253395974,0.03385128658060471,0.04022240591501708,0.03693790644938702,0.01699009364791726,0.02964745752623325,0.02203196456030393,0.016127859572268154,0.03114753911199895,0.02875474234538633,0.012399014731030016,0.022789802174190323,0.007199030891234532,0.007794260616946125,0.03426519072447881
2025-05-05,0.012910125984084355,0.008624661465867257,-0.0003201343190269157,0.005808129679256664,0.03224304474622156,0.011187661598067371,0.0004466896713706726,0.0310614634072565,0.006864485416086375,0.008681837416885007,0.006975012695876211,0.02083779621797372,0.00978590739172105,0.0009671743211585038,0.007149552107358126,-0.00990856955797556,0.024298446200140926,0.014903694623095334,0.00912963732060459,-0.004171235776245286,0.0034438825153865205,0.0168112576983701,0.013145949640741466,0.009083327543453468,0.021041748167230583,-0.004069598860237722
2025-05-06,-0.0013783827556653778,-0.006107153116138397,0.002118574240115398,0.017195816846345597,-0.010768220680793058,-0.002866033128186919,-0.01092755748121659,-0.008688770567729728,-0.014958408095709298,-0.01647141234572246,-0.009046792799149753,0.000753759908828805,0.009492164305343864,-0.018954924009541685,0.010124768335108753,0.011530317446331428,-0.013687533223227712,-0.006115801629716866,-0.0017975135813082742,0.00016226789653284962,-0.0016403031868904294,0.009077366363619659,0.009394442011896265,-0.005648569667893177,0.0013459131872322395,-0.007120218398791123
2025-05-07,-0.04266330377774082,-0.048132335913667355,-0.05401362356229668,-0.04240577141551386,-0.0484351213984881,-0.035149637834578744,-0.03270643924901673,-0.06358569309569588,-0.04456749069423131,-0.04538496999227553,-0.04405295696139996,-0.025788352616253497,-0.04828253736709192,-0.04348039575390106,-0.02222605128072276,-0.027904926807858443,-0.06875132415333982,-0.02804292072431326,-0.036697278534351396,-0.03627327763839321,-0.07542940839149256,-0.030186875148954975,-0.07005086609196214,-0.04002432588949222,-0.04180086914900758,-0.06163183726740784
2025-05-08,-0.06900388932527875,-0.06499703557834946,-0.06692416935700517,-0.07359029582961968,-0.07556090255285045,-0.07161684366443075,-0.048477160728770875,-0.07627730342595032,-0.0635726985728798,-0.06445432231802861,-0.07800247315971653,-0.06808651832814573,-0.06647180406189424,-0.07265665704841709,-0.02437491395787833,-0.07905839973068979,-0.09397970336666873,-0.08372598393125398,-0.08117748363117128,-0.06711812775456535,-0.10752157312529262,-0.0384190782481735,-0.09043217186962053,-0.058841345645922576,-0.08480331536343383,-0.05217467271459225
2025-05-09,0.02514728069456195,0.004282926977872437,0.02605890992963633,0.03416783518582637,0.043256328919715564,0.02095984032254888,0.033547280499152156,0.044996151985238715,0.022545089257407724,0.016770220474956986,0.05697002878267184,0.035326489946278815,0.023067899695206673,0.020499923102656387,0.01316631830738553,0.05541193539176331,0.02581034613144564,0.023909965666046695,0.015362138621712674,0.025364445479259985,0.04560836148856662,0.02779986670928869,0.022843908929447647,0.008526735254557861,0.0030477470426347976,0.049716717788615805
2025-05-12,0.08970303246925639,0.08924722072144084,0.09464212805580735,0.09243979257876944,0.09792704499573168,0.09288435766562755,0.09039244481864167,0.104091276086038,0.09787585291016607,0.09238888037177283,0.10083256005585765,0.07542974246252648,0.08917997993870634,0.0840458410414186,0.08284746147306093,0.09769750260287963,0.09633570175361578,0.09403579166706308,0.08799224023241414,0.09733166222073082,0.11397965593176884,0.04746567975104201,0.1254322303765154,0.07598910980745412,0.07052657770022432,0.09616484006684001
2025-05-13,0.008764033173160648,0.01751048181985687,0.0023578060740000323,-0.002509390473784475,0.03526639338031814,0.008633215598493704,-0.003930235944430912,-0.008795805142950225,0.010721643291564397,0.015136084760940116,0.011232109698730305,-0.0071321579822551774,-0.0053443542990981915,-8.892965599555103e-06,-0.015627951780709637,0.04198479970883273,0.05439533914640265,0.005228646695550412,0.042835470276290345,-0.01074887019570897,0.04849000256231953,-0.006895352532479783,0.02540531874854169,0.014293499614913108,0.006881282282571339,0.026069069000190626
2025-05-14,0.006818765845957486,0.00033036559137490374,-0.007180893301595506,-0.014693527581882618,0.012034467228172181,0.02243352822563917,-0.005371248672622432,0.00035157974228765726,0.025274354735116744,0.026861682649665986,0.00801198882584947,0.00437872960574266,0.01559452287350141,-0.009189331077641777,0.010456436171956573,-0.010289153960745201,0.003753951855593635,-0.005044954294652265,0.015936789140960462,0.0019267384012704527,0.04253679571815505,0.00900152615201842,-0.0011740026748488905,-0.0029704042180010376,-0.004074469366374217,0.005055153658328898
2025-05-15,0.01848737071737058,0.01889425309283881,0.026875512990194944,0.014675891768925198,0.012787505293420216,0.0059488703240163756,0.009466454165652756,0.011035160421512044,0.01614709955539606,0.03468188379117672,0.002041604489614731,0.010028883973173095,0.02857879156023438,0.02200791122881307,-0.0015187529059980387,0.011231762902763509,0.013291144228690217,0.007887532397068256,0.005764942419617958,0.014219531157907266,0.08351326423034072,0.007809431792189736,0.03385952119324604,0.01755892840020685,0.02783987611111084,0.030993411400483062
2025-05-16,0.004579234921456276,0.006866201050038723,-0.011916308428784689,4.66420185056086e-05,-0.0043991146743850495,0.02833671631669472,0.0005785616273252218,0.04490172370359197,-0.01238843728829444,0.002609234407267691,0.0012631401654259837,0.006149496882518785,-0.01574185365687112,0.020724276037366512,-0.012851100136092156,-0.008643382555236306,-0.005824920552976614,0.001364072649718051,0.02764356406202483,-0.012868396328236513,-0.010109532542960958,0.004691302274108272,0.0024288763913460592,-0.002197888589709812,0.0066955421595073,0.037834915595791385
2025-05-19,0.008700931639522277,0.0038265119047915406,-0.0029999700662803885,-0.004605252704141638,-0.007289427497443076,0.023265461108388306,-0.00011279554183192031,0.04989991653274995,-0.007887028389335814,0.018977629703289804,0.025280882262007476,-0.005213402409860884,0.004346991979692255,0.0004523059367287363,0.020726488660756548,-0.001279780265347169,0.008230110817494573,0.020456665678478786,0.021018671737108197,0.00504717024306386,-0.015294827437873137,-0.002920907475358843,-0.006494476941463918,0.023953237511451893,0.0035514247030553002,0.008222326051337242
2025-05-20,0.00017360325503840127,-0.012367164340893822,-0.0028331888537945216,0.020024683524384673,0.0077743972316603755,0.00027337649879553475,-0.0025916816964119726,-0.012194137860240983,-0.007604976161791255,-0.004386665224661435,0.030246148700882453,0.0011914571448603806,0.004353947154612936,-0.01122561814482051,-0.021766502289496406,-0.010268774433844524,-0.01142583161810462,0.015264395481705773,0.009257099181710549,-0.0036378500490958365,0.0037147204253216715,-0.007618173703575079,5.676969068660728e-05,0.0026347205475877817,0.013026013370594235,-0.008152082309476422
2025-05-21,0.015039515082013512,-0.0038507960469338796,0.010281382537369266,0.004834433281294385,0.0031480284162073748,0.00510656554111102,0.01219499436032949,-0.007440041266823165,0.02264318214000045,0.0003447465378487169,0.010832098792509645,0.02188205533103684,0.029407580028887666,0.00027512237268773054,-0.010672507967773803,0.010333609903900698,0.0014688247209211234,0.011849650390711175,0.022787621305376683,0.01493823840822309,0.05839995060065112,0.0020558512729514297,0.02179324712261346,0.03453280572283219,0.04598707063043056,0.023527376093347374
2025-05-22,0.0028944535123824854,-0.007030109684907837,-0.007295818535803314,-0.013844253227153436,-0.014651929349921041,0.017378021533958364,0.009190915778124475,-0.005061417185323186,-0.010277823648891116,-0.0014396156505945778,0.011920851102532604,-0.0015945235033572424,0.007337156459537098,0.0074755742633698385,0.005227723409284901,-0.009278360890292603,-0.012784198002746204,0.013085959777212164,-0.005303323635312007,0.0007005691916153982,-0.027361196033930224,-0.008151258643324569,0.005261185488555975,0.01616762234798044,0.019129316252642616,0.023704918798178654
2025-05-23,0.0020967027262616734,-0.006607697577887284,-0.0044073151274273276,-0.01276500444322115,-0.005960380886608062,0.004517514831258372,0.0007925128882328524,-0.007108421256995438,0.0004190871464234469,0.0044743590403095775,-0.013968480264727875,0.016925367675267023,0.017351128852230068,-0.007608449437683101,0.0019246001742112828,-0.0035106420681266515,-0.008250409482444512,0.0016895424035095613,-0.0026761653314970268,0.002028692185502929,0.010840398860532952,0.008142232153117419,0.0048911341521886776,0.000743307175304094,0.0131833918094991,0.0016953497444971155
2025-05-26,0.002895586253289977,-0.0086531208212148,-0.0016255085170885503,0.010274326623733879,-0.00853957103775957,-0.005063484259599782,-0.0046012017460030745,0.013947187773114341,-0.011709047018130737,-0.00743948968317068,-0.004050048023023038,0.010716894711728148,0.006001403867587812,0.00035122244755003695,0.013574418392144127,-0.010491955767868683,-0.004907385450369135,-0.0039920831630405745,0.0031856382356295508,0.016310570752099407,0.013589584754685413,0.018827783873150754,0.02087934904476511,-0.0025585252643435066,0.008605573530561883,0.01941073328448631
2025-05-27,0.003223925652772958,0.003785980553230095,0.008640795080426963,-0.0010905827504386623,0.02526267968437609,0.007782027741102523,7.661469464162025e-05,0.0033328875822683976,-0.0032842157937872595,-0.0011478885161979979,-0.0009316827176034473,0.010711363812614966,-0.004322739075493276,0.00808769993443692,0.01798539440849617,0.0017200005872535507,0.00966474202629148,-0.002196687222286775,0.012902333726869598,9.352978865846882e-05,-0.007674892141824929,-0.00039028685217280167,0.005108655786147641,-0.014481074483390663,0.0032942405380000372,0.0008667866248353584
2025-05-29,0.011843991971231477,0.002873626634162729,0.005552939971584195,0.02992187710067129,0.008992551225972298,0.01050729580303792,-0.0017660216012366926,0.03312770493199976,0.0011858389419581838,0.007969893687260015,0.0033720839172277826,0.014096978192107252,0.011085631350497222,-0.0035206692850366095,-0.00037166262392217264,0.004060533831372365,0.012892703969783604,0.03685217157481857,0.020513828461093387,0.006422001258903433,0.013860944222035154,0.004829492458415597,0.029869359096823568,0.005094062713717175,0.020215000206353556,-4.294882961120017e-05
2025-05-30,0.009480917970568279,-0.0014360951562829571,0.017942129339721932,0.029025374876096948,0.01306542514481686,0.0012636854151208965,0.0065567653675142204,0.012858456331355636,0.0071511128203018085,-0.0021636474313343258,0.023636701111767116,0.009122933176865,0.0015342025440830353,0.0038946686650628837,0.010846882292733284,-0.0037572464315646092,0.008921686589339117,0.06458806721177204,-0.001471697978193054,0.004015941288497931,0.023357409528029838,0.016488764598165305,0.0074790191608806395,0.008840744970008968,0.012565921209002401,-0.012011646214227178
2025-06-02,0.0020590553987184673,-0.002087882888401127,0.014560357744922717,-0.010476640492775802,-0.004274385535008441,0.005384421100312903,0.0004893714911146096,0.00013095426786217482,-0.008047183210760988,0.008074939135030546,0.00934957940006742,-0.009199450893486916,0.009452118007304389,-0.003366220466758413,0.017859424900511067,-0.008430352486226811,-0.012616083142126687,-0.019619396070930342,0.022291761198002337,0.0062493980899975266,-0.024390932201909077,-0.013448480522296323,0.011844518020712189,0.013208224062236575,0.007251814236294974,-0.008994099333995947
2025-06-03,0.0053234352809952935,0.0023326638903773287,0.013642793669277203,-0.015130371868477932,0.009847097453490453,-0.007208668346845701,0.02339607753363779,0.0325011919866201,0.012593142748595087,0.009142420301986314,0.005527691626324198,-0.010146137776016872,0.007158529927573792,0.012856466173173431,0.033752477997320784,0.0072038858432187935,0.005085228843520485,0.00813756359658896,-0.002131732428722488,0.008824535747052211,-0.0021931908566217018,0.002353305781501806,0.004333843079288191,0.0046785591109708554,-0.01126167662487107,0.022760538000364844
2025-06-04,0.009396677194345381,-0.005393008652431386,0.014112287775259927,0.002860326668475466,3.6829290242081667e-05,0.0015091267197680299,0.038786358106611706,-0.004493071697298734,0.005691346596879576,0.013182485937084265,0.0016015043330739702,0.006271637844846462,0.021760919003409297,0.0005258279622647188,0.0653188739017418,0.0074342015295125186,0.014778716534396183,0.0020353009960857177,0.002828053034179312,0.00884865576493034,0.01247525877147454,-0.0010595404916638324,0.016644409147694328,0.011741726140305787,0.004921039193977383,-0.011864602839726679
2025-06-05,0.0026312391312087497,-0.006490108751493406,-0.006686620754732794,-0.009977608480330783,0.013317533490855541,0.000601311243576734,-0.00045522084908575087,-0.019006003465834198,-0.010534953253328695,0.010297863310920618,0.007348910609475882,-0.0032507091314391834,0.009716904660161452,0.01200449765261552,0.01145285815060236,-0.003863031699623265,-0.0034818816671258438,-0.006709914145565918,0.004380472796697244,0.015482023705830723,0.009070907584364185,0.006389231469615838,0.014091624815209267,0.004380349840411859,-0.00283716814639392,0.0020046254243035466
2025-06-10,0.008388926727301495,0.012128447364955674,0.004960647794873527,0.006175523625075026,0.012211788481311436,0.0007865570120068231,0.007426505584752499,0.020648357722748395,0.002051878307545363,0.0007838527636104264,0.009012272522856468,0.0005873339712233361,0.012308653644188386,-0.009414587245023004,0.010234646316841303,-0.0016469920333465893,0.0026402287429179655,0.002139646042082957,0.036660890064393804,0.013325495989412644,0.015661663608186105,-0.003995436521139775,0.013712022417355871,0.01364768658392587,0.01640521591426931,-0.0005996210464265239
2025-06-11,0.01272435700628317,0.0006253147922198332,-0.006258043739418365,-0.002632531171482507,0.02835510422477063,0.00013977708610770167,0.010069889215881167,0.022690173784655227,0.02069134138490649,0.0031878597549481968,0.02276710366683604,0.003162223761104871,0.02444199818587367,-0.006655883595372197,0.032379634125111426,0.02821573939728228,0.03326126444131797,0.022244356864037473,0.024667680624077128,0.020034105564028164,-0.025739698778604825,0.007818319721565,-0.0010295782767389644,0.011467195636607252,0.025226560882635998,-0.002877647620631224
2025-06-12,-0.0017299637573705352,-0.01704327300762982,-0.00781824609334028,-0.0028900257171406984,0.0022542622503490227,-0.007235555230727047,-0.0023292793225139804,-0.011686889208308376,-0.0032641612055752224,-0.008955201426507154,0.01833634666831681,4.166466105492428e-05,0.005109636933761324,-0.018470143155133595,0.006610317833734863,-0.006795136965520171,-0.008212166793924816,0.008177400231684256,-0.01144849987491966,-0.0024017676696247597,-0.006829889036714859,0.004390854322881658,-0.018094360889604224,0.006551718362305042,0.0135863038321473,-0.007178563287789347
2025-06-13,-0.008540432611985088,-0.00022415753292913675,-0.01157473690572118,-0.03193128044688429,-0.03436005592192806,0.00023305012075214293,-0.006207961658279426,-0.020155690989083486,-0.010876906974143275,-0.011677833126898407,-0.014492739549862096,-0.012105965674348046,0.01912702057599408,-0.009542190946145751,0.036371280052217604,-0.010193840370829432,-0.009780684112372293,0.004815575781051379,-0.02426192544665976,-0.012913194061325128,-0.0353173994176027,0.004223698336874082,-0.015673809731717246,-0.01816965267659466,0.0100959800430308,-0.017047267866231258
2025-06-16,0.014895936009102903,-0.003740932963760879,0.002128682527154979,0.03231882223155671,0.008615730693308213,0.013497013409778987,0.018552220148078447,-0.00021976140939970282,0.0013215112053919231,0.007198143899439957,0.009078453068591693,0.02231706239945918,0.028034083531452425,0.02113503350503612,0.021867286733787877,0.006788522968726923,0.016079987955874644,0.011983504147971141,0.00038108030543166916,0.003912979043027501,-0.004839539718726027,0.012213752232411897,0.02774691839227719,0.00857267609807241,0.035025563531924445,0.004507023106473995
2025-06-17,0.000490377938298272,0.005630552690142576,0.008389271768844284,-0.006978368263621766,0.009120750130046462,-0.004814591648462319,0.004244764322542125,-0.011190328274183018,-0.002298368142552243,0.0013516022539443006,0.010495329473353984,0.00592691863992661,-0.005315023296953908,-0.012647728114174861,-0.041674043214753834,0.0002296418680372836,0.0013475497821128963,0.022878068744664318,-0.014997241624988,-0.008320346503458007,-0.0047566491985676085,0.001269133174294966,0.005746361532756047,0.009644523364504868,-0.0037348578591151482,0.00783945332342001
2025-06-18,-0.010177580546580153,-0.0011379337847902903,-0.01575036017404545,-0.013981833793428267,-0.010318141148998206,-0.008543401922812338,-0.006261759882098346,-0.029060867637951765,0.016769146349184784,-0.01661314773667601,-0.01583410549498998,-0.00902143557999276,-0.03892761628495421,0.01769690307449137,0.01434100373012126,-0.014239508615050106,-0.01668936131951588,0.014903753763441385,-0.009429260946239425,-0.019161360531402487,-0.009950661052461118,0.0004423404039977393,-0.030337865946600245,-0.01374001963507832,0.00381673149876815,-0.012492612284602439
2025-06-19,-0.004072655056707991,-0.017111002765224183,-0.0029282137161856653,-0.005613943946480145,-0.018721100594904727,0.00273139479843382,-0.004444148766113589,-0.004611229113810437,-0.018984176651003735,-0.007438677086797629,-0.0024460723976418484,-0.00359543424395821,-0.007402806787804739,0.03108693050986608,-0.04441513501100063,-0.004180651003805297,-0.005343326984194275,-0.005670148140092021,-0.01747430504741019,-0.006279310125014791,0.011635033672038775,-0.0042687666561857926,-0.0038867980729019235,0.02010420039252918,0.006280126976933598,0.0005563312998461134
2025-06-20,-0.0009933232856389241,-0.008586335517729549,-0.004195071265373274,-0.016593688951377732,0.011759976246510276,-0.012976882385684238,-0.00428804845603339,-0.014033744733730424,-0.0029577290594731574,0.0005209412845099016,-0.0002552967979085145,0.00288527781014844,-0.011948765745987838,0.027028973855318522,-0.006051200502057509,0.0031099495590894977,-0.0014438265149418668,0.005996551204573458,-0.0016531484729535805,-0.014550810199505429,-0.007470582875833132,-0.0006799131253106193,-0.012811629927651455,0.025547943969408803,0.010933603767838213,-0.00432657079195542
2025-06-23,-0.04414558679601631,-0.05782351818990015,-0.044755817659319866,-0.05788570367551674,-0.058147320395292294,-0.05257518373389753,-0.0225419258823062,-0.06669670614831084,-0.02835880362971648,-0.04760723154343659,-0.05340970890372212,-0.033103533718766745,-0.0412019685964268,-0.0016202765168101263,-0.04481713572094819,-0.03500774176015636,-0.05364236651568228,-0.06682306620149175,-0.0525615922675266,-0.031833144615702254,-0.0759171031733934,-0.034808008047277704,-0.060121156725641486,-0.033405383156289825,-0.047456323625067506,-0.02994801420474319
2025-06-24,0.0569609843908377,0.06274580346766509,0.054829628561067406,0.0572798533587339,0.08195871454085261,0.05983584115453551,0.041337998737380546,0.07922618026725264,0.046760024643402565,0.06543725856758818,0.06973993040122779,0.0265141927828672,0.062460781268105545,0.020252461113077075,0.10242994097752546,0.05563990793734103,0.05816459460285915,0.0660839118417606,0.06020224744003522,0.02949979240678972,0.09063422489142758,0.031305774109659144,0.0787186488533337,0.04791722577864355,0.06684208921776588,0.05694256031503442
2025-06-25,0.014211146686755822,-0.0029295669910855415,0.017049983168222566,0.0416654040086359,0.007523566016472964,0.014074609717995516,0.013166336865592525,0.024845710798100135,0.0243230916455756,0.0023886516678949367,0.007050425837100509,0.014535964895513537,0.016758220965191983,-0.022792483547641712,0.08568695584117048,-0.001538658250201691,0.005799155105791419,0.012891440831883136,0.011043012322622548,0.006887264640916023,0.04392569814920683,-0.0017870407247965875,0.001500576299001791,0.004049840336991517,0.04548736305857347,0.01815529037157329
2025-06-26,0.006088786040040435,-0.002034113792072245,-0.004708893452068541,0.0011541879728051985,-0.008546788622347335,0.019204794517903603,-0.006811801799602227,0.00028441545259116907,-0.016863729031736184,0.01504979121470581,0.019577424169787822,0.019720600307474065,0.01871315765221416,-0.007334231491171489,0.01331528496801955,-0.002401620492048756,-0.0038387677927125274,0.03224123434538537,0.004423715552791629,0.011187066015808314,-0.017377600684425537,0.005047130651429085,-0.004877358578212769,0.01751976614465127,0.005135177918922007,-0.014547970794728554
2025-06-27,0.020673321147519578,0.008639534656239001,0.008243395936464212,0.0052197929273286965,0.021165252697990723,0.02648259493275626,0.03318299765985307,0.02277690455185501,0.026898874454471634,-0.003318283939543526,0.03171981004149915,0.03296684288813513,0.03613591155866678,0.02516896977076799,0.006509197850559395,0.026909761311557923,0.011074248789053585,0.048784589407048454,0.010602162893361277,0.019670997807154984,-0.005671322081136132,0.014625051648076426,0.014834497005515248,0.02700963225412848,0.011236560497659105,0.028902127221167917
2025-06-30,0.019435388089899048,0.006956801423632519,0.006448317542074686,0.00019314236106232618,0.0026198533505677893,0.009480868867964709,0.02281893957647069,0.041019026011196884,0.0019617245409772276,0.017378094984584175,0.0113817107706351,0.014314020743081446,0.017238025884775805,0.027185824790478347,0.017436780370347973,0.005579153678240967,0.012265198824453514,0.027338761731810476,0.004364599152378468,0.0029164450057375113,0.0004894059562790265,0.025484846178535088,0.015052914282765022,0.030711308278645617,0.045192406357922335,0.02275752220633595
2025-07-01,0.008162366205127279,0.011333065397351105,0.011527768931190077,0.01782472357927911,-0.005874104698685049,0.010908673118729567,0.041061698404181425,0.017868204978006046,0.02064001775041686,0.011365260666909932,-0.027867566315751175,0.013936293137550149,0.012755687278825024,-0.004120013456143379,8.440945926739551e-05,0.008227363685121503,0.020963606506245933,0.0009616596177379616,0.02451793224035407,-0.0009342123612696152,0.003502191657418885,0.0037538928583467357,0.016359494222769753,-0.0012928085894612714,-0.0027962190509556117,0.007966791698859388
2025-07-02,0.009930769608379178,0.02325222307046093,0.0047069692514031675,-0.002897266324769221,-0.006496980670763397,-0.002230079780595634,0.03947319896020006,0.006962572513342831,0.004003211865781187,0.018670704452383224,-1.1581737145642071e-05,0.009658891640204831,0.01612646439979431,0.013037951420226651,0.011473990714374716,0.007992663950600859,0.03242642053672778,0.003063270147182981,0.014914394069895387,-0.006423440398415351,0.007777525777632188,0.014026365045359292,0.00487928582804715,0.0024975896119860718,0.014497022421893251,-0.0038989274682318664
2025-07-03,0.005105474328475333,0.0038356293834298726,0.008401534048322723,0.010280241597938111,0.0029200759628088937,-0.00230848840534439,0.004784920132026004,0.02609381232838856,0.0020466961028299258,0.021962078927692974,-0.010124944563242774,0.01590564869301012,0.007673071206276483,0.0244607417956402,0.0027228285379686246,0.011538146918253778,0.008072925202865474,-0.004888919258217744,-0.003371288847378051,-0.005051794506973565,-0.011699315564770219,-0.0074397636214255545,0.002840381706261203,-0.00022338840150363837,0.0035713222412003475,-0.004874168174736987
2025-07-04,0.0099944534244229,0.02106828747130073,0.03246129750403132,-0.009730001372720176,-0.0021389894058842737,0.007099569722345325,0.017519558930908046,0.0007014540071606142,0.0005284105740420042,0.007365401747656386,0.004212081454745979,0.008025877335478613,0.012559870575328225,0.034741289658106106,0.019180510675333787,-0.006191905016497301,0.00010815020873388025,-0.004452525494873488,-0.0012490630759524834,0.007332378914031387,-0.002226639064967534,0.015881062853013564,0.005038564502985169,0.029842585212578602,0.01620512835508346,0.002960213661456629
2025-07-07,0.013460049394773329,-0.0061674090679163076,0.026217095383773023,0.02871741846984847,0.006609147472747349,0.029068843583427456,0.011852705203663947,0.00615461842293726,0.009801494774226139,3.2236240698496624e-05,0.025824355963240453,0.008006937199678332,-0.006175028817040856,0.01348345128422243,0.006963336775307749,0.0033840891934820427,0.0015117102221017624,0.01524038614466186,0.029892411076651925,-0.0004054197805933381,0.0037205803281833705,0.014861094302090677,0.0007824870478227679,0.05397077317890586,0.029353755897394383,-0.014865833230618825
2025-07-08,0.007611556222493237,0.011278295716772569,-0.0035871097722791345,-0.00048027427805968914,-0.0002441646411399199,0.016085839041715462,0.0011985379490286416,-0.005007572791648707,0.001723770218409193,-0.0003218905419878071,0.006346873680706207,0.009713903515371058,0.01249472789816991,-0.020863166872007816,0.01120323036138432,-0.0034346480036623606,0.03131261174586448,-0.002657015920306538,-0.009318241582280729,0.00719338510085877,0.001243209147588159,-0.0019135696501101224,0.028735391132357655,0.011830534735491758,0.010438909799358641,0.003606596596950007
2025-07-09,0.004797647785382752,-0.003387110790099468,-0.006779680387727249,-0.00795205067956386,0.007550906489807836,0.011610967991105269,-0.0063555851539400625,-0.001986423455889554,0.0025501143832229677,-0.0029134618950113654,-0.0022911560123693997,0.005887811308154883,0.003389924247585341,0.0031153028060355026,0.01349316893506522,-0.0034139212976602995,-0.002225820348571661,0.030810375624640562,-0.008039578607731478,0.022444059810000343,-0.0064632071920459055,0.009358997474282489,-0.003068586803925577,0.011370244680711572,0.01570196936519317,-0.0030020322967173885
2025-07-10,0.011279450602812244,0.024197937365890987,0.015897217693856686,0.006729252532132168,0.0016729598790480044,-0.006191413856231781,0.02288139776332748,0.025595527503813952,0.0015757630541999301,-7.087979297517588e-05,-0.01070764748538385,0.027708309098887635,0.014223513690003525,0.015381841088252773,0.01694498887677552,-0.00433297936924526,0.007634412327809099,0.012069647795126315,-0.00656633900392164,0.00786233695956688,-0.007931714800771428,0.0018490786636075965,-0.018400038809469697,0.03798536179410448,0.03532555593119287,0.01720518431511381
2025-07-11,0.003969978339434588,0.018319626369920426,0.020961340432611525,0.009721714886991584,0.012094200865726885,-0.005352365829423322,-0.00553130751573757,0.0017766748613446866,-0.003847637894199907,-0.0018221036215668174,0.013587085172090027,0.013781970560231272,0.013136957802130289,0.008255716692071147,-0.012045747832251333,0.003922868594848,-0.0041556677524572745,0.035301011681715996,0.005966044974215457,-0.011106039980386903,0.007171341952281862,-0.0005827290136874858,-0.009722563204372148,0.01752778251215433,-0.011435766594998953,0.03152076801473733
2025-07-14,0.012739882535351413,0.016363533796324548,0.006537101403447529,0.016185365137936836,0.006403323069728553,-0.0015099240983594655,0.027320104327029547,-0.01326241499385225,0.02308455260422564,0.007519098324798479,0.008178370182520378,0.06554349130991394,0.016621747246581657,0.009327458730131188,-0.0035125613436476077,-0.002176734543580583,-0.0019924066266810117,0.018990279421710915,0.0030682177602060824,0.016324985340518936,0.005454089146177871,0.015946398063732485,0.005939377845535292,0.004985358282924492,0.003642046580207764,0.017387478383633193
2025-07-15,-0.012248421497827285,-0.027263184986177767,-0.022666024353128755,0.012396836779091269,-0.004400882198200431,-0.01383745419454214,0.0007018983783578792,-0.030526793606769093,-0.009568429843231164,-0.013749978777583443,0.003340589374196549,0.024688197506372973,-0.004979350808432881,0.0043085611175824046,-0.011415238993710039,-0.010426828103991731,-0.032291477532232826,-0.02577789943371392,-0.014738875041097443,-0.015476412071846262,-0.021152537712464753,-0.0064304546430873286,-0.027984012758868995,-0.04106701089712606,-0.03291035877862082,-0.029857622863589506
2025-07-16,0.005402883434225549,-0.001737356422862768,0.0013853537702879226,0.014595089542170281,0.008999288598862695,0.010363437922527486,-0.007920923008981366,0.009227517952676095,0.01743746196048481,0.0022147370649480747,-0.001439276016826474,-0.00038871517455048575,0.015717769048927837,0.020705097128635414,0.03419058630357978,-0.003990752055187313,0.003948311152086183,-0.010407040430017944,0.0012068943864925407,-0.0034656872459458777,0.016823531653165802,0.004988388814977436,-0.0009718329440315017,0.02589284026706063,0.005734895576521304,0.02502198525831198
2025-07-17,0.012412096458994272,0.014368298878946995,0.003589303776779615,0.022312009735287797,0.018450628122830832,0.011658055965035207,0.006716358855724869,0.0017659208005257332,0.01584829424609848,0.012126571366077431,0.008118345732461915,0.01435851945104541,0.03249653391982978,0.009922084698916478,0.04463982087898871,0.002474818714337357,0.012884079176605353,0.0035660696766154493,0.008938183683683144,0.004741571359532245,0.0036951015353877403,-0.0012259807510863335,0.014661101533405472,0.006643359391944849,0.01889697401152825,0.023781577847908242
2025-07-18,-0.01303975045238714,-0.0139027589733551,-0.015863121364164123,-0.003488067060837411,-0.016630764729148765,-0.0033138352761128654,-0.009139103867757199,-0.01640403991667545,0.02465804081701193,-0.0014296386071872779,-0.011992318736511595,-0.0268173130395236,-0.024772761893482043,-0.040868730578183354,-0.009521805966124217,-0.007286363310272881,-0.020159504774455272,-0.02019775606319206,-0.0196417236105234,0.010769546051057772,-0.0310270435211705,0.013329962045326351,-0.02377719027332781,-0.02273206974099019,-0.01868158142389261,-0.018293918659954167
2025-07-21,0.003711213645288229,0.008856613421405068,-0.003999121979037679,0.034269246027261134,0.0023178356875400118,0.013786772834712132,-0.00042802837207002236,-0.0065702355515983675,0.023761819976726283,-0.010191283658194628,-0.004740026672480154,0.007489241194638385,0.006228121127237146,0.007291024997054224,0.05884324149509523,-0.0032166541860453868,-0.007655924473114473,-0.017679149348284184,0.0014197624636065442,0.0025270191128503356,-0.0099965209423509,0.02535947461938689,0.0021749495022127924,-0.010549865962698649,0.006050869562654032,0.0006948887475386745
2025-07-22,0.00714268568914757,0.005769961001639057,0.0011387429064961263,0.016500961031855,0.0022242763826611075,0.005102777776092909,0.0034888746511900944,0.017763722596745118,0.006914357480348054,0.0037598469684463507,0.0015524555555748905,0.0282464066381706,0.012297767459044883,0.023248803172715632,-0.0013756715149660925,0.018862247904414042,0.0074918518371170795,-0.006412060223122892,-0.0021585515342217977,0.0038014674612430305,0.010571655099504973,-0.01535491414110346,0.00671726836673476,0.006887014478830797,0.014893473745088677,0.0018702115440635547
2025-07-23,0.004431920271656448,0.023276025045290284,0.013560990737499959,0.01461755990645699,-0.006368475376132466,-0.008719313037464444,0.007429159018045785,-0.0007127079683140469,-0.013739714062969966,0.004624245000953037,-0.008403848697376684,0.009338634394030005,-0.012000060535347001,0.00539196714508583,-0.024313455223902755,0.003421602815732394,0.0037430544199991513,-0.003268892090850059,-0.01001772578372866,0.007701313471468225,-0.010803991708192462,0.03779873412402144,0.018386418144824827,-0.008185722895921215,0.009934415184340906,-0.005980976822797135
2025-07-24,-0.0015017801599937384,0.0028238454271358737,0.011701598393057788,0.012385117163444304,-0.0017988826496071083,0.009862818894691329,0.001492054941784697,-0.006674605630024875,-0.01907764557686147,0.0001618325047682778,0.0020537093952766594,-0.015113451020502655,-0.017642205936519183,-0.013449726606232892,0.011749953780081632,-0.005467242676829076,-0.011286414481301806,-0.005649733340563609,-0.0035892362029227632,-0.0005491282336631621,0.012360415899309474,0.031692050344025086,-0.013131509672719945,-0.006381273199863076,-0.020470340989658064,0.06311482271411106
2025-07-25,0.0042418011203368645,0.01943878354671339,0.022193650363150658,-0.024056681230855432,-0.0018864241832896131,0.0277845702311372,0.007379014877646391,0.0314255526387893,0.026914539932607708,0.0018625367249796632,0.02282094455024745,-0.009799909346231756,0.00030229569923863054,-0.021138207699079814,0.017890408238517855,0.0010322342240196847,0.0005875137320101956,-0.002624941685259119,0.0014381471297437276,-0.004680322906337829,-0.010965702718835874,-0.0014835226236252109,-0.0023691761369313913,0.0069964974527213335,-0.005170118312264965,0.008214460192722262
2025-07-28,0.0056515556932660825,0.02344249295469757,-0.004618456451987302,-0.01281915980120498,0.012124328786946562,0.014669344104651781,-0.018113262917674632,0.027010267674152738,0.01419518264687476,0.006862219313260931,0.033483683371881845,-0.012487466490260358,0.0036143975996720977,-0.0012627420685062674,-0.00012527748590459735,0.00015213896153160045,0.0014577579689257153,0.002054031635597156,0.01799021049978894,0.001453022344627995,-0.001438338810332923,0.010514271080700771,0.001090229364982796,0.009714800174580405,0.0073300490586030225,0.0018368759520095146
2025-07-29,-0.015408018693577628,-0.012195265857784654,-0.0019540529092364756,-0.023259362183783307,-0.0104539652041153,-0.01716145528344203,-0.01160965488170952,-0.025892341194069884,-0.016391517579653958,-0.012244398878635316,-9.809786591291614e-05,-0.02786496891352617,-0.02341156374776369,-0.01126557462439784,-0.027318833901305437,-0.008079855645337641,-0.01502363234436351,-0.02410701155067009,-0.0002671086464647421,-0.007867216116875655,-0.016212918130554893,-0.024672895067230888,-0.009762298972761438,0.001824901338392263,-0.017238729169137636,-0.036622424572679724
2025-07-30,-0.006444689570791975,-0.015022289378889863,-0.012501647216068806,-0.01938518194744741,-0.009055772747424373,0.00044466419224920006,0.012994850603638785,-0.012302739495182013,-0.0036941411450685637,-0.009084843791452302,-0.019650096860710026,-0.005305474115665776,-0.004925118330604855,0.00256778771599539,-0.008795844356303841,-0.0006022413081054889,-0.00557014215033665,-0.011896802116389799,0.0016058895940384344,0.009736822371324188,-0.0048575629011567145,0.0004261295304091653,-0.000691841621674968,-0.01279225960758831,-0.02246864671168,-6.200478931731035e-05
2025-07-31,-2.2961038863127207e-05,0.0027515797068678573,-0.00023122381160338434,0.018654928307471508,0.005630596602975948,-0.003477141710978781,0.0026155146622372006,0.002953407299412671,-0.004459848655862975,-0.00078104616458875,-0.007380655664972036,-0.009070705923764983,0.0008918490480079144,-0.001374246503598936,-0.015365890490954761,0.033615348452515126,0.008054124697372224,-0.01909502248465368,-0.007839002301477127,0.001183769430978159,9.601889600147073e-05,-0.025841336225413687,0.013223765675387491,0.0012040977128773337,0.007885354067793315,0.005165832988888924
2025-08-01,-0.0019228701138259184,-0.005579510173766211,-0.004487113896311054,-0.00481804262716834,0.0023528061734883264,-0.0054537912853760825,0.0018018309009263085,-0.018825995907031035,0.01008257582715526,-0.001728924768888348,0.010595142539698768,-0.002811953345557289,0.0035586968647999873,-0.015569806798008179,-0.01458535828231135,0.04901571880545735,0.02389449707956099,-0.0108837541160859,-0.0017028992684417488,0.007062704501122127,0.03193275061012052,0.001900702930619974,-0.006034795269383767,-0.01583439740570085,-0.013370011130430692,0.01184239287920888
2025-08-04,0.004893932305705793,0.0002789662136549187,-0.004555351476537586,0.0009603542037568599,0.025257029173978127,0.010087919247120304,0.0026644306140678766,-0.004546636467108752,0.01823679326773755,0.0007408393730549245,0.003043828237761448,-0.005606699645106289,0.0015520523399617514,-0.010117099465720841,0.006494671563131755,-0.0015145763141962698,-0.001881410867108567,-0.0019371763715607393,0.013600615549722351,0.0014508452025128976,0.006987745854953348,0.012323174756311957,0.0228045963551688,-0.008000329668026293,0.022718978662906918,0.002093137443651666
2025-08-05,0.006018125588008578,0.0008985784365924121,0.006405225392154559,-0.0071638122474106765,0.00453630541799947,0.008789086186041982,-0.0006992635120955761,-0.004076157000991111,0.018619257035945046,0.011093055164690557,-0.0005491273733752947,0.017503106081457248,0.012382375931211493,0.005397454054271444,-0.0034743074043701266,-0.005987548477906779,-0.004534214718054892,0.0033893572895610097,0.0032663715123876003,0.003935898251710384,-0.007263956168446023,0.0017190752040840973,-0.00729221139868748,0.00656866331149385,0.03244380178471908,-0.02056683764092354
2025-08-06,0.00941871086756624,0.020799837310927473,0.0028806647792065376,-0.00420429630724269,0.006173388295554942,-0.004209823939331144,0.02434610647494161,-0.0036944088641234127,0.02435752047371398,0.019546808441312846,0.0032308172613550457,0.017521527573692526,0.011902850077498028,0.001983109750126971,0.022615089919568922,0.005719673404537495,0.008606060883952734,-0.00031853519020409726,0.009368810124593674,-0.0032796053378759443,-0.0039046423157127197,0.013320864981982948,-0.0013864299747542283,0.009801673108895828,0.02378117487698552,0.009927078669309475
2025-08-07,0.003201118624806129,-0.00779108355382927,0.009092570883230816,-0.01120150590457449,-0.004864707306366371,9.597142031450714e-05,0.0012727583467099586,-0.008540296988355955,0.018357221638395947,0.016961875821799414,0.005584158385932014,0.006846589162619987,0.009144533546787275,-0.0017444507824933564,0.0016295993619455582,0.017796511574029533,0.007324979953562923,-0.00365371362777564,0.013358075005791625,-0.001405513164947858,0.018780475067221303,-0.007245517503010314,0.0005644558776507254,0.01929580984505183,-0.008718732868321,-0.012326274885325283
2025-08-08,-0.003616183252438497,-0.00877803084316342,0.004289565036167897,-0.0024090023318900275,-0.00545394802312507,-0.007969072619970626,-0.002865567216143897,0.010548419556660396,0.005047477532964262,-0.00013229172416964196,-0.008557995664167706,-0.0023745374373204064,0.0030114348170762638,-0.007581449592856032,-0.012119723500298869,-0.004587649460630144,-0.013654869015950132,-0.008845638877639866,-0.005231587802502069,-0.002148519612049482,0.009373256308913142,-0.005944615480276583,-0.006433804731281753,-0.007273952659380111,-0.01898700337905031,0.013074897738993091
2025-08-11,0.0075489576776794545,0.003928730800625213,0.01024641640029951,0.011600341535494052,0.004055828844072498,-0.0015609348229804285,0.01774377311620084,0.006672686041048102,0.009503980950741831,0.011177158860823665,-0.009540898290634647,0.014321528315622356,0.006013775107047592,-0.001443434961261758,0.008546475292282585,0.027279906360347994,-0.004354923943687318,-0.004069803418746895,0.01366129630969265,-0.00039645653517396607,0.02903469735540834,0.023767139085678547,-0.0008847367682357261,0.010146779354496949,0.015283048649753389,-0.0010695320489927385
2025-08-12,0.004314346864143364,0.004325915368327849,0.004859533736662758,-0.0013259085951131122,0.008519963838905317,0.0022099328378088682,0.010316503049756252,0.010523721130545791,0.0008950335081510108,0.015370802192794158,0.002834171426619625,0.01360526747726366,-0.0017671878634187954,0.027603726443213322,-0.0024451779012814668,-0.011861337680079936,-0.0072025425313687235,0.01445345802422883,-0.001429234774676158,0.0010650281379261304,-0.02305474830506271,-0.007752743216673429,-0.0018239372688920413,-1.7348325821097072e-05,0.010780231057681644,0.0012285365523388991
2025-08-13,0.0012311571215095462,0.005644331920843548,0.005774295581614922,-0.003910979208014735,0.012078915389086446,9.682532093460267e-05,0.0044821302002266625,0.0011419199838265208,-0.009719310021216909,-0.0012898156649263747,-0.0011771703631327142,0.0075683039433701695,-0.0017869690343495892,0.02110898921495516,-0.018786122583022986,-0.010692627179193004,-0.004675284563440389,0.012079694200852933,0.003919807185510904,0.011330728618227695,-0.01794691491537523,-0.00931352150308104,0.012800308596253482,-0.005121099163939512,-0.0012118304328637085,-0.0008891392968044809
2025-08-15,0.004089563728513588,0.009752356458337308,-0.0025624786778957187,0.003093269800962898,-0.0009496416535252644,0.00703294100892312,-0.0024522971125491813,0.012874080509561145,0.00833638191219257,-0.00026318780559126396,0.01407406747656829,-0.003004599590788898,-0.0033278755904892375,0.004259720604523287,-0.0014457233068431957,-0.014522798996014108,-0.003945209911166758,0.019663948336234333,0.0125824651040377,0.009138371090831892,-0.001919259102782983,0.00634977883843834,0.02294131395267637,0.012097175221764286,-0.00152405134087083,-0.00908379873919779
2025-08-18,0.008263867109268313,0.003574668657872948,0.0005641975380257375,0.004797803805836387,0.02130127469530693,0.004355131241996969,0.016081715576847833,0.0087588239940663,0.002824608865695399,0.009151331285932873,0.015801349163406846,-7.7663008892781e-05,0.0020933062515726074,-0.013235312961314805,-0.0027115225229131473,0.009594614128381251,0.003254141469018491,0.00887256024439613,0.019307954382295045,0.024798626002945873,0.0032970194302356093,0.008321945798211473,-0.005461224681118989,0.014594663327430254,0.010857214957308684,0.014460909496220975
2025-08-19,0.00722096304794474,-0.0003359693798629437,0.002238322738267462,0.008666776363981185,0.020458456302443754,-0.0006357362522982854,0.01653857699033697,0.028010412422166352,-0.0035566682528706205,0.0019577335376716907,0.0030881404956788114,0.007981660250874472,0.016660417230660862,0.03221949025244791,0.0011946915099867925,-0.009542440783017525,0.004897417890192145,0.0033535055089343457,0.010662260687924719,0.0028644133501033375,-0.00520133627652794,0.00542630473230845,-0.0007810841759485368,0.009652882442117098,0.008851604244079537,0.0018705116341552752
2025-08-20,0.007022417622430169,0.0030501845545984453,0.0147722498516588,0.022584637258882694,0.0013472234691258578,0.007653736257415336,0.01970211530976271,0.006793359838191977,-0.0031214742604645405,0.0056804200146252926,-0.0010688614582693434,0.015727766318179737,0.004463092430541849,0.029451043302878455,0.002463062516475497,-0.0007630837687468139,0.0004684837103586186,0.006846443252682799,0.027528369831084542,0.022924780587480525,0.0007914794059318275,-0.008720019090974487,0.0023890136744129415,0.00756740537552484,-0.0001720382191761738,0.011954317956268168
2025-08-21,-0.006638458775928229,-0.0032857839112550914,-0.006441988127885476,0.0029114683230988723,-0.01450412100298705,-0.008401399338558978,-0.021638584178563194,-0.020817669988503606,-0.012716997630824279,-0.006052678266145117,0.014462762810599198,-0.009995305335366194,-0.007444802768842751,0.032372214916725234,-0.015349190285029806,-0.00038503635063891206,-0.013491505511868444,-0.0029198710775137915,-0.0014757648784609946,0.0052506697262971426,0.017328756833333264,-0.004739001260430649,-0.00689633991652433,-0.005695213802980069,-0.0021936064682752275,0.01794116940847912
2025-08-22,0.005932564561244693,0.0024256314486628796,-0.0012967895334101837,-0.005128540062141325,0.004302763185215379,0.0017349050296588426,-0.003372942380108107,-0.0024528470779487757,0.012658679049046762,0.002762446924858658,0.020808517636434116,0.008982423334698253,0.031556470850854175,0.031386176381788755,-0.00012442321298324264,0.003459203541019751,0.001880343631296756,0.011761125623960325,-0.019279773235807297,0.009737372750990268,0.008462584855394,-0.0035697104142086433,-0.004063741335365523,0.011224867851665302,0.016424604529475157,0.01230712904614073
2025-08-25,0.0016030727456235049,-0.007170107472589271,0.0048604783217062325,-0.0045068266900901155,-0.0027820677908178123,-0.00687318026764535,0.0016871744964621627,-0.00802193795170141,0.00436548459291366,0.010064395885475303,0.007985140150811088,-0.00661557643618374,0.0296104723995649,-0.02352690523886039,0.0011185346402863283,-0.0053706596849935895,0.0047853418850169905,-0.0006755393959915756,-0.002170203997732345,0.003352243844530383,-0.007053219564100877,0.006412776492142558,-0.006963004676022201,0.002048723150819843,0.006774678415650626,-0.002574230832978752
2025-08-26,-2.4777354958205324e-06,-0.0023889978598486184,-0.009283685586648549,-0.0027789479999355917,0.004672606679044207,0.0014371515462914674,-0.0026273024163925704,0.0020045145028733946,0.0011630206103767193,0.01459647764162323,-0.005419218733871782,0.0009850148480279597,-0.015785565889946583,-0.02057207250898166,-0.0016344550680066825,0.003494478633760706,0.01212383413211298,0.003412440814661022,-0.006319821563426175,0.001982975815335924,0.009063899687466459,0.011491740655962354,0.012873000924546312,-0.0016355076179857338,-0.012633728297741276,-0.020866684112698042
2025-08-27,-0.0055655908325368516,-0.0031370985830507124,-0.008564291037460814,-0.0002597951396221543,-0.016435892107525215,-0.003944470522491092,-0.00300828423954729,0.0022226390261675575,-0.014362392244113975,-0.006772572401319921,-0.010915618671686111,-0.004955304009088207,0.004518731339363891,-0.019142523795694227,-0.008425159027729445,-0.006967570537602913,-0.011863051490464602,-0.014329077728068698,-0.033480418934618686,-0.01709138551691199,-0.015152743473382746,0.006073669954007273,0.008835605536933125,-0.0032177351741482754,-0.006134237406286663,-0.011059671537240107
2025-08-28,0.005503179333314858,0.021494657676943096,-0.0038847868328632934,0.03122076130319466,0.008204737652789774,0.0012306094893934463,0.0008819017756360795,-0.00037602283219445587,-0.007117082693020383,-0.00438444430701076,-0.0017465511577228754,0.02083474016915674,0.008579704233111884,-0.00982902173094971,0.020232208944760615,0.0048770719362047354,-0.0036905080034069166,-0.006777121819665069,0.0025148749202302477,0.005821589720317829,-0.010209910394038707,0.0009426318743483639,0.020415239587671743,-2.8259557825833548e-05,0.0021165076882724678,0.03684339246302992
2025-08-29,0.007583275419503814,-0.012735250104132012,0.0010852375039945433,0.003936865276408537,0.04581043187571753,0.0008704663048886461,0.005089452121883895,0.008433027488363295,0.0031570993902447775,0.01443772903602783,0.026008899745264064,0.014380764470291635,-0.007375008039281167,0.0030229310443567192,-0.003008717574915308,0.004031351798645805,-0.007779567202820014,-0.0021503860171971367,0.005442737715212931,-0.008191454049375704,0.029324144577089095,0.006866552866505997,0.0018992788908593192,0.022506253899959555,0.008387667052473952,0.0022489252570792595
2025-09-01,0.01140903745044063,0.004886506878236685,-0.0031767218785813955,0.04883972571685902,0.018628863458195966,0.012306871831498076,0.01564529882197632,0.0474206436363038,-0.009947352476104853,0.001134016513873587,0.013358151689679576,0.019413615175808457,0.025008799907344142,0.002486483236902759,0.013676801312833812,0.009132563150822365,0.00967169757663306,-0.003724630950904431,0.013937878900850242,-0.011753471981499912,0.03852762649917352,0.015185133785800935,0.006712273583222588,0.009495720135423233,-0.00025667911572391233,0.0028550003790428213
2025-09-02,0.0053542353107418695,0.006568779425438598,-0.0008731462440301208,0.021945035713014243,-0.006882643072167225,0.012600077083755755,0.014355475126628551,-0.0022048049644973755,0.014389316601008107,-0.0009303903739890873,0.048280957000071255,-0.0012507345982862017,0.000921989049611227,0.004332165119350001,-0.005251725680963755,0.0005807976295980621,0.006785307239665516,0.011464898831061873,-0.002910352662400628,0.0020381882156686936,0.003946238420391018,0.010243869848940525,0.008660335950935119,0.006416996458841078,0.003952978440590354,0.004205779679617883
2025-09-03,0.007374422691171654,0.001515550716819658,5.510405012397468e-05,0.0071520853495975105,0.008359387444725485,0.025126685484552727,-0.0008297283603919972,-0.011228926934256173,0.002570067512118368,0.0186488582378252,-0.0078751463441842,0.007769192589733254,0.007403876899114453,0.0010012786902076354,0.010324285131884417,0.009618782292170336,0.010148761707844067,0.010133205813332768,0.025984612101068984,0.024688105263269738,-0.005410894142496736,0.001872182929537232,0.013926112194945026,-0.0011445271059027681,-0.009227678487878421,0.0019824632138727705
2025-09-04,0.0020130136788789697,-0.0027734539469409848,-0.001225517540501514,-0.0015944182273681662,0.013944220219546699,0.007796389401474191,0.0026615652873100033,-0.004484640866509311,0.008860163158506818,-6.756809035880495e-05,0.005744434256608162,-0.003625849613136334,0.0001345113327644587,-0.010447211099108206,-8.335674444300992e-05,0.0016714561113406745,-0.0010662994305503165,-0.0066425605525959885,-0.0023688703537710575,-0.010966657478670332,0.04118569845153425,0.013318440959552452,0.007324930905803122,-0.01041545752873184,0.008388815287824508,0.015259629170169625
2025-09-05,0.007500668801114626,0.002405758707759409,0.007004119715543378,0.0024731098542843575,0.01944574016180079,0.006931818856603217,0.021489739162255616,-0.005377104457551675,0.006645373057097115,0.009989839019807817,0.00857694422711025,0.009434574512549504,0.013185241285256926,0.018344873536925627,0.008267618870209548,0.014783375003973531,0.007997989521946488,0.017360177420640444,-0.0014031113593292676,0.00854532977721165,0.0023054237128412036,0.004306667448806929,-0.005267690240993749,0.00579834425003179,0.0013950795401504068,-0.009880927378655618
2025-09-08,0.003921515712240869,-0.005115083848031754,0.010241587016047951,0.007371754869984111,0.012936515262719236,0.005443654711941064,0.005743885988557959,0.04385496833155996,-0.007529481392942206,-0.0024278094950083316,0.010581534095062758,-0.002132235119971615,0.0046954116401299924,-0.007479825977148413,-0.009450063106350912,0.013152636202988843,0.013736995901567394,0.022886762103667233,-0.00029634500843387366,0.0030300992485123063,0.010795910553312305,0.0010415206628909407,-0.0014312477754670721,0.00036707475874842607,-0.0013181653129591075,0.00020096114479417615
2025-09-09,-0.0052706251629534425,-0.003559549226235914,-0.006207858609650091,-0.013277364809617886,0.0006845472498574805,0.0014381226873165552,0.003733330862272443,-0.006379756633774251,0.005338727170318092,-0.0062110840654456155,-0.018431941080026104,-0.00846822036249038,-0.007593698910360547,-0.008317141007768591,-0.016022755076145572,0.010944176780426668,-0.004081656935049854,0.01662980781801887,4.7669989081244865e-05,-0.002279989355116363,-0.0028692161168251407,-0.006987320136394845,-0.005802309933995823,-0.021526618210858987,-0.005293808041590164,-0.004367262875793143
2025-09-10,0.004335320289604378,0.0012066943668556872,0.013641536718211819,-0.0011251096110583096,-0.0015877216846838483,0.017793537000114008,0.0003110956540553343,-0.012925918838173095,0.0038537433449430834,0.007747386100080617,1.8740166668362868e-05,-0.005633308779667723,0.0037604845759957595,0.010745329854190605,0.03322498610695707,0.009532104575449729,0.009475632067660913,0.005812331227580764,0.005719638052897003,-0.006617888385200642,-0.0010518448984328244,-0.010251606024366061,0.023639588567519965,0.010682535133977036,0.012269486347482882,-0.010654507237766647
2025-09-11,0.004672286636502048,-0.0015293465107488302,-0.006899985087398447,0.004970215819084782,-0.005068240135979455,0.01893732949848151,-0.007041828180369025,0.025401741119922976,-0.0019889810921205784,-0.004042877360573932,0.023074207130594642,-0.0034586057515457345,0.001744041922484657,0.005810436488541654,0.011098044769440762,-0.01324152157101044,-5.1665320564442396e-05,0.031690102172526866,0.002733562326806194,-0.0021797493857483863,-0.00702356043247232,0.012533002282964702,0.002616941373739206,0.013199436880623604,0.0013281100842305882,0.011929428114937746
2025-09-12,0.0011729809021833878,0.005562400823083902,-0.004439165021664221,-0.009047208183107539,-0.008530701449563327,0.0006415053461207883,-0.007112995070030627,0.0324242627071005,-0.009150420512578172,0.0051666587562884695,-0.01127618746797012,0.00018201524391474598,0.007045868605773864,0.01699169663600028,0.030666531220077786,-0.010127788726219139,-0.0016157860093249316,-0.006722232637492248,0.001976063189614463,-0.0073485151291755434,-0.0034004972011933976,0.00011241218301056427,-0.006990078945656374,0.003444191700238943,0.01041123573298366,-0.014593553982850782
2025-09-15,0.005281540251868093,0.005216682123162597,-0.0039727852888137155,-0.001012266728005658,0.010724427598876034,0.00013520919606222365,0.0021873240935232673,0.002412800347043572,0.00757108545187053,0.0028502996112504285,8.590523717686797e-05,0.010721376229278578,0.0016692524881836146,0.02931012171494521,0.013291512327377084,0.002611667056987177,0.00918834190161244,0.0051151930435709425,0.001640243976914335,0.010132084636816094,0.0041992944193264825,0.0005590237993691113,0.009111895022554828,-0.003191454340590579,0.007972698702370985,0.0067967323451590955
2025-09-16,0.008823520515010942,0.006934263995116319,0.002517074032535996,0.018082961969054085,0.004510588755817231,0.008733041118128693,0.005657218846410233,-0.002961454284872498,0.01057552946378577,0.01891725727151287,0.0018151412448383548,0.00897533648879415,0.012601199962575197,0.017673360278461614,0.013549236985163257,0.008408157483573236,0.012007611675521014,0.005890145789242324,0.007351318891024539,0.0058343267109697994,0.008401837546748198,0.0048594018411459855,0.02815328576101394,0.00487849911012037,0.0031801586540749827,0.016092925313272555
2025-09-17,0.007685837699244953,0.008594685985520989,-0.0007120689570908473,0.015453271831563956,0.00641854635413329,0.0026577995083693832,0.005336981834869455,0.002451731292382603,-0.009136159987436488,0.011387819657692732,0.00019574878636391402,0.012465608536468475,0.005732252653462605,-0.017451627895106153,0.1074444712460948,-0.00608990224018402,-0.0010744667097372096,0.004730071888452855,-0.004082273575099294,0.003987689682820507,0.012688442234271902,-0.004980912878210841,0.023186273045827814,0.012049410855979834,0.007134812501289445,-0.01158714818760792
2025-09-18,0.01805482302275651,0.0030327220793921915,0.006413316678004849,0.013163761636790986,0.01406147240985544,-0.0013492862848930177,0.03477186008688745,0.01940897226396966,0.01774868819926445,0.01199428225794143,0.012617640667485441,0.02049767614675685,0.029963979571170935,0.004680742243555469,0.059959433742684705,0.012469082102486095,0.021348152277552674,0.004959351942322429,0.008652902641995374,0.009055997139913952,0.06742652678016076,0.020206832445400558,0.020586375791338065,0.02301567960559789,0.00966275728982995,0.012913238637707436
2025-09-19,-0.00011575107935798611,-0.005362373462559222,-0.0054858476884979,-0.017126552940941547,0.005550161377018777,0.001485088313265992,0.01212851173684145,0.0025766203422864418,-0.0009581264681682633,0.0021865303782203304,0.006953657608894437,0.00487530024579978,-0.008550971608948011,-0.003359725391408691,-0.017361472820354624,0.002271704483970488,-0.006160578283441322,-0.009346228849989563,-0.009495066661236739,0.02030705744138674,-0.013662215504470554,0.016021490181825665,-0.014782505353485591,-0.010483368295903957,-0.0006357131104093138,0.01780296605313489
2025-09-22,0.004413730952958896,0.009346020240330533,0.0007609713913204197,-0.01515551638706388,-0.0048837084220541135,-0.014927107619809976,-0.0011190326673177736,0.009768578110804152,-0.0014921798794388596,0.008923534558751334,0.017465385170189234,0.015406227963128117,0.018457580252519517,0.010612346394773181,-0.02261769359878412,0.006575457924714784,0.0044508158479613525,-0.021403016347129405,0.009546396874202345,0.02005328149754074,0.007836343113458905,0.0007803452474193229,-0.004379353685206295,0.005970721193318335,0.014661526930036362,0.011325479142157896
2025-09-23,-0.0019172534621634278,-0.004819960507967036,0.0014937686014428742,0.005150294035846159,0.0033894325307077156,-0.004572583793666412,-0.0026186204544933127,0.008680744141663874,0.002577488187579702,-0.01575527640027794,-0.010786575548961341,0.0023165787990043598,-0.0028868957168911745,-0.020139870982194302,-0.014985523008442183,0.005204678986273387,0.0037670217571614322,-0.0060805972452397244,0.007567300892005991,0.010843332632780875,0.0003666352491779601,-0.007470164451048825,-0.005935379474480561,-0.010087531810812164,0.0012295888423862866,-0.0012574673382277912
2025-09-24,0.0005103991873966265,-0.003323734065988826,-0.006167256545132699,0.025465624534601123,0.023194457783517017,0.005108197528361972,0.0032805785320053744,0.015706320979944094,-0.0086213813543649,-0.009629420514159482,-0.010331607007922647,-0.014580531633035094,-0.008554320165271207,0.0018459285362464328,0.03351394195311958,0.014022438845947227,-0.003266790864455718,-0.007029511521921994,-0.0068103111202167275,0.021865113399058205,0.008747735379860316,-0.009085994520842747,-0.009601668602328393,-0.006123221978659595,0.004566926827664036,0.006282033497022027
2025-09-25,0.0017370284056952674,-0.006061266105592855,-0.002181204418388219,0.015028464748232087,0.01216059240821839,-0.0054083526867906824,0.01026793951888689,-0.018465451086370887,0.002388062095007615,-0.0047276540985722705,0.00769567754688925,-0.008764687782931962,0.00977524514870643,-0.011704351804329244,0.012928566369753322,0.006559941055162055,0.005298610115440108,0.00314002240512834,-0.0008886315666095101,0.023823647231339444,0.009093263636764298,0.00041130985775329754,0.005992852813539252,-0.005195236067268998,0.0036020771959993703,0.0023232347260001562
2025-09-26,0.0046543229437554035,-0.007722698911497028,0.005286082479374926,-0.005171313254929144,0.011445397385291515,-0.005060035121420906,0.024041649792692847,-0.0032838734333604145,0.01774251373038931,0.0068353933065652015,0.0031764367707790564,-0.003936333141604636,0.003489658438876586,0.0009954780326222878,-0.008279143959409383,0.023240422641263525,0.018094749171361384,-0.004943495432350911,-0.0007378525070153241,0.006091417882248405,0.007245948125233714,0.00045322975196212395,0.0076882398249390705,0.012917144746629049,0.0010635603866105347,0.004230952756928391
2025-09-29,0.004906473100569861,-0.001757192604624136,0.005353574718828857,0.013122946236568844,0.0027605946297249604,0.001084615041931218,0.015156360037406122,0.005336263004358577,0.010549582027388048,0.010206996234436895,0.00557413830791148,-0.004226151055894178,0.005567102494443438,0.008242160144344785,-0.01577957962118229,0.008460830135583436,0.006950414356178467,-0.010260413159394077,-0.0024527251646257243,-0.012119146098682294,0.013552771846733591,0.006076257179181421,0.021185960313184,-0.0017132254881740737,-0.0018559416970326758,-0.0013383088745178018
2025-09-30,-0.004778493628143656,0.00033870470371648586,0.0018557382791362653,-0.013154000809932287,0.007292401891533181,-0.0033112867199519324,0.019083549535415346,-0.014309049635030555,-0.002714674192301025,0.0045663874693630145,-0.027336466428639333,0.0009472021101985806,-0.004246686744986605,-0.002682132269935772,-0.021872153984827496,0.0018216025681786763,-0.009279130329260496,-0.009294275550795858,-0.0035822270763909867,-0.002097009161442311,-0.023741832869856233,-0.007785269609223558,-0.00926412894700468,-0.02146172520772585,-0.019553889286100606,-0.002696808533187295
2025-10-01,-0.0011879365340996377,0.0015389768530413074,0.0010560625426967868,0.012405443969472482,0.0008959113927189791,-0.0019462366853817649,0.004533550973380286,-0.0077475181651450635,0.054802729822634386,-0.008925252158596252,-0.01679016027396607,-0.0023014909451491206,-0.010374548702492404,-0.01703661406913401,0.0202069478394992,0.0038511047497690465,0.005242478282834516,0.0023982822520489666,0.006040719812230333,0.01101101016952205,-0.012329437823742767,-0.002574969798988601,-0.00644047558565796,-0.0022427242943668466,-0.007367321991168657,0.003475340551721856
2025-10-02,0.006466476191377751,0.0019731050010972527,0.009990547826026666,0.016415356678986026,-0.00533028418331851,0.005998205459650247,0.06076654227430009,0.010030656797115336,0.013392567307739434,-0.0014208327695809653,-0.0005563756829902178,-0.00033340026782837094,0.010704067419969548,0.008614769067961353,-0.008423312454573475,0.006171751270607234,0.02530201722396905,-0.0034195622471084874,0.0073662618053812025,0.012118171353611786,0.03641726736115014,0.003433068708738725,-0.0062137826999443735,-0.0025679098448687827,-0.007617795262125926,0.029973102142040547
2025-10-03,0.0026225499025018177,0.015905830543420894,-0.00569612012163305,-0.012762930499540082,0.0020948246724500157,0.00662479661036761,-0.01392557841384128,-0.0025960086358833476,0.00700401345835755,-0.002637058561097122,0.0026131137779524436,0.014918872056085709,0.007996502277976696,-0.0017255559970997536,0.005717455818207008,-0.004047506863684908,0.01092428805968758,0.002035462144376901,0.0013886073003537835,0.004941293884212106,0.06997144361195567,0.012210261719807117,-0.007670620006673837,-0.011208994590965325,-0.0019416085670139137,0.026056370314657434
2025-10-06,-0.010476623055395571,0.00434743875593907,-0.011499765052620306,-0.01978911665079495,-0.00774588609686766,-0.0009308414835087369,-0.007872044490302058,-0.019345328989490457,0.000812724603552617,-0.010533806948278362,-0.015821410224888716,-0.0016537663989022455,-0.010991904496717508,-0.012849257616683374,-0.002430352861511783,-0.006244618233255256,-0.019164155303655745,-0.02516812835320506,-0.012006362352983746,-0.006750584568176811,-0.024033410172957737,0.004083249859801311,-0.008661019259027522,-0.015462017799059126,-0.017532452206215736,-0.02390568274366489
2025-10-07,0.0018421269095237058,-0.0004178786919426747,-0.00040918475421833356,-0.005015828417578842,0.0009637551527072888,-0.0029972987317466947,0.004021337297504774,0.0021250332786094026,-0.004742544651944858,0.011508522434546569,-0.006837813985984487,1.710836400823923e-05,0.02361185543867298,-0.013957431236391149,0.006076444297572766,-0.02327124923151158,-0.006497758752911784,-0.005755240876720455,0.002999500422671908,-0.0009029415763097047,-0.006698123960154234,0.013784640587915335,0.010506821998757307,0.0016715462149226269,-0.004384098342188114,-0.023296097905191132
2025-10-08,-0.00404307883841363,-0.00021885792440402564,0.0016735298818734423,-0.0167971352222705,-0.011018684651558792,-0.0038815228075342293,-0.007500569072449015,-0.004632604325295479,0.010760053989484564,0.0027397742717587825,-0.01167780037428436,0.010243936474295473,0.006646410822817866,-0.006943374063724972,0.024099707349690563,-0.008109351218718502,-0.011613397394259681,-0.008899005609489002,-0.007874025662776663,-0.011102336247575601,-0.019988895945150104,-0.019191331318385005,0.004908920420894557,-0.003279717427179047,-0.017022421011461415,-0.003067526512371077
2025-10-09,-0.0014125009133662031,-0.00876205054881879,0.003455391871341501,-0.012494148451160536,-0.002790152063028703,-0.007490537170840303,-0.013687456513150375,-0.004208767345055292,-0.008443684748515201,0.004448002968942983,-0.001641153922628184,-5.949901323646367e-05,0.02095947034820277,-0.00694059544847242,0.011308403103419708,-0.0024993024373175243,0.0003235865357181912,-0.012898647801862548,0.006059531272660212,-0.008795935241022726,-0.012576578514450848,-0.011656915984788019,0.013674265775020678,0.001470388307886787,0.0031940591728947475,-0.007920727582357429
2025-10-10,-0.003881977323967344,-0.013907846115946776,-0.01783144552439324,0.0003516273249911846,-0.002500296586422368,-0.014929416908063545,-0.007738558064106581,-0.006343938141898496,-0.010124029586326345,-0.0001344313549523246,-0.011748227121533061,-0.0019551245324345547,0.001368304964779038,0.003994067796077028,0.01750858614714368,-0.013408983711264338,0.005840835435691829,-0.009974433859334386,-0.011257326963235115,0.0016675382853401008,-0.0006178115492073144,-0.002908691035172689,-0.003121892169273372,-0.0034664152926455164,-0.006125238536887763,-0.006398387003996087
2025-10-13,-0.024234978411974514,-0.02046565683456575,-0.033633904179422636,-0.030225346941762286,-0.03234437443140995,-0.023581592688924465,-0.03681938298660059,-0.025613120671144612,-0.019168109739846305,-0.01282188341588707,-0.03477319925790764,-0.02107380450143152,-0.02646207143345595,-0.013512362666243366,0.006701497136777812,-0.03906550608769774,-0.04612250684415891,-0.016029881732298884,-0.02794328094987617,-0.018469850166009223,-0.0433876951582807,-0.026990880174029667,-0.034723926887241116,-0.017918304842650966,-0.007717601842570132,-0.023529214078337968
2025-10-14,0.033458817590480555,0.02798581068261282,0.03561668489944961,0.03816384360956432,0.04807290690165453,0.032733390633220866,0.05109957413440349,0.029481765119155273,0.02797495747577239,0.029612875606976362,0.027223270255118486,0.013667630777536582,0.03827873644456434,0.018003213635781917,0.010063642100399308,0.04639486270900567,0.046155129105678684,0.021827703735166,0.04470012837660251,0.03762554573816606,0.06390895677309394,0.02502884375235378,0.03997039467073465,0.03212584586782836,0.02769968477293163,0.029821615714757777
2025-10-15,0.009166032506273064,0.0019679563796154544,0.001309360109512242,0.020184543080460544,-0.00396884039005476,0.0028179548930728055,0.021460087813103736,0.0064928968656426484,0.001107293500086759,0.012335340923762938,-0.0022281652158929375,0.007400836771675939,0.023320221851922625,0.0053201830817025675,-0.0009239154840389809,-0.0022969581023511987,0.016146110877967506,0.006290511553058334,-0.005332049454677868,0.023488771080797888,-0.02390201525974786,0.008168977532842868,0.006928677243101826,0.01619813141282513,0.006852290840417797,0.027893611139258118
2025-10-16,-0.0004582416047839868,-0.0020425324973711413,-0.00755917722898744,0.019836956951984046,-0.016155375493251203,0.0009047816833760377,0.009948829017483542,-0.013675031146760516,-0.01438643677631768,0.00810908853622062,-0.0046793187921107355,-0.000583976826824123,0.0077635493245204355,-0.019771352027988742,-0.017710052858768494,-0.004907339204573535,0.0025631715360061344,-0.0073337565956646394,0.006335405638628211,0.010129056708041198,-0.004668587492252019,-0.0015070987327346491,0.019564208584546366,-0.007721003491906152,-0.005557757084945092,-0.010752608268278868
2025-10-17,-0.0008364867201030779,0.0038244898862600184,-0.006533468598814346,0.01297014839391227,-0.00027508755488674504,-0.0014985448639152836,0.0024441464900076173,-5.6600332857842384e-05,-0.006197756074492666,-0.012713594391368117,-0.006119510387745071,0.0023709493543001003,0.0013691157811001609,0.028085127134470506,0.02178575515375985,-0.01205290204828166,-0.00552221541526036,0.014739097683822908,-0.010755485367790297,-0.008468567062917052,0.0013722628256201963,0.004533647783857497,-0.00383849093275958,7.593297039051141e-05,0.00222899112956666,-0.011368649680289694
2025-10-20,0.01361190679197349,0.01648922452724779,0.024666679406524616,-0.012416110499266423,0.017309529188950797,0.00615714905944704,0.03389380307341361,-0.0012211191974562015,0.012864882942796196,0.013403784282953694,0.012142981234474362,0.006628958957070413,0.01683975898340844,0.00387885230079843,0.041180113202415596,0.007100572091711471,0.012882458631696977,0.0006587632359911222,0.007232836318453251,0.014045449436632227,0.011994432872666327,0.009493654000873361,0.00575435406547538,0.014866473080201037,0.014810269293069705,0.06271999543694473
2025-10-21,0.0023678303013522457,-0.0029459985898367624,0.016999018195478832,-0.011251794090883616,-0.010510056543719485,-0.005565727719561647,0.0012171539925650038,0.002735492491616661,0.010347607635320655,-0.0014895750147349007,0.003228042728042261,-0.0006084197159039295,0.015760751308258315,0.008507818941780043,0.04260938573790015,0.011941480909963775,-0.003133918000221435,0.010284658950091771,0.004826614362498194,-0.010965534909161159,-0.010040031303856917,0.0033687735824632845,0.01336428426570259,0.0071820844787456985,-0.0030496884417943572,-0.022861299546459768
2025-10-22,0.0040428688786572214,-0.006031836130472756,0.00737034196718496,-0.01699685164042669,-0.004703093589558599,0.0034280965302838583,-0.01145136753733579,0.0030492657266618837,-0.011445197535966001,0.008270965389557055,0.004084175864550195,0.0036828180176951934,0.04051941950501075,0.0015552209613335366,0.07485642279534795,0.007022676835478137,0.009224087923678077,0.004446963190452971,0.005293562801877094,-0.017836058760552793,-0.006886579067965415,-0.0009508093858040939,0.013242953613001247,0.0005693133360939024,0.0018496900392874938,-0.021007018918709097
2025-10-23,-0.00675469855673355,-0.011620872298356334,-0.024468552200915025,0.027305767794450864,-0.016653864578603614,-0.005087685956052135,-0.028245679119009888,-0.003922329464524689,-0.004966304327717763,-0.01046402840766717,-0.00422407032090516,0.005170575454043591,-0.00100897206980049,-0.009710697086731529,0.0020373862736164927,-0.005386469680297823,-0.013373373607639757,-0.02743474224265613,-0.007087465548650085,-0.012754872040994014,-0.03901646641959233,-0.00856859008474492,-0.012517841361854456,0.0050873071702013445,0.02227838157868294,-0.0020939147628900034
2025-10-24,-0.008403693429149376,-0.010425945685674575,-0.0172360812972029,-0.013979479873241848,-0.018713381451742145,-0.0038891756809987742,-0.029340432800449623,-0.00042252499164109153,-0.008204983419416024,-0.009623241172951635,-0.009856651245931047,0.007459474549045136,0.0024502901081409566,-0.005506590383642845,0.03689111082587726,-0.0030171639968074315,-0.012226897341360312,-0.022684327160483256,-0.005865618494314972,-0.02702619347822845,-0.028861673738112714,-0.009714160125899755,-0.0237578274315499,-0.0050285098971704426,0.0026177013923696646,0.010808649786561875
2025-10-27,-0.0028764319504507247,-0.007084616208316907,0.0034063611057437854,-0.006079901484309869,0.013840427762758557,-0.012018437437229617,-0.007948682169719386,-0.006463687831569985,-0.008927418682139355,0.0008480699376263335,-0.008418956768805663,-0.004410904462391901,0.013841512898748676,-0.007960039819915304,-0.007296288443745477,-0.016466676244539763,-0.010540399274514346,-0.013518620557897099,-0.005907504795364516,0.0008458052149458954,-0.006101851386530188,0.012143107698834948,-0.008181495314638012,-0.00945702024610005,-0.006178070797133722,-0.01768020776150292
2025-10-28,-0.016731266985427387,-0.017983023126133334,-0.013461393773590305,-0.009933821773717525,0.004741705433595298,-0.01826713478000242,-0.011212260102696936,-0.008435763596891447,-0.013556967862612979,-0.005324872292064136,-0.0644663004083672,-0.015238138426347386,-0.03737285704058142,-0.014222059864074571,-0.06525923297695882,-0.017809864443567552,0.005019845685949326,-0.018346798048434518,-0.0016289371400625807,-0.025377119303649515,-0.004867042489187012,-0.014743427938188981,-0.02789890301090641,-0.010294619460665292,-0.02064185240028407,-0.023566911132313823
2025-10-29,-0.014106373369476516,-0.012954579311227598,-0.005682216546002664,-0.014861609906965223,-0.0074566453583760775,-0.018654189472320296,-0.0027930973345612576,-0.021496103748283247,-0.0010043169895931126,0.0005941153375706165,-0.061421306727546754,-0.015125562706011942,-0.03075367888650856,-0.011980283353033833,-0.024659611550893374,-0.006661133726235391,-0.014888505999864379,-0.013980723456875649,-0.011589345232569858,-0.014240392034557332,-0.032426454392985415,-0.023518658433798148,-0.012332249634711459,-0.010356381034124307,-0.02093437570884986,-0.008155684426289472
2025-10-30,-0.008786493898585115,0.0022718850230133204,-0.023905246081048367,-0.002328846556026387,-0.007385449662711694,-0.0018906567257522822,-0.018355084657236787,-0.00027986322301656874,-0.007428297249380544,-0.005743527464414355,-0.024638625978078754,-0.009014014418331806,-0.020891215052408357,-0.030146068081598865,-0.039228049671465204,-0.014128333184894232,-0.01961934121977001,-0.00920787443018549,-0.012435176274027371,0.009390224771559914,-0.009118764668108542,-0.0036274457838494736,-0.01055343685933145,-0.008692744111412281,0.0011865374407248682,0.0020781008600004314
2025-10-31,0.024742869575647756,0.012443560963913858,0.022082300417210293,0.038495090539795794,0.034152148268380936,0.022283195877597674,0.034581416132899175,0.023730486591947025,0.016797913823644393,0.01859489402182052,0.026291511437097476,0.025737064968680896,0.049975559943847815,0.020292009481799655,0.027240210650513758,0.014334728174176636,0.01785611995018162,0.02577577497461643,0.019912928073353965,0.006553102387733267,0.026489820836910205,0.01468041462317568,0.018784017052290776,0.015524975924494632,0.02996597867511751,0.017791905572833888
2025-11-03,0.009040200360873465,0.013376950343637917,0.006164890824563826,0.00773433723484009,0.014979764530227072,0.005801550451242993,0.004069965107674989,0.0028740182888434274,0.014671197110588419,0.018758700341694107,0.013769540113645432,0.018658526209163095,0.021167222074780223,-0.002140899627687126,0.016804054327946644,0.005288314648834641,-0.006153313996640665,0.009545571569556419,0.005678830418137615,0.00019806246549841644,0.04721747593519038,0.012354394610686645,0.020180588285952428,0.0023204186923507083,-0.005044719220013079,0.006576140643585804
2025-11-04,-0.006742736555972934,0.00010264178404777447,-0.008995678318910558,-0.024142625096285304,-0.01286606028379634,-0.00966754601112669,-0.017077512442833263,-0.009027277158968219,-0.009992640275496045,-0.0033197365647471334,-0.013899556238004818,0.0031856414275146018,-0.005248714134847709,0.0018583293707447324,-0.02642459758432923,-0.013516218785075584,0.0004930108918110113,0.007852535837150898,-0.01271158461744588,-0.005712393411898593,-0.024791997409989802,0.0025944837331215234,0.003582042590304448,-0.005221790678341276,-0.014921075752804769,0.0006371929680816513
2025-11-05,-0.003319486355856509,0.0030663281439632815,-0.00914203439428185,0.02506865578692019,-0.0168331856436943,-0.006209263509767144,-0.011654257907957289,0.005168194797545868,-0.015672737201267228,-0.005888976843159671,-0.015650989005552673,-0.0010664599438466149,0.013282649364120769,-0.011000058829577275,-0.007933310388144932,-0.006637594168285632,-0.013869755199024768,0.006920407253557623,-0.009987717320951172,0.003187563913225896,0.016809865759724374,0.005087159255545898,-0.024750341860530132,0.0047975603032532135,-0.004466437973044684,-0.004826710783426502
2025-11-06,0.002464712671943967,-0.0003879491890209752,-0.00318690835107463,0.008527788746558332,-0.0008525079028104986,0.0052237994240276545,-0.005184909915000892,0.002214126103889232,0.0019477682349273938,-0.005572001026494211,-0.0038782253558608906,0.003979674521181648,0.015425840473804141,-0.009513829546342417,0.007743898892261966,-0.006581726164174545,-0.00614277988511347,0.0005004867575791189,-0.004136971620877561,-0.004492788844355619,-0.0038451208441087903,0.004847305134595567,-0.003986782110576618,0.005581709690355418,0.01600842989701026,0.005470085033748184
2025-11-07,0.0025706360804316547,0.0011368993915999326,-0.002778040464165382,-0.014363325526247436,0.007996187199870112,0.013136203684917093,0.003588176098118988,-0.009927122987276243,-0.00458216794060109,-0.0005758137687555176,0.007416610750519026,-0.0031607049200464087,0.01033342983564769,-0.010644404748515968,-0.007148235216469091,0.011787162134289764,0.0017478529299769106,0.026860192246385278,0.0005779265993014149,0.0043347740135193935,0.01387062250722318,-0.0017402025072305038,-0.006653572483907958,0.0053506905875585955,0.0006689841541638437,0.002239090314015313
2025-11-10,0.013079645011259603,0.005395780304880004,0.034857357213633144,0.007659225000528458,0.027947525256640925,0.015024547522021776,0.004013815659681864,0.01424245852482169,0.02020635536685127,0.009751219833598645,0.0033798619884167027,0.010454373653850779,0.031224979940144216,0.022745997531525064,-0.00022210421980747456,0.016830078939681026,0.00487193141803741,-0.006332192313505208,0.016611588460568073,0.006852259135290211,0.03382229337255971,0.0079401874391294,0.009904429073434045,0.013055175421817106,0.021227729941369632,-0.0004999441263399684
2025-11-11,-0.021028782285357178,-0.023165424909825972,-0.004718024636769541,-0.03656722616643154,-0.032695028671641056,-0.012880565791326787,-0.018749985545352683,-0.03573001302117304,-0.02313681193935868,-0.009333636913554794,-0.02837450471567432,-0.019000530596890646,-0.011300229823475722,-0.011615870934979233,-0.03610692876030229,-0.026516420908027805,-0.020570116697605792,-0.026597619035431355,-0.010293675974005845,-0.013638787860705317,-0.045926879406870624,-0.013033441169564855,-0.0341546036457609,-0.03738608207178694,-0.008193763482206462,-0.020776157701944825
2025-11-12,0.0018840370303278052,-0.002185838486978475,0.00038918305993809743,-0.010930806698603338,0.006316371213338612,0.012398429325121451,-0.0025447467485373125,-0.0014402506891453466,0.007251078910222875,-0.0004396342239520179,-0.0024326818176215737,-0.0063370947180445385,-0.008938948849287458,0.016686551978957215,-0.0042667518856869735,0.0012755691410793468,-0.0049901607003531735,-0.0007773206343594102,-0.0006584836013766692,-0.004745870371534582,-0.009998653182222872,0.006888353026709218,-0.005958786798408421,0.004356414007097315,0.03860582521717451,-0.016763125369031295
2025-11-13,0.009769921778563518,0.0046167551025785404,-0.0012308642570764,0.007504191448049979,0.04915790317377666,0.01154144782801899,0.0059801737909243565,0.016185506917593368,0.01774502799054418,0.004239105255016268,0.02050172691017906,0.0021827857591788734,-0.002543333905682665,-0.0031094856471137744,0.004405235047617219,0.013751024288361446,-0.01022994089677012,0.006866159819775772,0.00954306886195696,0.01361614848862519,0.010871015160121622,0.009807837500698802,0.009836732068024942,0.017685841587072523,0.0033631649383412997,0.01738742196084697
2025-11-14,0.010581288940196538,0.009998407594799641,-0.002731134273353336,0.014605047774636079,0.014623737874607442,0.010989881936739828,0.007785707220986815,0.007811073162997219,0.01329609628216517,0.0018572613743489952,0.005009402278426833,0.010070091865581627,0.011252584313244607,0.03567958100619828,0.002730800015661759,0.01717105104566502,0.016610519375236634,0.007789355269236992,0.014022694549564018,0.00954693448025508,0.008709843583851185,0.01963318434387866,0.025157022776866076,0.026959958934858447,-0.005019440043390266,0.0070475016603850915
2025-11-17,0.007517728574134648,0.00347914768600206,0.005103743671968544,0.025954594151341288,0.004059146598346014,0.01845942711377091,-0.0030637123976613853,0.019070286776388317,-0.0023712905509989833,0.0025545703015154462,0.016844097767433914,0.0035957575591394563,0.005622807195846113,0.012058790014997628,-0.015481032540114268,-0.00119521436823522,0.0037002862774224957,0.021259849173708115,0.005721313306663501,0.019223809951784472,0.022769816327634196,0.005735352517261552,0.01395754816884774,0.0010339887942728847,0.0027981700542609443,0.0033699379227855875
2025-11-18,0.0003862082681451685,-0.007402739184116614,-0.003267482532117408,0.011933071945572063,-0.0034099005916388213,-0.0009761281925386956,-0.0025530425200930296,0.021408702831421007,-0.009031429041235084,0.006290266523750509,0.010775247265465748,-0.013455776867926211,-0.00783523500139699,-0.019136714111210373,0.004267391715588161,0.000612995197570354,0.016752210701967824,0.0023659543303936603,0.009214000031067815,0.013117258279085633,0.03433172940216633,0.0025829024238113243,0.003308496294995189,-0.0030438561103607147,-0.015546251670379152,0.012933634904784996
2025-11-19,0.000662122152668533,-0.0008950665339421237,0.0032260885932452604,-0.002508935788124204,-0.004677784898335016,0.006844883889256023,-0.002019229588725965,-0.010695529782205726,0.014550122769406815,0.0019466856121160615,0.004779050367102781,-0.005842542680081675,-0.01206365464766681,-0.0028299901717347975,0.02461332148417699,0.018772242594108146,-0.014098143843693012,0.003551972451052418,-0.0008038789626268917,0.010549555000404887,0.015739566574623137,8.079890788319916e-05,-0.006863357016382513,0.016556610329618464,0.006470023532330586,0.000653130555281739
2025-11-20,0.007265078441785108,0.00038124344263243957,-0.002827456144737228,-0.003925391786251879,0.009246616481512378,0.020797708757270623,0.0009593925393373823,-0.0066372552624822485,0.004704812891699684,0.00540419210034504,0.05548106558692215,-0.004943450750870581,0.011925796233281022,0.022297014739792148,0.016151976521136074,0.01215631974536624,0.02419254932720458,-7.962836300587361e-05,0.008514501477580871,0.0147606008819843,-0.003273621043746372,0.005296879313117939,0.00608451081088177,0.004885555669535542,0.008898066198827359,-0.004263150337725924
2025-11-21,-0.003552482516741097,-0.005385100121711261,-0.006987620575200901,-0.007061099122628811,-0.003980594899117664,-0.00819947071608138,-0.001534051195627971,-0.014238803939313668,0.0010048095941413537,-0.009325025024400514,-0.004917339449760472,-0.008020209549344116,0.006070103228271501,-0.012111560982663139,0.01686876758560691,-0.007207960681652165,-0.004188894215302626,-0.016884964927034632,0.00151689460303448,0.0018831561949892756,-0.008255135243736444,-0.0029712950727805256,-0.006214934470333381,-0.007903783319120098,0.012577640354707039,-0.007716962769761054
2025-11-24,0.0015357204333178059,-0.0023943478962497157,0.020734964548218326,0.0019337894217328344,0.011578099334846914,0.008450018973219713,-0.0033705483945172896,-0.006347642649057905,0.022304974008112176,0.007770127385017566,-0.006923114761383076,0.004391715682982927,0.00951715741869642,-0.0039464416575538674,0.011958986827870586,-0.015963009193563443,-0.00010025247757891907,-0.010386454001196935,0.0010089577646495208,-0.002293052992233321,-0.02117446476667656,0.00014103806823524413,-0.009358458129471423,-0.005446574245883853,0.0021624532351013884,0.0023185518877786304
2025-11-25,-0.008096757954033468,-0.0032188455498654567,-0.015050307566143215,-0.01591975800261865,-0.011053518266369114,-0.0031345215902358905,-0.009454324988490291,-0.00989391034511398,0.0005388780712908048,-0.018893905869354598,-0.013496433878484796,-0.0077230491147305905,-0.014607480845449095,0.02301884158301515,-0.011564379806754701,-0.0017854604507626382,-0.00814187970880039,0.0032858269047055383,-0.015333929643683053,0.009963473410734138,-0.010795998478162566,0.005350904386193428,-0.006994906380771009,-0.00854969264194865,-0.020461128788274115,-0.00013919836865525226
2025-11-26,-0.006884829702936424,-0.0059348384686899736,-0.00885192632910975,0.00018992368237365684,-0.007453677642498628,0.00163397986359132,0.002416754564652629,-0.00935713254144647,0.003492150835079677,-0.0015041729337703757,-0.02340825157630146,-0.013453878372397893,-0.02502911674034349,0.011648859639767695,-0.02831359532178111,0.006799460529613721,0.00236065120248684,-0.008154261474135172,-0.014841420781306291,-0.003923659176962905,-0.023891850146896015,-0.004224706355448013,-0.007034255089783107,-0.006889273719428151,-0.005259764575462189,-0.0046107331878458835
2025-11-27,0.005637759395275213,0.0017629643130832374,0.008869281870084553,0.004064195183495063,0.008100761042889933,0.015729979544741278,0.01004522513244842,0.008451603587088971,0.02717112848232981,-0.0011358442551143988,0.013206440835345149,-0.007802662929050519,0.007567045243550697,0.010462253439782188,-0.0011047000858754239,0.01973964178758031,0.020605724978164968,0.0012355208396174072,-0.003188944871748256,-0.008744351879723897,-0.0004778270791069017,0.0027529232712583535,0.01100595420532057,0.001370972295585477,0.01380697058068819,0.002087891338050568
2025-11-28,0.003126856084660291,0.012833635457665592,0.0012844398177403182,-0.007537296837856773,0.012409415771831666,0.008308155069642132,0.006593829980396405,-0.004657702882034422,-0.014053300444624096,0.009328578361775901,-0.002647588685331511,0.005878351506662527,0.0035778042038095313,0.03345379165611986,-0.0004730641688018051,0.012091019990022933,0.017086896501599707,0.0038331745153922236,0.0028349840038852992,-0.0049231526643718215,-0.0016289166744712091,-0.01201004034152061,0.0028006679656322276,0.005821863008070749,-0.005354936299829854,-0.00010178968653917764
2025-12-01,0.009996662079872782,0.003075324452002803,0.0005342783571678361,0.003679992435603907,0.013010480955383538,0.007391226108913804,0.005506825713958114,0.018540947300174655,0.006335887528848128,0.004036467696164092,0.004736658800185645,0.00433918867532383,0.02586746803406728,0.019751142270552496,-0.010163707202615628,0.012403023938320712,0.011169406139156525,0.005485377531515873,0.0066034804537484,0.00753570180335829,0.030578241234128056,0.017707375227397577,0.023579189432210206,0.0039010963775800156,0.0030517983311591237,0.007855462403096009
2025-12-02,-0.0020890265902746893,-0.008040481668063792,-0.0036657068398814746,0.009417465833384505,-0.0018300485046317473,0.002101587049946627,0.005663881094988575,0.0026190122085240075,0.002688536656319007,-0.00916363200532464,-0.0010172054816606397,-0.004905218764224467,0.009909657655219334,-0.007467812956637149,-0.017114525978681207,-0.009068135703433788,-0.012565350276485606,-0.0047486366596956875,-0.0006820208109806769,0.0006367105101873534,-0.008659643501299025,-0.011280606565059484,-0.013417920079769734,-0.00427011544635945,0.0003110766642567761,-0.0035897407175666807
2025-12-03,-0.004068939516850082,-0.011629682873822156,-0.0024434065660609156,-0.01034605809640867,-0.0075123281561303105,0.008568609205523376,-0.006297651595868165,-0.007927376597284328,-0.015180022974237529,-0.009143002828141622,-0.005899983686130576,-0.003835185570214383,-0.008444190611154256,0.005428164930671026,-0.0080475189593017,-0.0007448999496923181,-0.003421705235753408,0.0004339374054391776,-0.009458024119849917,0.005798966506608113,-0.00021020513636460514,0.008098683681593256,-0.002424758099559919,-0.005237770644160866,-0.00821192081310453,-0.0008362423428393273
2025-12-04,0.005728034915277943,-0.0028899450204019407,0.0010456133299738962,-0.007405579304806657,0.009274055495415738,0.008438647834954259,-0.00250973605866007,-0.0025295491058575093,-0.004263533774087081,0.0009027423533992607,-0.008490292872393964,0.004973612898550928,0.014906797692572632,0.04420277969597952,0.053125232315843415,0.0009751153491502351,0.006757075143850982,-0.004782092322289877,0.0004894351271764963,0.020293456563366175,0.029739630883510282,0.0031539202745600944,-0.0012722991096811933,-0.0014765609071848613,0.014974550537006364,-0.001982025782632041
2025-12-05,0.003810785389287416,0.004787760898406046,-0.0008568055461874585,-0.0025604669072049244,0.005422328683152975,-0.004075538587600697,0.003632847168339372,0.002939716640586315,0.0053227231858908874,0.0021201631284614606,-0.004074811078615533,0.0031193697786869755,0.018909049238917498,-0.010096507129792653,0.026955371030048143,0.012458008977683455,0.002219746133133101,0.0007989561366356507,0.009774209602945162,-0.0013226152978902314,0.012380309965729586,-0.004099534078942459,0.008392609008492511,0.005497199947005313,0.0069002744383602705,-0.0009718410293668434
2025-12-08,0.004241507338767788,0.0007420852271707412,0.002699484601053015,0.006872285430665259,0.007818612238908333,-0.006923631968826014,0.006705653253917844,0.0033878992491171342,0.0059559574638817555,0.014527528318276788,0.009274554228611473,-0.0021028573473604708,0.0038240984108219413,-0.005384993878886191,-0.011091954299552453,0.0027648249550027426,0.002629894326171889,-0.0018935996674549205,0.006354724723179583,0.02280159879350651,-0.00015472666952451308,0.0011211352184484075,0.022811052996433108,-0.0024801792979098083,0.0014256464729046625,0.011174742212058941
2025-12-09,0.007470566961174341,0.00010231239291463856,0.013305894853669994,0.006730571597561926,0.011237978101374032,0.007580629367083871,0.009856698295819196,0.0348145175062029,0.0017327019426983225,0.0073475785715520605,0.007068537592263557,-0.0035074613394041497,0.007784113892251632,-0.0017445441511005078,-0.014856595034693974,0.0018073563093856104,0.011032548191367182,0.010761757593687263,-0.007379103154954991,0.02437185654694201,0.007128487406538597,-0.004355179460740995,0.006723853596480771,0.0091551571400736,0.011829218763835312,0.0006756307938761419
2025-12-10,0.009283747650343942,0.004334804041327555,-0.0005923439930877045,0.014600823302382307,0.013765628607957015,-0.0032158182666638916,0.0035946493514017346,0.02864319490079853,-0.0019819939763213944,0.01449959066522984,0.027131752320884828,0.007967278375649678,0.007077159970282898,-0.012722315602797046,0.027035554448295102,-0.007734418712241342,-0.0012355623759807452,-0.00038963466173105865,-0.004250424794213281,0.03494998994543846,-0.02239734656389114,0.0013557917360969526,0.009970419373367647,0.010937773811075932,0.016829682938537472,-0.0036035975093786643
2025-12-11,0.0030540854758432513,-0.006166465786317255,-0.002316956627920738,-0.0059616180111225865,-0.0157801484624632,0.012957738859995446,-0.007694811861551883,-0.026410555277231528,-0.0063598563688891385,-0.004952537997817874,0.015037399137636723,0.0017404108655714179,-0.0022444320211924217,-0.016617790800271648,-0.010358978821598561,0.0018757612514598843,0.004456190449773325,0.004121105295574093,0.005008904109854051,0.03196668007822605,-0.003989249167678927,-0.003779922184626909,0.017516237245968205,0.02189488366597606,0.02751356291047485,-0.0018689528059322724
2025-12-12,0.0072938340635866905,-0.0020900757854570573,0.03263126776230839,-0.0037307369761786315,0.012829544584647546,0.00027483865406889503,0.0024593189390762844,-0.0017067160106961632,0.0075517590370481665,0.007894129996348597,-0.0040164346131886615,0.021706122355182617,0.015831657312361042,-0.011105600651954178,-0.006082900780264966,0.007709843270864436,-0.0002956212618880781,0.0002188048844642826,0.0200158115222716,0.01107515267617373,0.0018739299693427414,0.010294232328127102,0.009835273496281311,0.003126145436281511,0.008586580501962295,-0.007281610171599562
2025-12-15,0.007699396560577971,-0.006316053730370852,0.015051731378513664,-0.0007575678690715515,0.015979663286670488,-0.0026225538576392852,-0.0018075098432465014,0.007134789780953971,-0.000527694084175856,0.006223804485524537,0.014138080558961838,0.014299693782301576,-0.00020123837736552575,0.027583350428796893,-0.005404198140548917,0.014079980419076127,0.016149074191192096,0.014772015149847745,0.0005016432678668026,0.012177445544522008,-0.00477359989683801,0.008017088749459403,0.013547962793614763,0.010015749574311412,0.017452736505495357,0.030337044474992914
2025-12-16,-0.006345505420916858,0.002141195998788659,-0.016064252035511734,-0.012812234880052101,-0.014619278158915519,-0.007713786430579978,0.006505028214743355,0.007887350269233179,-0.005508847043357923,-0.004096745081514419,-0.01073640835865114,-0.009851188418305673,-0.011075711647842107,-0.01574224420387771,-0.003868843782065629,-0.010315169567874982,0.0006746487503288545,0.011430299323059154,-0.013446340252496147,-5.507857447699978e-06,-0.010982410225825329,0.008459575486950026,-0.014218174712597922,-0.009379257921543307,-0.02662711333188279,0.005944049098068782
2025-12-17,0.0010238835661962782,0.0007192269680750373,-0.0007618464657709739,0.008082189887652266,-0.005497219983658708,0.0028132633413110396,0.015252565178088139,0.0004915795425106858,-0.007941591586488505,0.005389820872419959,-0.00993732154005376,0.002556702906691172,-0.007257575939931848,-0.013318958458644753,0.0020976180874968187,-0.008963116423206408,0.006787338241860076,-0.0037510372610106285,0.007833288593291809,0.009492075660372459,0.006704244290141659,1.8719438705898372e-05,0.008291560485319751,-0.006058000534168506,-0.00016565033963349056,0.01161961072365722
2025-12-18,0.00429485822325158,0.0013459967050261311,0.006487357646995151,-0.00217656314280699,0.00808383682232903,-0.005856507157380152,0.014972659718872832,0.01527122993018624,0.00869783645334501,0.008189362051115718,-0.0007556861642898741,0.012859364296429998,0.00394856760203427,0.007680400220510308,-0.005665303328054959,-0.0023681426945053874,0.0003973630129993201,0.03133954632256483,0.003809735211086118,0.014044003921519999,0.003007030991355908,-0.006528324309706068,0.0036605123508825816,-0.0035195153699837446,-0.0033007571945748992,-0.011268002320042603
2025-12-19,-0.0005952963636652892,-0.006067709231918628,-0.0069253309861703055,-0.011630492365091635,-0.011160269887650894,-0.004072559561716307,-0.006549415540047498,-0.004197744268824484,-0.007794128820678181,-0.002866187208520743,0.0059281221792096645,0.007981555536402073,0.0035944341822708448,-0.007745420918441964,-0.007824483870632361,-0.0033366811870985946,-0.004203091597143049,0.014933891816492323,-0.010013279784654338,0.019828222474926802,-0.013796858708175708,0.005654397898640612,-0.0031106082704571237,-0.0025401167837213034,0.004343786026979391,4.423588318966387e-05
2025-12-22,-0.004297026372984434,-0.0036549883532039805,-0.0024400161016313177,-0.0016337024018896102,-0.005475084823271362,-0.007939886425022098,-0.0034347274925212432,0.0006285256774459513,0.008621625293126956,0.0005317642284745905,-0.0009025497708249711,-0.0055974374713628205,-0.009138424293872316,0.00276511883694866,-0.007137258650692162,-0.002323609951798533,-0.01076603345378936,-0.014332696917547585,-0.006700936362843512,0.015622423194613766,-0.011545026275205428,-0.00521740225051693,-0.01894414631158592,-0.007208813996423994,-0.0033177469767594146,0.0009097273853874432
2025-12-23,-0.00786443035063573,-1.211308908659614e-05,-0.009783946643264568,-0.015554360537729092,-0.0018139455903241194,-0.00686837877359406,0.0018927960021756813,-0.016122408319504945,0.0034175056543996663,-0.006437985643136163,-0.0067043657957171305,0.0003568529502419204,-0.011539688696954254,-0.015107329380011025,-0.0026521682608852443,-0.00518977751064878,-0.011743775595449948,-0.01474960086595821,-0.005850788952618036,-0.03023090810512977,0.0016475084097133663,-0.007142051011243492,-0.014439061993476736,-0.009665734268810408,-0.01247719684262658,-0.003944865998455227
2025-12-24,-0.0019730726618401922,-0.007291077290227277,-0.0021542925631149457,0.004070112041276867,-0.008542651314274459,-0.004634811399471709,-0.002678454840390269,-0.008902701402674462,0.016645270705162106,-0.01058370420055455,0.006134417682128061,0.0037858072394202857,-0.012115211736333231,0.0034308947939944157,-0.005252379933717918,0.005826571991802698,0.005215499791447666,-0.0017896230508681193,0.002710238713862767,-0.013400799539302193,-0.0034438057407534806,0.0210989467525792,-0.001345761261450838,0.003445663332802735,-0.007152676022597981,0.0003017577456049525
2025-12-26,0.0017500459177526085,-0.0027182832055056448,0.009740603301390649,0.005440492406139437,0.012468188337506873,-0.0005096419883617046,0.009114928554015897,-0.0029318394278978754,-0.011673036676481518,-0.005340052062521495,-0.0020741683210342052,0.00016401287439260503,-0.005593585531689644,0.0013661410893571757,0.025346126922801884,0.011124933544324145,0.004612824977519285,0.0015274027297581955,0.006590733165571239,0.001090993051940024,0.0017449256708858552,0.007220577005618352,0.003532977117337236,0.0022588940428790276,-0.005395247862776974,-0.0021437924404299202
2025-12-29,-0.004635920647904535,-0.0039130702612430015,-0.004004672430326442,0.0003117620566275292,-0.0009541628981721839,-0.005077546241246929,0.001303905483945229,-0.008085806592796443,0.01219529648197797,0.003817014646309369,-0.006836652687387146,-0.011416166609405604,-0.018380981037550547,0.0028931152089394507,0.005911091888475083,0.0078689390190049,-0.0008876442959712004,-0.011541047569812474,0.00236893159566004,-0.013667370355981914,-0.0006972136172743448,-0.008040164465250112,0.004936937174722251,-0.00601733189151445,-0.02421450782119741,0.013494957066904512
2025-12-30,0.009711378349267948,0.007002238961674423,0.0007670304079533952,0.013057609557548347,-0.0006459942669750983,0.008140385434181252,0.004417308453373672,0.0037616396596959847,-0.0022729117445106084,0.018096698359950564,-0.002332770279847629,0.012435811677197655,0.023803313942700376,0.00807023135553031,0.003742744744805626,0.01407877386267642,0.011680780951319933,0.007978378644442174,0.005040327705601033,0.0077985002187248255,0.03925843922396505,0.014712079748919464,0.015138227256702346,0.008942421657062875,0.00869469162146335,0.0028215290767782675
2025-12-31,0.003919700203324364,0.006923988537523984,0.008563139249844018,0.005615471286831912,-0.013527311016521675,0.003746168791567797,-0.0012090180356184004,0.004337489269263177,-0.0011986210552889843,0.007083267646282504,0.008675035786306073,0.015448142560832245,0.0035634940867045827,-0.009500474702637984,0.004764685587922202,0.000956806807584698,-0.001732787031774695,0.0035424680295262218,0.0021748561003311685,-0.001494354742257715,-0.016910487826674925,0.012924941596850835,0.005085896444272772,-0.0027151047128700645,0.008868154655439938,0.04023035652507195
2026-01-01,0.017333743781137067,0.007670218552381469,0.020272609217449195,0.01621259874507271,0.004786375445019828,0.006913102383793104,0.019330517190863376,0.006596484629152892,0.0032322995386500075,0.013730195818857599,0.045827289349445056,0.02611800792914054,0.029662039902526333,-0.0006990409804738251,0.001240494353475333,0.010080205872443404,0.0020826383032912016,0.0323545679869702,0.029627177776100667,0.008429491560173188,0.014107728334349201,0.025041522629303634,0.01772312891204392,0.01291909823073424,0.025769805111098595,0.029133701961958525
2026-01-02,0.005864560575718138,0.005281381820161446,0.0056297940364454235,0.018101154349159414,-0.0027943297460867192,-8.549988423617609e-05,0.017685297121914065,0.012295434099729385,0.037280676834731394,0.003872702949964768,0.0052263059919173864,0.009596595817627469,0.0046267872976654524,-0.012817268717465496,-0.004702485948184153,0.021005761387641375,0.0027372059603898314,-0.012399887111830377,0.01146327575854621,-0.007457613800932976,0.007773171490246311,0.01139784651896883,0.019762417272361665,-0.01019567233719337,0.012823096872313157,0.00412286634021794
2026-01-05,0.008234613549472377,0.025860448786447478,0.00019842456338046988,0.0003212637342847972,0.007534461415685458,0.004528311181469814,0.030958478871688525,-0.0006235793187027716,0.023934124336122853,0.006157058917825942,0.0005645783996657087,0.010318256072307741,0.003421670251505049,0.0015905905400794562,-0.014563310093602677,0.00443448281687861,0.013618816119190568,0.0022775797717448504,0.017678490118373524,-0.0008237094805299232,0.003071281110544749,-0.02234787517922581,0.013314589172998492,0.009329423675202292,0.036886945244348254,0.0197105310691926
2026-01-06,0.009429922056087562,0.017254872792308328,0.011675781337129279,0.0009929718973139545,0.0083018963886616,-0.001230541378165759,0.018777458448586113,-0.0017146520605445248,-0.005298777530203335,0.002089481238743346,-0.0010320158078239532,0.012908706375058837,0.01162221189657962,0.017965835759453708,0.036348296049820136,-0.0008272823787953409,-0.0002093415960143045,-0.00013168676499424048,0.00809974373605471,0.017086921746200006,0.03787969786607359,-0.00336238742469043,0.03603580709111868,0.016694903967222022,0.009013891151061918,-0.01574371674000613
2026-01-07,0.009140822433888439,0.011884591759879192,0.01814723608328178,0.000336506445731614,0.02025950635554065,0.004020564983900261,0.0037633798181200217,0.010065213710939788,0.0021547975901127893,0.014233124539276342,-0.006872563270738152,0.010213627580054823,0.007022593038729097,0.02328727009617465,0.005060935651537709,0.009116518058586931,0.020287503516846137,0.0008266312758224564,0.025327683089433495,0.01445710068206665,0.020536022963018985,-0.010838906886954533,0.0030696432523054096,0.011434433357064674,0.019621388043792844,-0.0029744552091385545
2026-01-08,0.0016837725782910587,0.0013858188819430572,0.01623995413337638,0.025683405560496364,-0.0021116949919192107,0.004654566510183758,-0.0037546022259544207,0.018979897382639704,-0.0040187582769765084,0.009393748882350783,-0.0027477996121418324,0.007550977393077063,-0.01570260925702015,0.012028701875952036,-0.017448947791300858,-0.0012407853422029547,0.025126634056387313,0.001095629431717246,-0.000528433079724211,-0.006793283830428686,0.007398942947613091,-0.002820064869998244,-0.010819494647576247,0.011400573645999024,-0.003298804843748467,0.027726339443424647
2026-01-09,0.00033284414850136485,0.0009156578976163288,0.0006482354496056969,-0.002380178567573399,-0.007980536995081656,-0.003800221631416695,-0.007241102682203775,-0.010511686997793654,0.004846935198336499,0.004368935412631375,-0.002476363718063849,0.009312126535291926,0.003222773622307129,-0.008209341890916072,-0.007076921697535821,-0.004212885371277092,0.017935593767324662,-0.0015191241963159186,-0.006282334097324182,-0.001720823999548704,-0.01586872288637861,0.0002340925072591704,0.004503622097001202,0.014514551353095031,-0.00743470202262501,0.012127355672284706
2026-01-12,-0.0017121171419015547,-0.01038514059950496,-0.006138639950976785,-0.016577637884994872,-0.013915491457806644,0.004174795595079781,-0.0038097248612469128,-0.003962533423407716,-0.011119436498279489,-0.0018757837519990967,-0.005309566519704434,-0.004182446026867115,0.02404423545170507,0.007717157429720983,-0.00849841835314223,-0.011227198408184536,-0.00917503552918998,-0.004152327038895037,-0.012427946161897874,0.013143703574781325,-0.025024246649444193,-0.005564007552013361,0.006043503693671721,0.012861342289344529,-0.005997962461770503,0.00046481444559495766
2026-01-13,-0.0009218424952924432,-0.0013223153802259357,-0.005614866964593776,0.0012514609020863505,-0.0022107293360429056,0.00585518817406553,0.01391308072722906,-0.0029430138543680338,-0.0018971575105791061,-0.008461462206458565,0.0010817057671386188,-0.005300357753839508,-0.010853209403502534,-0.002232069113013796,0.006343158832809369,0.008361758517152429,0.008362663601544239,-0.0058667489504298925,-0.007298116366200669,0.015576789705647322,-0.005830488967490388,-0.004847613881292144,0.0016345882484853358,0.006494744824568436,-0.01389355629606107,0.003386144257287893
2026-01-14,-0.012982327661194882,-0.009310116191900808,-0.009815797147251157,-0.012782127861147463,-0.00732055624321332,-0.006408245160846768,-0.010974474766746097,-0.016142686216324115,-0.012009950753452325,-0.016257631558456616,-0.00945019182532362,-0.01564582547832095,-0.026238002810623395,-0.011318000378047671,-0.017609465061909888,0.011122000656511227,-0.0051679829718933095,0.0023168332223335586,-0.014775684614723538,0.001934494176027852,-0.006379455510643117,-0.02230875957699905,-0.03691132920738505,-0.00044203706905350016,-0.012326420637723386,-0.0063523433184533296
2026-01-15,-0.004264030396004574,-0.008456692325811555,-0.0011462069298430466,-0.011565142480691681,-0.009401447937733239,-0.004851732985153815,-0.013456919581911787,-0.008179687059627664,-0.002306981840223732,0.0009523466925518865,-0.003566967292596368,-0.007742521670369401,0.0030355740081801086,-0.008927671127051562,-0.011979402267362398,0.0038108645031288135,-0.005968231851012424,0.024093149642544123,-0.011696716166188715,-0.007185794424505573,-0.008806202702687033,-0.001405553841953705,-0.003439501922410731,0.003079879707991559,-0.01734375365170068,0.010171660074505956
2026-01-16,0.019653311027732222,0.020880208754635164,0.029488885137700677,0.015608464188608728,0.021276038894117954,0.007508596111752831,0.016261466741968197,0.02550695150828357,0.02539629883712955,0.013539483091842474,0.015380041186824086,0.021445581734754766,0.016196410661647405,0.005490462057725715,0.004740410743436515,0.03490780124779905,0.03674448545121334,0.04350924938477124,0.017177023939411628,0.023612457282343142,0.02625060070939056,0.015656731521262318,0.010776085882867301,0.03208282865154783,0.018583848478107012,0.016910638184323035
2026-01-19,0.008464846352578204,0.011558702692986478,0.009690340382626852,-0.0007620711208459752,0.007411912895712708,0.006243360402238227,0.0030577322078865154,0.00519895437623713,0.01328893176665753,0.007274626529860506,0.009096143249338051,0.018688265775534202,0.008849909162705411,0.046853916481376046,-0.008551424114805615,0.0008878844357183557,0.006756854452397178,0.02818561311042593,0.00898676703091097,-0.0001318220930041953,0.019968451133855647,1.0580161106207853e-05,0.008653654697973388,0.017311650365346005,0.0004501590191059261,0.01269704015821263
2026-01-20,0.004471712939834572,0.006107042103810145,0.006840137533926871,0.02873815223253991,0.006830601688623842,-0.008237368194469344,0.003336770121312785,-0.00574942873232472,0.011359587792147829,0.011656157435420051,0.003943536050851515,0.0075784618988004315,-0.0006915403794114817,-0.010357760760362905,0.004077609124195477,0.008256962792976524,0.011517233740534878,0.01275996854325212,0.013826829830478948,-0.0068009326602789955,0.0223444619145452,0.00018516951775923718,0.01175544922399589,0.01210550689462803,-0.0016257424135704289,-0.006118923568444928
2026-01-21,-0.008873616914849553,-0.006395082965523757,-0.005849313083424401,-0.00801251988908593,-0.012011792264511604,-0.0032721324145547712,-0.009290822096613745,-0.019853652873468852,-0.009498060823261701,0.0012081186710514503,-0.01505178865890409,-0.014575259960493803,-0.013910539425094976,-0.007957790303865703,-0.0071710552340814105,0.0009629488117579021,0.0020009134224986155,-0.009433944328442842,-0.007661741409487099,-0.010470972762939654,-0.013838335034387805,-0.005188161735207371,-0.012816843644197313,-0.015794119402931604,0.0007067582938026229,-0.031707649480960165
2026-01-22,0.004852013703515077,0.013136370193526304,-0.008260071221635079,0.006304485704159553,0.006902606933349993,0.0032908139640206737,-0.0008678392914026261,0.029908937664994566,0.011371044572709921,0.00371835913425006,-0.00041520655261947,0.0007664914802868961,0.003026530281180445,-0.0033421580789228245,0.0004267836133916728,0.00169742186123098,0.002562243094166688,0.006674182892355884,0.0017159325758793087,0.011631182956428145,0.03480325971113957,0.00043446963647757186,-0.006647350325669583,-0.0001769361619414533,0.01761062658687783,0.01717587929160133
2026-01-23,0.0002935605734489143,-0.00748467953736387,0.014327326618477826,0.023635703622246262,-0.013509641167662342,0.004489447779967877,-0.005095836435585637,-0.01068977565938036,0.040785780523946526,0.0007139951596900562,0.006892651766389572,0.0030879660213791625,-0.002057654906251988,0.03233579013830143,-0.013627566052472697,0.010336391587327187,-0.0003551000758839444,0.015435084701307042,-0.0032967964869994757,0.010353496131709914,0.0112312316337346,0.0007308939984669374,-0.012692870581790574,-0.002487184605045688,-0.0037456993686632517,-0.005612016750991461
2026-01-26,-0.005084575424819877,0.006952975262448746,-0.012207439151486796,-0.012395271313934753,-0.003814726788116804,-0.0066155694568858945,-0.0035605901665662384,-0.005987676969582671,0.009896595952888476,-0.008661538820356534,-0.004657002483014909,-0.007337809218754104,-0.0021117880624596796,0.007232901472979031,0.022914045501436258,-0.008914027344000042,-0.00822382865301056,-0.010684262271826978,-0.008217629971411289,-0.01223960229200263,-0.006112355099185451,-0.015231122410463975,-0.005628746249917398,-0.005055278920886846,-0.010982708207381668,-0.018229974939087484
2026-01-27,-0.004310301454328915,-0.0011975250980777342,-0.012872496387965657,-0.014461454030599083,-0.021558304922364695,-0.002546454040032567,0.004273446882401482,-0.01355794060559314,0.011588602887511268,0.009098868408588928,-0.009366991852163997,0.003314560111917364,0.002923465363142047,-0.00822528159365668,-0.014459148031933631,0.005280050206428605,0.011402843639174579,-0.01898638819542925,-0.007487647345728854,0.010745192949816993,-0.017710046343422853,0.0009916000871305272,-0.009756193039736278,-0.008635380799393773,-0.017393247339314338,-0.00017735856939732342
2026-01-28,-0.0009305386500438619,-0.009505323879062676,-0.004255966675272546,0.017926949616853833,0.010566287197654426,-0.006224232159344662,-0.0027008603836436527,0.01370006277114802,-0.015639876724348457,-0.0009317223776342976,0.002537089624169616,-0.009184436134353291,0.0005691247930091903,-0.006733017762732496,-0.007719843257226363,0.0122229416136026,-0.004454911064947627,-0.013087092947348736,0.0013598935737338391,-0.005918477561866452,0.009078972339980035,0.0003651415070668046,-0.005446716852097989,0.004856306298608431,-0.003495231218554192,0.009796302315950578
2026-01-29,-0.020077637656760797,-0.02018365501693149,-0.025434356204671507,0.0014251824011275265,-0.01968153645629265,-0.012670313134104149,-0.023403056173665032,-0.022340687383128943,-0.052102123442027734,-0.007307279641060848,-0.015622888352888794,-0.02807828945364484,-0.013145277467973865,-0.015734597929470545,-0.023344476692826435,-0.029933671740371287,-0.02165527445788931,-0.0271407936025259,-0.02027142002593201,-0.026783385659488672,-0.031083775933452518,-0.01996318236283738,-0.020415981324236537,-0.024482969881005928,-0.017448476557604065,-0.02879866337329981
2026-01-30,0.004595326988640853,0.003975181348469803,0.006390344167835391,-0.003928050516428065,0.004301201658120424,0.003541866351822631,-0.000569374430841631,0.004069183307709297,-0.0019622626990512424,0.0021983278853231368,0.006848331430865921,0.0021581966292534673,0.0018228837626842575,-0.007787175760824494,0.01182546383661858,0.00921103413007024,0.014126969529829194,-0.013649943701154937,0.006432209602591043,0.004059288509697255,0.0030862301753863397,0.003773650086295613,1.4441893406927761e-05,0.026034187130286934,0.013121325627646662,-0.016069392980501723
2026-02-02,0.0012825247760632687,0.01750251673283295,-0.0071689720606856605,0.012352834694048057,-0.001342207823059265,-0.001440972387192529,-0.0006031689522444664,-0.0016184420497695566,0.008527462936522979,0.006090958972421773,-0.0028990866697763775,0.005738534880592899,0.004634113923043604,-0.0011531555770188384,-0.015860539973298966,0.008648682018636528,-0.006043029548608297,0.0018464030976540619,-0.0014001507114806855,0.002401392349786781,0.007353754005275298,0.0032505020015374114,-0.0020720211144754403,0.01524895677282958,-0.016587515796291197,0.0030364135162472827
2026-02-03,0.00664404369098676,0.008334328049998974,0.007602435417595393,0.03171592395622167,0.008499730766684317,0.00137990119141817,0.016432686439406336,0.007108615652658384,0.01827649278872201,0.00939714314569438,0.009124647340371586,-0.0012882876435439284,-0.0016268777428535997,0.005305455647537233,0.006410224576650874,-0.0026261285323073424,-0.0038576028699949002,0.008446674577700986,0.025190784330132353,0.00999070774394019,0.01910944724341579,0.007680628100428327,0.017116941697409484,0.0014938124253408803,-0.006880085107073096,0.00667367984838893
2026-02-04,0.004751811690659581,-0.0020690172806088424,-0.0009718109546989623,0.015971945843890334,0.005645704958620575,-0.000678514794320415,0.0169830086608858,-0.0019445098375841334,-0.0037752042638654394,0.009700881435002784,-0.00475876871887478,0.012014696912945932,0.0105837508760453,0.018948288930861867,0.011365810358436803,-0.0019969540189393453,-0.0022577253304015585,0.002489451294537162,0.008152630532038463,-0.0012060349352775526,-0.0029511735699725983,0.006352633005166891,0.008626912622426073,-0.007864155778422878,-0.0016768775184222953,0.007917010796617052
2026-02-06,-0.010725224697527388,-0.004805547311416092,-0.00919931119015481,-0.015281751962972637,-0.017873117634877887,-0.011449148859434483,-0.02023142537265866,-0.01706822221508361,-0.02298565115360307,-0.007176530543631909,-0.017212393884320127,-0.00984149645696925,-0.006641446284152619,-0.01251777979397739,0.007746373089038043,-0.022482798347805394,-0.014070978228426574,-0.01080328089134866,-0.019130834566346032,-0.012293596810719907,-0.029170852252996038,0.006380590186262455,-0.012837594910547503,-0.01241958220701323,-0.003540531817875941,-0.020303340880929888
2026-02-09,-0.00576560718275793,0.006063764915313219,0.0015896519033231221,-0.01136281623948728,-0.007199767773320562,-0.008482007196640362,-0.018095112956748066,-0.004206344653874798,-0.010278786244994186,-0.0073977514624926355,-0.006945332600470737,-0.0013329796620373646,-0.01551096333100831,-0.015562175072359352,0.0012448633319861932,-0.019564684481800154,-0.006198008488400279,-0.00016091879021955247,0.02034298587685398,-0.005248473471186922,-0.0027731233466084804,-0.003938500391801915,-0.003328123523147216,-0.0019542979682058512,-0.013687612780090749,0.00022427904913599472
2026-02-10,-0.005483307531016283,0.011992284046806977,0.0013925063527973902,-0.0191222020595004,-0.0028020555987153806,0.004613230317955978,-0.010721062480725048,-0.001441563113296888,-0.008180733856302424,-0.008553925376133614,-0.01490204620816656,0.0019310787969404996,0.0001623178747068854,-0.0114867605452941,-0.02383528595283622,-0.0024605110127194907,-0.005381015814999983,-0.01001450651215098,0.0021614719701862463,-0.021881030129563255,0.02575191436266691,0.0001378648623531505,-0.0069212016423107,-0.020276974681083162,-0.006685784826905159,0.001689975215739492
2026-02-11,0.0017349778747895626,-0.011448634542797365,0.010181690437404828,-0.00943420187095717,0.005857129876633181,0.009456749418819932,0.010939727537774275,0.0008056988281873179,0.004063582743678196,-0.0033130166885702193,0.007473010571058629,0.02236550071832833,0.005930036454249762,-0.008688700794385523,-0.01403988740391133,-0.005162163565661487,-0.009105725132341203,-0.001869073494822529,0.004595215934711327,-0.000302293939875266,0.003950108426991478,0.0006066810574583729,-0.009503681177966683,-0.0027521075734309526,0.0023116744665347224,-0.00989510715245484
2026-02-12,-0.013110742510174416,-0.008695621895308637,-0.011944113037572326,-0.00742585832581009,-0.008814391170144088,-0.012051357266670556,-0.020372039424153478,-0.015157464322721581,-0.012289476098698815,-0.012640821690405373,-0.008009792475685099,-0.008531730966025625,-0.010457908132210009,-0.003445136087246975,-0.01845381912732242,-0.019759709191428415,-0.017946281610576233,-0.01650971828278308,-0.011454828218189207,-0.0021588974356906354,-0.023895794978335994,-0.0012673277396130153,-0.02243697022054428,-0.021351708080751885,-0.022292791028193135,0.0015897694552850228
2026-02-13,0.00030490852364510064,8.869201079346745e-05,0.00944707379040427,-0.0031147973289646727,-0.0032736573363040646,0.005926453457518492,0.0015903424618257432,0.004344835356845739,-0.013229601588960804,-0.01608885680842253,-0.006071344149216007,0.004280862881941855,0.014056054818073885,-0.003970616395358839,0.003001829590959182,-0.0074616020330667,-0.00499835425579472,0.013022429848185788,-0.001395367907145717,-0.0034697732427934613,-0.008176981474446787,-0.004658919810785966,0.003344495176359961,0.004300389243338076,-0.006633636099275013,-0.0034623223422634852
2026-02-16,-0.025972895707536085,-0.03316414629724849,-0.020878789062202946,-0.04531265162106041,-0.02798976622449938,-0.02346979453484662,-0.042947200837524534,-0.02459071714399197,-0.023566818719397142,-0.026929540599195827,-0.029538498027380528,-0.024048288247342953,-0.02260334339622916,-0.015909191020509805,-0.004995055848561588,-0.01952572240130626,-0.045940653067324005,-0.0234326769974898,-0.02288756388999228,-0.02178218223648342,-0.02461040520499086,-0.013368412090871432,-0.0362243399619427,-0.015800843220547083,-0.042442874982895146,-0.018639901664530223
2026-02-17,-0.009807476670628913,-0.008295460084933181,0.004422474808034094,-0.027728386333784955,-0.005194417357507534,0.005491907363936869,-0.007736735033675709,-0.006325712973042473,-0.005123424382826291,-0.004449506574359263,-0.008807870200328749,0.005186977641135328,-0.013975576877022422,-0.012930699435844989,-0.031503207156142854,0.011529868374394459,-0.02577333289308999,-0.013604907533401184,-0.011711246462659364,-0.023666980291162692,-0.0488744213108504,-0.018242016760221184,-0.010453551566324009,-0.018627853355994695,-0.010476660655078032,0.0032185896417965265
2026-02-18,0.015608573052630855,0.013021239317297728,0.012521119355970306,0.04615270487354669,0.011693345045444961,0.006518537666451911,0.051214075469957134,0.013045993681409454,0.019012762482309008,0.012854456493771068,0.015743667681427653,0.005573337338743834,0.0156830163355959,0.006777826695253453,0.004442883586782909,0.0031875719162499094,0.040524843221219665,0.005872581349278649,0.014943713469631238,0.01100418310912793,0.006223259608412052,-0.0013108701939107612,0.03185419074222689,0.01750509864731491,0.014890338780897504,0.002882137145693381
2026-02-19,-0.040131916386996196,-0.033107400483764884,-0.035675063950265776,-0.0624011585962291,-0.05176386317472999,-0.03311028812487601,-0.03731981352742982,-0.03975507632979878,-0.044099071969330425,-0.04187301165842286,-0.04151375745336727,-0.025070171843508356,-0.03506367529978335,-0.021386827230743394,-0.043422722464765404,-0.03553543979290341,-0.049044070793794754,-0.05728508025786681,-0.03979127381660376,-0.048614517180343694,-0.06894566929878163,-0.031519626216424505,-0.05784935243235576,-0.028899923924211694,-0.04179482628244177,-0.03398666291930341
2026-02-20,-0.009592987551184635,-0.007457644218414239,-0.015494479741075137,-0.004428114259442432,0.0033147307457942997,-0.008777785431970147,-0.002605653882680198,-0.014067270646188948,-0.008762248754144775,-0.005937645981479028,0.00023829335519339376,-0.010590060933637334,-0.009706650183732235,-0.005036334501511808,-0.030312161701698877,0.01663323533777722,-0.006428563053818929,-0.024193883685395892,0.011272656394773506,-0.01679804195763664,-0.007367789622677895,0.0012254210731273973,-0.01738387777496166,-0.012397299338088794,-0.03543817348518662,-0.004048816394096627
2026-02-23,-0.03942678483000743,-0.039115381694868,-0.039113316095123044,-0.029482244321800355,-0.03671914067830207,-0.036628586894217975,-0.033965197983465444,-0.04281800053536919,-0.028561369538326397,-0.039810655740922594,-0.05747069042006544,-0.02390179132069032,-0.030563582734707356,-0.03863485776501326,-0.03793168574555076,-0.027235466464832186,-0.040733299472816835,-0.05066622461323442,-0.033517738433683865,-0.050729987066138564,-0.06290915162878852,-0.02089182986448795,-0.05520267165845401,-0.045035088285625774,-0.05321364725355751,-0.04487556403608342
2026-02-24,-0.010510313286181164,-0.013909512735750229,-0.0007329773839304665,-0.017561682875964435,-0.014878762889656158,-0.009458332951987655,-0.011538298458573126,0.010398138143025926,-0.0123212672766011,-0.010514767124365937,0.0009072651734389389,-0.010035280026924928,-0.013818305547597698,-0.021670176570651012,-0.031406309340383055,-0.0022294967457676396,-0.012729866932933789,-0.018837163778604088,-0.010303200481938057,-0.018522012424015695,0.014299247575238372,0.005414771463659443,-0.013672249225156878,-0.009074564124575208,-0.014513555679546642,-0.001059638151505754
2026-02-25,-0.009885098815934548,0.0017559619984216623,-0.014410177963922091,-0.013727186065491523,-0.017805697192833536,-0.01035279284780401,-0.003905327629844185,-0.018010187357856682,-0.007872242568198805,-0.00518796940811167,-0.034916909454062395,-0.01081069225190004,-0.005264686744306529,-0.020057571543429353,-0.03038206134990148,-0.01413362485763539,-0.017213793472248398,-0.008376408924448603,-0.02120343590365952,-0.013252708989917428,-0.008571932193298909,-0.011314045404063135,-0.0006917909973433762,-0.004107161769283441,-0.001320506270207818,0.0009213445041881818
2026-02-26,0.018371972382914038,0.0034556574305500297,0.020508025534710456,0.013815528402960464,0.03382367299751237,0.00579811847898544,0.020389606233828655,0.019552852165883827,0.032473131749655694,0.02438499835480808,0.01412405781618777,0.007129126271941616,0.015506520708291598,0.03256625150320633,0.023260316616413305,0.02350008924227409,0.04506421412546409,0.01590605719941672,0.021017816865952298,0.03359349212930723,0.05419741827198232,-0.013876253686026178,0.029561388469709977,0.0411646800027802,-0.0005472223651278122,-0.02260895555957701
2026-02-27,-0.006122223151272868,-0.009986264195063876,-0.00010251678726243274,-0.027106589387710656,-0.001175747363649109,0.0023523940776048673,0.008305331089430837,-0.016361615181142403,-0.005397597939192011,-0.012129593784540845,-0.026582463775921366,-0.01613424017018674,-0.00834893802688884,-0.02316141640430705,-0.005103559751074143,-0.007109647410833614,-0.031078715839433238,0.0014246760560603922,-0.0015121287785711869,0.010998094913845251,-0.029312194680748943,-0.008675579545543557,-0.01959781940081266,0.0004285976571337727,-0.0006607891730926854,-0.018026766468869915
2026-03-02,-0.09217100904981965,-0.09443930427582994,-0.09843136276948528,-0.08650268798555828,-0.09478104389139098,-0.08126041693411365,-0.09701477303043804,-0.11457612886808015,-0.09912080807095766,-0.08357825507583774,-0.10132128032226449,-0.07367258574169966,-0.11344145022887227,-0.09360952472953307,-0.1168260376621542,-0.0849219805486586,-0.10085351179362298,-0.0844291967992127,-0.09006519117442943,-0.0966530706961758,-0.11021259165298172,-0.06499293314083471,-0.10903974743425345,-0.06699839789440497,-0.09331244189223013,-0.08358096873398291
2026-03-03,0.0008703042686624216,-0.0007016698161982693,0.019830547849373895,-0.040577772798704025,0.008208637616628581,-0.0074170379096130815,0.024244445716777085,0.00938699567765805,0.016602449335532433,-0.009025790265552421,0.0035581927300672445,0.00857282879266914,0.006594581903041274,-0.028337072863081042,0.018508373665412674,0.04241546322939249,-0.03793532045492038,-0.012604218601076633,-0.002024016697279174,-0.0035403971687619695,0.016271737880409254,-0.00019508807556852664,-0.00029105437485822075,-0.0014799841916299736,0.01448437931748275,-0.02355719690450578
2026-03-04,0.0003046410423468282,0.0013694355077620512,-0.017399312981256104,-0.0015722225460318244,-0.010128894436073729,0.001538957209908528,-0.01741616220514169,-0.015181355458879183,-0.006884497209050711,0.006413613777514482,0.004954487413080762,0.0026780098988895273,0.005120320516020377,0.03392133980312423,0.008228298834285266,0.008522151801178712,0.007240812479262399,0.0014983665209594293,-0.003587118179221338,-0.00245979001637407,0.00866472876283364,0.012561586683888931,0.009886935011459343,0.014321117854168477,-0.003384888766132071,-0.03692044103498612
2026-03-05,0.03921680070104309,0.01962656153213841,0.009641088123791816,0.04659701510951549,0.028185040933791615,0.027099991220890036,0.03295716647466443,0.046371940052053945,0.01741488278307728,0.028636593883721726,0.0299964551186358,0.045109508846694214,0.06626930191842106,0.015004050081559361,0.07241666836819803,0.05758327440893518,0.0793646166238286,0.04721136223481476,0.00818705558408026,0.048590562257666225,0.0961714350614638,0.03400373766062213,0.0631508079458486,0.018277913719716255,0.03398761816728965,0.043680412480690156
2026-03-06,-0.015401889055760103,-0.007580229685221496,-0.033302895121074344,-0.022251930687717098,-0.025656836283421917,-0.014751724964615054,-0.015252633744077301,-0.029318750380489682,-0.0359863771789396,-0.018039344760408145,-0.02423411531308221,-0.011494165044804222,-0.008971787852904306,0.0029413042840159,0.026382724772585995,-0.014573776339986355,-0.015612535204978913,-0.02659619792030779,-0.031638729809814005,-0.01894157511450783,-0.0063958861275442425,-0.0044812500989505,-0.031000944108019592,-0.001736531068994444,-0.013921959655118974,0.0013952969512203706
2026-03-09,-0.07156983916201971,-0.081094787851087,-0.0747405213091164,-0.0716925047131929,-0.0876702997002757,-0.06350294516785995,-0.0691990989781252,-0.09018575079573703,-0.08411664351604434,-0.07931659272340537,-0.07264275353238436,-0.061984837774152646,-0.07861862640282427,-0.08123958785659083,-0.05636277356735767,-0.017391402100176173,-0.07541964543423019,-0.09820743955220547,-0.08886807012503364,-0.06590957200394577,-0.036322413898453365,-0.041051601933254155,-0.0972828917846164,-0.05723158742903736,-0.06461119810122883,-0.06554345542337103
2026-03-10,0.06166017002821491,0.05260906000501116,0.06348795273299479,0.059303554352445206,0.0694681936970369,0.053162734366276235,0.06034534356733701,0.07417741228363924,0.07584659044037223,0.060006133305401506,0.05358251751895149,0.058280210707182034,0.07114800117073858,0.05394205331585361,0.044693715890500564,0.03900285484708782,0.06516382256938037,0.06706660156885305,0.06651307411440094,0.06718286730099784,0.07322826910449381,0.041621236663457864,0.09693701541389486,0.06157577605031314,0.0622687189500858,0.04250845495903749
2026-03-11,0.004437596995132732,0.0002988597069394805,0.01130960248583121,-0.0009813799208376328,0.0008665424706109615,7.585058571740451e-05,0.005703184784240636,0.01253921911304697,0.006137655007651066,0.0036965264916641637,0.0031268735612246155,0.003609414368614272,-0.0028982874191837036,-0.009517339160779181,0.022171611199203824,-0.018145909200722177,-0.003883396696062882,0.00400572614594083,0.01459260531012443,0.009323006516264507,0.014521797191033636,-0.004871880931419957,0.007842976363440597,0.02252753359114538,0.002465445259471325,-0.010354252168114614
2026-03-12,-0.003988968365768507,-0.017929280607794574,-0.020680331807260977,-0.003258678491333674,-0.01912353628168706,-0.01092537323593695,-0.00754098520575657,-0.017190437815949044,0.010105414722462092,-0.01398076907546023,-0.003117919713551224,-0.005263777830742883,0.008049005916021578,0.020014661084232194,-0.02170369438513036,-0.01594465027831518,-0.00013659235697851792,-0.016735283007328336,0.008917450276612893,-0.009599302259009195,-0.008728091149991735,0.002443739648320135,0.020316388038162627,0.0008930362833041651,0.012839675033333386,-0.01247881527931799
2026-03-13,0.0022526442748637097,-0.0066202660287765554,0.004253743659902123,-0.002104519212207242,-0.0030814497741487295,-0.009288818921176313,0.003648382040811065,0.002954866896942484,0.007796127903967887,-0.003227647339002887,0.011559852089351156,0.005789397561833537,0.01081489516325553,-0.018833813457550086,0.0150382391860689,-0.0017039658107781963,0.002289387735281534,0.0011873862997501539,-0.006995431071265002,0.003068296471611482,0.014587044444072328,-0.001939342102456193,0.006678002423243702,-0.0012849736534839824,0.01735210691821815,0.009562010837398188
2026-03-16,-0.01956620162344218,-0.01963369721155821,-0.014677558714785974,-0.01505998861494908,-0.029838579421597164,-0.0091166994609162,-0.024254900022901257,-0.025800034834126667,-0.02297865492556228,-0.01493651549223506,-0.02341714447723357,-0.002474116855930969,-0.03722099396294045,-0.004232465328361745,-0.032346278493822926,-0.02794255176049945,-0.038908709339148584,-0.03393092444038506,-0.016727385169448515,-0.021576707915005742,-0.008007052596614661,-0.01724596013835901,-0.02667030825337946,-0.004292199218317326,-0.013856361334518274,-0.028122860553607215
2026-03-17,0.0011321837753879495,-0.0003486361122113646,-0.0033779304547068845,-0.009190583371928426,0.0017296311052561136,-0.01058888688633889,0.0013982153594647745,0.0024814886933463933,-0.0020579909061585687,0.0006011587755642589,0.0029556510103565157,0.006357413667195944,-0.0008353909502054963,-0.015043480798036662,-0.008024769430466752,0.00869282465066784,0.01198658768078568,0.009464893661861373,0.0023401057631729618,-0.0005943659511011041,-0.0049867784334209075,0.004577755536269434,-0.0013528017218723384,-0.001137479570259027,0.002852187107644462,0.026304164939797425
2026-03-18,0.019814363407668727,0.024830724649020763,0.026254056787612334,0.03411089790802587,0.0381699675889658,0.016384168750789407,0.022654141449102137,0.01025251591193078,0.022740478951775823,0.025242690249293258,0.03153417044213336,0.008494602876688745,0.005649954286296122,0.00041456005315781974,0.011756624005357295,0.048327029343864014,0.023790349921914804,0.02230372699725497,0.023921561540689983,0.02909777418527388,0.021665997623556255,0.01484628982654046,0.01519547116115942,0.017199678932931384,0.012414049173885468,0.01903466016276234
2026-03-19,-0.0026000718173627853,-0.006117319189770787,-0.0025082596965509407,-0.015597030476801757,-0.018787660164293413,0.0009933180337761197,-0.010742265965525744,-0.004802165462701957,-0.007303997986220057,-0.0026103687143837263,-0.011902726182247267,1.574635404684166e-05,-7.246049719547127e-05,-0.00033288248246146623,0.04517473046945945,-0.01120560324794645,-0.014578205361240486,-0.009922708097364993,-0.011050610343319167,-0.003119626045069268,-0.007169162847842692,0.014891471628599873,-0.007974716633170389,0.0047382564150828,-0.005911499502349149,-0.0022910373346123614
2026-03-24,0.009332887991694907,0.008562764212100792,0.01298923029077921,0.008989099096613403,0.006649342342309654,0.007842576984237754,0.0023163376556726814,0.01591904924577135,0.007981355003189061,0.010803644772861037,0.015616895875233036,0.0023663210547550605,0.018005092808863005,0.0229875953269143,0.0088238195193981,0.0030226602026140748,0.006296963200449886,0.004673926378220186,0.018242552609748653,0.0032225824506462403,-0.001407882490432888,0.023358782769306363,0.0018932421196825114,-0.005787830054234748,0.033352418534894665,0.012429737989001821
2026-03-25,0.025974578397222704,0.011017372965478533,0.02682827408501573,0.02851271362061647,0.04475321024888683,0.02144448089438247,0.019793416439482233,0.04860111730807922,0.024061949875986467,0.021338985202231597,0.022356724015185032,0.02912180079316673,0.036895691076581125,0.008334690937846612,0.007452012184123914,0.020495317307296812,0.019933668352718717,0.03624004307955202,0.022667192418710003,0.020621383122298727,0.01024222307162348,0.010867397649061743,0.04146992950251736,0.022896776972585724,0.032095066773044606,0.058740099586338856
2026-03-26,-0.024321219147054547,-0.033928737776326136,-0.02334757298534551,-0.0403183941690213,-0.03220785222498951,-0.017217900207818437,-0.029941358270188026,-0.013568683464090245,-0.028713729244842078,-0.030666522665663352,-0.029557341118048603,-0.014824718410994513,-0.024519489893177492,-0.05083542942020128,-0.02149080254800278,-0.027029229957570095,-0.032110304502704926,-0.027074931980631003,-0.03138140403431729,-0.031387942485079874,-0.03503620275091229,-0.005563003170010322,-0.042854538654568744,-0.0023046491172688853,-0.025826385222965154,-0.044118957017837634
2026-03-27,-0.007017864067146468,-0.020242232523740578,-0.0031743650964813352,-0.016018262717693132,-0.014890608938477778,0.001998135708471177,-0.005191070045130735,-0.02572516218300629,0.007185338929765783,-0.009900468056576928,-0.007995885205842898,-0.00019946691474309608,0.01489358905453891,0.010024056955278415,-0.01627577854480931,-0.02039534728565201,-0.014402821728364589,-0.004457027938490357,-0.013211741942946964,0.0038229516025594496,-0.024531146046283897,-0.010719672754832684,-0.009514052952938676,0.0006646369182074654,-0.015498625589286137,-0.004819162810278277
2026-03-30,-0.03832926666056329,-0.03798982687035287,-0.042698783726560566,-0.043039377496315534,-0.05206892082793895,-0.03419827534002591,-0.044769662947464504,-0.054117142328894,-0.051456690379480974,-0.032309252634152054,-0.0461554265452635,-0.032655547505310814,-0.03886224007974539,-0.03322547672282425,-0.030135585375857383,-0.016089484806102755,-0.040417023362858545,-0.04590148065819037,-0.0349810799687381,-0.022887711046303223,-0.05472245239842452,-0.023161833461765036,-0.048848502036483644,-0.03552461167469764,-0.041450462277052756,-0.028471617729324855
2026-03-31,0.011436839122082168,0.02626777407845742,0.012585686827783937,0.007094951088388868,0.015447397574564193,0.006158798750962813,0.02198458624638852,0.01587485646082899,-0.0062587124956669845,0.006371792300983331,0.018972650490988768,0.011037437675270522,-0.0027602608268442828,0.00015790869229939664,0.009694221580218456,0.014568538412415954,0.006320695667710689,0.00905493114651365,0.017466926640658242,0.027399633461629585,0.024376996723860678,-0.002703411921153552,0.027488226975961545,-0.0024254434214900614,0.0073318122393917036,0.032995087758645486
2026-04-01,0.035330894738937454,0.030825573409400862,0.03423303079340739,0.03366526161164485,0.056717893503286904,0.02959932017143405,0.042433288060734486,0.04324516780724665,0.04075901678919371,0.0361431141570223,0.0487091305941999,0.03075478978169662,0.019724943826576517,0.019049098032732997,-0.001002448395477489,0.03129208624279117,0.0398641831996608,0.052527345061867375,0.041490254777339565,0.04125051283366221,0.07669960666357217,0.014414147707583848,0.03824978008440167,0.031317742464290886,0.029769042866380675,0.049371626804747715
2026-04-02,-0.017236926997686513,-0.010941121206795735,-0.014294170053876065,-0.031320733199287555,-0.02495311888174005,-0.0065547012504501186,-0.017576079342591124,-0.018543053675108324,-0.015487022742412293,-0.018462064879809774,-0.0125594032977554,-0.01808070108559585,-0.014353420704512376,-0.02841023738139592,-0.008556328994570317,-0.02078881774752578,-0.025538079479851292,-0.026488895845229718,-0.022357845969352398,-0.01917511106576183,-0.0014086613650375335,-0.008732939804936515,-0.010944607807702542,-0.018892462258609702,-0.01608161593997434,-0.026966404893109253
2026-04-03,-0.0060944722049230855,-0.0246812213936491,-0.01007886162501656,-0.008626688571326738,-0.01531212811248321,-0.00265069062127203,0.0037001844588362186,-0.014686492130984552,-0.013939526638675547,-0.00649235481827401,-0.007248627751620255,-0.00838716395168843,0.0016052201735502656,-0.005313407559558031,-0.0068207313310232175,0.0003620941959788515,0.012897750695451996,-0.009660914163942325,-0.012181483737248889,-0.01628191454986858,0.08189048095473472,-0.004649617088247265,-0.008540719308152154,-0.01207293615765646,0.004122711778349964,-0.00777557133765866
2026-04-06,0.00843746624519201,0.01086852484705413,-0.000821878476014018,0.0242356023038236,0.01852264779845824,-0.0008941734044781713,-0.004493172439095761,0.015232923959941552,0.012790969062357726,0.010830967678191028,0.01757094231215256,0.0044398771595944905,0.017138445741468306,0.0004622006022437508,0.015252370421793695,0.01547042145005445,0.0019479832994387936,0.008681379661238442,0.00530898454271902,0.005563283911183515,-0.003621907864040347,0.012925566207808402,0.002848250129691865,0.018675357929733943,0.003300175353248305,0.008694757877181825
2026-04-07,0.001901261786753172,0.003217909211354608,-0.0007172803337081729,-0.004125110411568866,0.0004817421229164849,0.00725138658664721,0.004953270543759982,-0.004611303996637543,-0.0018791649518227426,0.005918684002537938,-0.006393149639628781,0.0014905488374971966,-0.010775425242167739,0.02746482953613366,-0.00772052226886447,-0.0014167291305670626,-0.002245460844056499,0.0015942125332812362,0.00029718161754765937,0.007836051267267639,-0.010463342809743814,0.017237666175358733,-0.0038524786352044293,0.003983718980924015,0.0030856377528554312,0.005546431479557079
2026-04-08,0.07916395225007848,0.09025261303966481,0.08989464434505867,0.0791750389436741,0.09541451999215016,0.07745598680897714,0.08857852085389593,0.10330508815660906,0.09996086560029509,0.0670452031413699,0.09333353854219213,0.052772499643836124,0.07875491633304411,0.0656489465663766,0.09789451907673007,0.083187663808936,0.09730739116202064,0.09420343921566413,0.0903055175323485,0.08153720010334876,0.06893403248270136,0.04176784894485326,0.10597925349480855,0.0724981377019634,0.06671165092297918,0.04990869818408142
2026-04-09,-0.005890290880220831,0.014329431731176767,-0.00909514553614002,-0.01867931256192264,0.025735964867031075,-0.01262966039998578,-0.00780527220445529,-0.009032151835697139,-0.009955472312775826,-0.009651973576899796,-0.008030621080434211,-0.01586877687786179,-0.02580572520735745,0.03459863666822119,-0.014938825846015405,-0.01853069398642268,-0.023068255951332464,-0.014979616802892684,0.01275670912612883,0.0019898227166423943,-0.024951580098987264,-0.012980031698970905,-0.014376640824647378,0.017699902537816725,-0.0027644511221199264,-0.03357051032528663
2026-04-10,0.025473091951508906,0.022766748973818494,0.030130862481933515,0.011230570181510654,0.021971116234255367,0.025564951433358667,0.024326238973024206,0.029223777435446647,0.010979911667406684,0.021243389259510054,0.039958159517188174,0.00378741419957927,0.011846900883583696,0.010574598685536118,0.0019465730402566145,0.002286860524456147,0.038117962514586975,0.03560247623416962,0.01738624412456209,0.0311190626286798,0.0028277890091504554,0.021987691568563013,0.03788752588967503,0.03848044875872093,0.04837502850998912,0.04181554258649972
2026-04-13,-0.03470875220913109,-0.04201788178261588,-0.05102107211653499,-0.04552633210161368,-0.058521747340904505,-0.020766745535382637,-0.03495198442517477,-0.047935325747343514,-0.05081464929484884,-0.027264044476686018,-0.03311000304086892,-0.026380812004247533,-0.04891725300720645,-0.035390001878400856,-0.03265406110769945,-0.02929170629647826,-0.04012005454552343,-0.0448850806188139,-0.04267830113637997,-0.022810963237708037,-0.0456642621326408,-0.026404283125876775,-0.042302162601515945,-0.02091939541661352,-0.0238397941096689,-0.03895310600209681
2026-04-14,0.032453676402184946,0.05653257771198217,0.04079144587260644,0.03517146779870165,0.04686165696548145,0.031738002965022036,0.027940476298861358,0.03273534429390366,0.04004393766515317,0.03768330992535313,0.04222796879966314,0.008687773879006645,0.03139293750839296,0.050017974686812544,0.03261400719582338,0.016427292604222155,0.035578774582663994,0.03432184614139719,0.04614002766433698,0.026780626298162007,0.019684964624983647,0.03739846582441013,0.035246778276824035,0.02364793316307242,0.034322726835575204,0.033764718748035216
2026-04-15,0.021075515334974225,0.03260464716039431,0.041677242850202384,0.02327490422595276,0.012393020592159958,0.02915321718285184,0.02074200924964548,0.02309831056119473,0.016670291579146658,0.018427770578711346,0.014263745208849543,0.011260155405058958,0.019340405467876035,0.04785602362818986,0.02147525883098495,0.0104847903917899,0.040768588374050035,0.021963049029141618,0.022939552456026524,0.019397186321856646,0.005233409505203485,-0.0047599806904896555,0.021591579960093508,0.018971934793586637,0.032168812286428115,0.03611448500863579
2026-04-16,0.016164257359903837,0.019560079868390045,0.02050597648864594,0.007923261789344863,0.0009295223472886289,0.012488849936213681,0.0012708121572849553,0.02514177542723763,0.012069116333787355,0.023366220287859785,0.008101417066261699,0.02799295173853548,0.006466209013569389,-0.003835991973757946,0.042826200632935345,0.01881297852582753,0.029555255926236607,0.02163469889991923,0.004159543916679054,0.00874754292587715,0.014345236412291462,0.009619894396709634,0.019937370191434736,0.007019597982952409,0.03903305931772937,0.019578335021809945
2026-04-17,0.024175169057295512,0.03604375606551037,0.031591152489374705,0.04349898324814516,0.01863697495410126,0.024662354037434126,0.03539990408379707,0.026237665969552616,0.004221936338375776,0.017175857262203824,0.008271127111054358,0.03681022253700201,0.030119900737151376,0.012757206520061931,0.018607121634547426,0.02509312226819177,0.02718039874290949,0.017586257669646263,0.028216142202261395,0.01999608278589249,0.023242397577096063,0.01106657640404389,0.02252104135769985,0.015699601274067793,0.023583706179432617,0.02540548389308961
2026-04-20,-0.010624332842892234,-0.012325328927165046,0.007100651258409307,-0.007854483694678468,-0.023331947317060536,-0.011552138005973697,-0.01526574098217538,-0.00730424722814708,-0.025576398600063378,-0.014221986772208284,0.001896440273569629,0.009977162649394262,-0.015227591858635226,-0.014971436187525666,0.0022142474203196943,-0.0010068142516351797,-0.0159302202166868,-0.027156091377495847,-0.01714514539381782,-0.02420039270914421,0.003018422636768353,-0.009961866850716039,-0.031172136553858722,-0.004028087067912508,0.012192846671440839,-0.020377053774473963
2026-04-21,0.00996722772736665,0.0008748722389283036,0.0033325677743196447,0.007098225483570253,0.0018848380819002544,-0.0033406800153096155,0.007334025944353822,-0.0032143958976978046,-0.0036014564589506247,0.013474686417700854,0.004951832094822879,0.008871545238466765,0.016486161592122805,0.0013763743759012126,0.010317851719903483,-0.003812254647887814,0.030098090060736285,0.013942871424764886,0.006071238621170094,0.01549279814948677,0.053502232035808284,0.023747449134598392,-0.006771926986266085,0.01171211777967629,0.02381382728379598,0.0006303217847119236
2026-04-22,-0.005747536348949319,-0.01921488885318201,-0.011057683326895565,-0.021411237330457116,-0.024733842164942756,-0.005318185259760852,-0.013317348115005284,-3.948915542156817e-05,-0.003733111862260041,0.00633713654177645,-0.014123493562654446,-0.002553320585358637,-0.009726512693664915,-0.004097903940544545,-0.017884533326327064,-0.009587715347898706,-0.004132463946985348,-0.01285992525637146,-0.0230584958519099,0.0020546003986220657,0.003012570734872183,0.016562951193682923,-0.007352977931205635,-0.013796992805681071,0.003319956046926198,-0.012406650396685676
2026-04-23,-0.002310949492741045,-0.016378775849371176,-0.015069778534694905,-0.0024216317427308565,-0.01967751749656612,-0.010489779788654332,-0.013177664678828527,0.004934675968729559,-0.018265063293082105,-0.012638570026240543,-0.007787877533637262,-0.005697961892932801,0.011620461309221295,-0.02013761921181706,-0.0029659084032238286,-0.01330023513403783,-0.014221324346257162,-0.003453855253289409,-0.01849013062971335,0.0053271240811999755,-0.012927733909908173,0.012084128286160067,0.010600776698663232,0.0128484084429579,0.009962055881540779,-0.0015075369332617217
2026-04-24,0.005930549699781247,0.007283881855515229,-0.0003567484888831879,0.014714384787358556,0.013446241999077402,0.0021780810974207335,0.005041300709209098,-0.003353353170031992,0.004860756315854387,0.012726635140716485,0.0038621003250077037,-0.0034913601479860112,-0.008192980472553603,0.005728778992517308,-0.00972973114549577,0.013050671597312935,0.016166865411940172,0.0009941656223233508,-0.0016158181191871512,0.009114622030988609,0.01674936824821313,0.0076441964008897995,0.013168723704705359,0.02683302992896293,0.008211710120805429,0.0009718285741669164
2026-04-27,0.005319651251122972,0.005818146786323375,0.018579107037919207,0.011895598825817108,-0.01535809483095502,0.008114036845027692,-0.011301700790937133,-0.00478896318614766,-0.0034055652787329917,-0.002002181534529984,-0.007532952572797569,-0.002977197469956222,0.004922132993550114,-0.008925392836971052,0.03624301035128186,-0.010629265413288153,-0.0004173633310899187,-0.010214783986518733,-0.002880682333174611,0.01542851016198149,-0.0023467148386221715,0.02715677810469507,0.0017755103645473644,0.029904475805484464,0.016270755010954447,0.025565452778604253
2026-04-28,-0.0018310257084387662,0.002449439908542561,0.020334730807255064,-0.02570218827804836,-0.01413103034833532,0.003199722556413174,-0.004051298268017855,-0.015947989010023506,-0.00538706954956949,-0.006027095383389758,-0.01360438646395897,-0.004110664815662218,-0.0012423323723196264,-0.013351095611348424,-0.010264994003604937,-0.002144282430308453,0.009179651750004188,0.0020353186241207077,-0.006050714207829988,-0.0005322213430812453,0.03891194395322939,0.015070991703724786,0.006564874544207796,0.004788430980979731,-0.014590764188345255,0.013639812424457443
2026-04-29,-0.021021973755255975,0.0033685532797830377,-0.031995535449992396,-0.020436772966111256,-0.009601941859676737,-0.009434944916522414,-0.02836583379195721,-0.02141793113323409,-0.011593580357943844,-0.02215128388291925,-0.005187940519262098,-0.01778150161026068,-0.03513004046670273,-0.004973023794933001,-0.030793156397763335,-0.01769947354125384,-0.027497852801234315,-0.006999517911006045,-0.024352867027071345,-0.030143156419140584,-0.034622878588220635,-0.020053786579268276,-0.02754173510853864,-0.02034375909878227,-0.03338583805906475,0.016201692224934366
2026-04-30,-0.01978564898765915,-0.011706412193825,-0.024164557980029686,-0.01854696816690306,-0.020200454830171216,-0.00986400933118249,-0.011826427982081923,-0.021636890370044248,-0.005822423190650272,-0.020563440220275307,-0.02252022893042427,0.006391180146086734,-0.03175326557962721,-0.015702085480641587,-0.015128405867033552,-0.02311269855365053,-0.009433344983954255,-0.006630434830800669,-0.02385065417126577,-0.03476453915425199,-0.03216129484778424,-0.03441312027841363,-0.020920525517522277,-0.017478568684724496,-0.04601087939198509,0.024755536646581394
2026-05-04,0.0077191538145660946,0.0014444580230421166,0.0027866711983637465,0.016616749351866522,-0.0012850461349665073,0.0024866778923112263,0.0031602225652505385,0.00932468059917226,0.0027027095896335228,0.013094844177510001,0.0034349920422347227,0.006415240407228795,0.0033207997019356734,0.02509234268015989,0.00021722806600454891,0.0039829217024345,0.02515871076755669,0.04524398790183541,0.00980571971853631,0.01458196364888535,-0.011004711991662919,-0.005069800205955592,0.01761051673174494,0.006814928515435426,0.013326705892996263,-0.021613995112026774
2026-05-05,0.004365276559962297,-0.00287829861281329,-0.006255424060947604,-0.0020023198653077077,0.0011742928912409226,-0.000716783218401021,0.004439525543881343,-0.00496082400564829,-0.001971542334029519,0.006973950101248294,0.005802979209566221,-0.0010403436764243935,-0.004953302428359236,0.02992959925229899,0.020185060616068173,0.015071095148316505,0.020438434912473276,0.02988202894417781,0.0021748520366112966,0.003386113766396613,0.008307054194799157,-0.006402748565480183,-0.0037106535076280272,0.0011323955375029773,0.030649337134301385,-0.016394003886796682
2026-05-06,0.03551984318530302,0.049495151920727565,0.03167115684454341,0.04476893052625001,0.07376386221330178,0.028881611562110554,0.029035837198901834,0.03229470712537896,0.036424487019111274,0.02945261123508462,0.041694045442781026,0.02717919912072598,0.03610826734030542,0.025759452372056707,0.030757220443506532,0.03881271733057157,0.02459447354009165,0.04746087937970264,0.030134313743686404,0.03349188094830872,0.01798271060909945,0.032118885032724795,0.051320952460145994,0.020712195458083362,0.0556595956539551,0.018050732421365234
2026-05-07,0.013477603102938131,0.023587221345584573,0.0047825190119382965,0.020843972073713357,0.03612190194485251,0.013486258604418707,0.004344022846258555,0.020421727832218507,0.004395547858576676,0.006556873870645375,0.003146255067609053,0.011173696712231484,0.015552226125101326,-0.005678525673484314,0.02428408197275784,0.010971310859716338,0.009397588149482031,0.02308722496225646,0.011964994213215086,0.013350415796158715,-0.002468279081947383,0.012796520726214733,0.01836798497573842,-0.005544773636937845,0.04162088189666188,-0.0006304414094293331
2026-05-08,0.003991273622860603,0.00825593027594419,0.0036001516396502037,-0.006226511502196404,-0.0020784871297056823,0.002566062704067644,-0.009728287419374914,-0.0011132249297049017,-0.013008796706710646,-0.0011031027435181528,-0.01399442822879815,0.0030893727524951287,0.007785442442239636,0.01762998006126787,0.006516466453496651,-0.014974031363517298,0.006849704264832964,0.01838464184165635,-0.002745843163888284,0.008819897899303304,0.007155104414659191,0.014637890911365858,0.011750154373250776,0.0009689113673201355,0.03461314522972544,0.003712346477560191
2026-05-11,0.005677645593012051,0.0067907789179918465,0.0010825790865839485,-0.001979780850283367,-0.010223437729037006,-0.0015578869520047494,-0.00391248976879443,0.025917762257042464,-0.002248603871351773,0.01860289854584033,0.0016058116340348,0.008871668858586252,-0.01428209505033296,0.025350571678748934,0.007047557900843422,0.0015298979755521136,0.008623404594497643,0.0038387808974448684,-0.010954012978172879,0.01163697785780643,0.0006726768726614263,-0.0014996073090357692,0.02141397836761256,0.018123712978903573,0.018629965593547033,-0.0010221202691000353
2026-05-12,-0.011734367663894373,-0.009298852731385875,-0.02104841834635071,-0.015393386722041805,-0.02267449023424668,-0.010608304585430208,-0.00937688070910604,-0.02537445250609091,-0.007320815756320864,-0.020339204104151982,-0.008182719945087513,-0.012715664574302565,-0.009810499421029586,-0.02038210694331341,-0.03059188478251562,-0.0034704009194472807,-0.012831009346390983,-0.0024108887686736663,-0.012881010190017384,-0.009442633251842652,-0.0022285861887121894,-0.018920414657552134,0.005939050876592721,-0.01784564307084333,-0.00246098163135319,-0.015968146361309443
2026-05-13,-0.007825601624821986,-0.007857840297890984,-0.0015272587986556313,-0.007462121662003718,-0.010073051421568602,-0.003226393393128854,-0.009891628564652234,0.0070501838983800524,-0.006533788824522335,-0.00197842252795139,-0.009327709616854288,-0.011454535943301297,-0.003420675612949091,-0.009528746862757481,-0.004728191214787022,0.00276780851339542,0.018571902137873395,0.0011107896450289756,-0.013059099083291425,-0.016024902101536485,-0.00839281159929875,-0.010634949753522041,-0.018965869518891208,-0.0024289902331206038,-0.024655386477906344,-0.019332565827484716
2026-05-14,-0.003367519839465004,-0.0036575559793808445,-0.003682033761964257,-0.001965204522861308,-0.003387273776370198,-0.002145348297539224,-0.0055819300585885885,-0.004804063237459503,-0.001235468615048796,-0.010902598127049365,-0.0076391913654315635,-0.007334841171183409,-0.00938135709869301,0.0192501603201789,0.002719288857889365,-0.0054938745383031895,-0.006518920483620473,-0.020969424664326206,-0.006986962757762105,-0.0071363277363046184,-0.003078869256415706,-0.0031718699681675105,-0.002746429185807951,-0.007233692792300461,0.020790663599563608,-0.006091761739353996
2026-05-15,-0.003274849363478513,-0.004902189091424402,-0.0031535109985657145,-0.004090430211428964,-0.011191051221204151,-0.008631504756513642,-0.002227492538918647,-0.0019546013843404486,-0.00672766412602035,-0.0022160414765378445,-5.0729569802140016e-05,0.0020556220079849807,-0.005135325790786589,0.017513219316793227,-0.0072334333484384795,-0.001476737366448183,0.005728354163512139,-0.014356068037018582,0.0005611094523675364,-0.013090335191440197,0.014188781543242157,-0.019801184441761977,-0.0038233546394652357,-0.002250256180409433,0.0071740913257521965,0.01865191822940085
2026-05-18,-0.026663448251462565,-0.0351014112367095,-0.030871747946637967,-0.03328134426353232,-0.030461316308076632,-0.022692899059092775,-0.01859110054205844,-0.044345571540517874,-0.01755139705441593,-0.019279695050527235,-0.01926158495217854,-0.012057613247858784,-0.02101995327759164,-0.036072271024014196,-0.007035596017626806,-0.025679883211152527,-0.017728526917630456,-0.004872170367654083,-0.0222636539309087,-0.031605776577057314,-0.03684982961242081,-0.037779778124142904,-0.03782807495524303,-0.01989263149818968,-0.05191799762131517,-0.039739046109864284
2026-05-19,0.00541257402782494,0.01241329305384915,0.005752507524123096,0.00552405532383009,0.004436387829666808,0.012371137238332467,0.005701608913134748,0.010124939202258876,0.0007792736497383545,0.009169882331547304,-0.003025121212355264,0.003954935540393412,0.0017913161605143755,0.004660200117542396,-0.015693375086526667,0.010813118284584838,0.02689606057310798,0.011733904207422097,0.001378860603781429,-0.0054275229620234,0.007962221952452053,0.009981012185407229,0.0073585173133550496,0.003839848969931532,-0.002143835633392568,0.003150154723566667
2026-05-20,0.0072247237358228095,0.010646770727151722,0.004846215062231832,0.012954178488282508,0.02242744727457103,0.007485731164218391,0.007775216577720243,0.004193576437690666,0.007978206520003094,0.0048403892901982435,-0.0018780605517384659,0.0009871152227743317,-0.001433884147928204,0.00385737345871906,0.02778701142663214,0.009196751435023243,0.032205761100863914,-0.00046516843054437984,0.006553825841570504,0.0011232759220877425,0.010209754888597988,0.008771854322657681,0.01431145655160454,0.0031984045739925884,0.002614556711883826,0.003800205560016423
2026-05-21,0.012024698515262397,0.009902473829865643,0.007434356627063626,0.008777554057760983,0.020625428358766455,0.0010576215032211897,0.016274811079617958,0.012372135449802387,0.02596563820348674,0.009951637707260246,0.02585028162940724,0.007189057425118767,0.038581863267096145,0.017625543829859175,-0.012589352587861804,0.01804350499396007,0.004485904832285898,0.014443185877646869,0.01922155146755953,-0.000882973194102965,0.008669210958388018,0.011384003165383676,0.01614707209340599,0.0014814763165054321,0.014271460078749755,0.01989606146318057
2026-05-22,-0.005982427624231001,-0.008945702164009483,0.008861936853289343,-0.008035275469313338,-0.005966069982470336,0.001312548561784779,-0.002727753865640088,-0.013542359097597212,-0.005586104382989454,-0.0004493427939662512,-0.002695456092495385,-0.009320642318291272,-0.014807281738666278,-0.006691030415617055,-0.013181245234028019,-0.0022968774411340764,-0.013200048227694506,-0.008350725175541737,-0.0015650787388079902,-0.0055125890983531,-0.011575735885598848,-0.001231198175611424,-0.008700324403407598,-0.010163660487531747,-0.01030379657582495,-0.005390721034417206
2026-05-25,0.014497375926644834,0.01257510308097698,0.024002765306107413,0.018891769267517178,0.03403465647342954,0.01981357189664994,0.021410864584308086,0.015592567380872483,0.016827189557449218,0.005006611202709632,0.010823513992334185,0.007791120437159086,0.017197960612289186,0.015181900488384303,0.005220418863556746,0.017388621712967844,0.005792549214644054,0.010360956418138445,0.012683486070077899,0.021243740812237837,0.010515862305426948,0.006610314190961204,0.014487169885495683,0.016413457810054058,0.007610721559948939,0.019668788103291868
2026-05-29,0.01029131432033012,0.021954584059725522,0.01224872712505666,0.0034922998689620455,0.02394164600887525,0.0137141764408614,0.011292725500358864,0.011898707046144902,0.016746535612301015,0.002408166600399126,0.041054192000337254,-0.0008937925755669429,0.003450973834031438,0.0141991525737368,0.022432012474493477,0.0026978787154741946,0.011516986464748339,0.019862289007063202,0.007421233754797973,0.00913682139641315,-0.01534600809195541,0.0009849170570403812,0.02305906031160834,0.005585041642246585,0.00924013238773992,-0.0003159985276730004
2026-06-01,-0.004805898948559704,0.004628077391767948,-0.00800383164079227,-0.008054064497659644,-0.010956694398218239,0.0016730528535486668,-0.0035092747075295854,-0.0024980596604659753,-0.012447093517855935,0.0011675048625085125,-0.037497011199151886,-0.006715628162386739,-0.00706147171808404,0.012981387154388846,-0.0013133044577927633,-0.020467698891333097,-0.0029276836352152033,-0.007599129795191659,-0.013068514697063504,0.0007807753042024523,-0.00045696725262062143,-0.00532599944503382,0.0039288409387153245,-0.003021599375138275,-0.009956358036479429,-0.006328704100633964
2026-06-02,0.00254077646722699,-0.0037741589626697934,0.0006559037053740641,-0.0009505219809169222,0.014833905677149536,0.0056779194756023605,0.0013089706321463002,-0.001014812049186085,0.002904442589694534,0.0019225087832724919,0.004468339438404856,0.007195911772046204,0.008447179206200259,0.00696138448264938,0.020766789418462137,0.0031666113749912184,-0.007531700364762954,-0.010661968995131138,0.006995762822185214,0.003245651686095847,-0.0013486165066370626,0.0039058233508630705,0.002819386694199233,-0.004875599999016796,-0.008152456170369866,-0.003157185038328597
2026-06-03,0.0022201461435522167,0.009476670326493398,-0.011072694927508606,-0.01249321270173829,-0.0024274856322437153,-0.010429220055573212,-0.004873361195377331,-0.0004957830645549629,-0.0024939361885349285,-0.006121990240652005,0.002670426478075046,0.005054544408834122,0.016595244668422156,-0.009722361486743242,0.047242684956873324,-0.0032099156751367597,-0.012039115448127068,-0.0085399782391309,-0.005002993642348119,0.0033296727648780395,-0.011519660357392908,0.014255996669454526,-4.1974130521902986e-05,0.004344198575730973,0.019245590896631533,0.002652324431827696
2026-06-04,0.009516641477714843,0.005544877559220662,0.007055790979364054,0.010690933842379124,0.011801810314633187,0.006031032016057311,-0.0005593539404074383,0.011449688156373233,0.0057124610159301255,0.009289149329343285,0.002104080295373789,0.011144120777728856,0.025951938745616666,0.006560014252552121,0.006384271014190336,0.010360515879823229,0.005754357273856734,-0.0037033255219013905,0.005809584976923743,0.013736744784134478,0.006743435757134375,0.00833752131769129,0.014195243641654904,0.005439958144243753,0.005103595486986178,0.012822247820087895
2026-06-05,0.008097499200679604,0.002784072690624384,0.0035144797969743347,0.0390753075300895,0.0037266854628899984,0.0021252434753472895,0.0017082617154555372,0.005194907081755139,-0.003525485795396177,0.0015787653386483429,0.01774787129921614,0.01808964680687733,0.016258550993197993,-0.012166378558140067,-0.00575055813254017,-0.009345242569600898,-0.005924060190838502,0.02745122282395429,0.016799652486227258,0.01019595609498091,-0.0104734434133886,-0.0007350531078845687,0.01160005001628141,-0.004480667662378891,0.028058360730895206,0.002576839123897612
2026-06-08,-0.008030849780121358,-0.023239128056641224,-0.01114656177859634,-0.004931949153129518,-0.0140386874417822,-0.0028187577196416673,-0.006622580048652133,-0.013565286102659854,-0.00784585905974049,-0.0077492858616971735,-0.01239182105739219,-0.012168402227023195,-0.017621404519635477,0.015668554973638255,-0.018550327574306254,-0.007423570038643773,-0.0033724464081801545,-0.010959997742817001,-0.011170357455143175,-0.005600522549987529,-0.010349454756959253,-0.01445471290501115,-0.0029743609359615636,-0.00576163799626955,0.0040286749468024735,-0.008294217842475221
2026-06-09,0.014323336314618159,0.013462897672268714,0.004940383969118389,0.025220101525818706,0.015643453397259848,0.006189594583186342,0.009222449873238042,0.02177070953754709,0.015221047855687697,0.004094935254513327,0.010350224700810077,0.010139734075709594,0.014645346596120087,0.030347456344238022,0.03714519691734971,0.0034357624590024005,0.033802931154937536,0.03595510794490858,0.007847567350381557,0.01205005842184669,0.012566140188795483,0.00587999043172082,0.02899430567047845,0.01835256530821064,0.008185608594841434,0.009869909875729221
2026-06-10,0.0032976390000088855,0.002134214601190165,0.0019373645891050673,-0.009023299176489067,-0.0017461800205448427,0.0017949092941319873,-0.006400862005914334,0.030217365132161018,0.0017549574556227966,0.008035649563538801,0.0023269390360285227,0.011443762087388615,-0.008491702284077555,0.02917868744796301,0.00532250365727917,-0.0024850820603792567,0.021433824698100918,0.010660542822105351,0.006052405997720089,0.0018045585480355572,-0.006734217130195924,0.0035643876245370007,-0.007565700696019394,0.011940246497072558,-0.0005940031190433651,-0.005240415921581032
2026-06-11,0.0016496642154157656,-0.000498336427381807,0.003172233668425173,0.024648171313479,-0.0013267623581457591,0.008653244608794387,-0.0010509927635290637,-0.013017647530375745,-0.011443901435036753,0.0014058893032197906,0.0014407280290949138,0.0042974691454169215,0.0015514189633043694,0.02846825322605362,-0.010246237483354974,0.005496367683840653,0.008005518969120681,0.014488635503932396,-0.0010612474243264836,-0.0075641233831214095,-0.005042944369100771,0.0015155535407470333,-0.0026187016747301777,-0.0027977422332986328,0.006356577637475109,-0.001240060460342307
2026-06-12,0.005576351823497154,0.008653210920829957,0.012346384526158369,0.015946308041738244,0.03252952994985556,-0.005152492138562375,0.010730948867543291,0.010706740694859995,0.009251574886383552,0.00011952412776594645,0.0054851574424692835,0.0027226905016443257,-0.0020090142818597044,0.0211135753827984,-0.011753307166682023,0.008347669414121128,-0.010943012954900843,0.01051383656743668,0.009274741401428633,0.0029134792784296965,-0.00020451775737867495,-0.0026920494054087293,0.0030672687733194997,0.010407925379992987,-0.003842006322757305,0.0004658009030981125
2026-06-15,0.01831596162543455,0.02948653784236791,0.008706371241599037,0.004623791057283906,0.03866494060052023,0.014514231446218597,0.02090427477333705,0.033046397797625304,0.013159193079039788,0.011606661362135933,0.03864463520180391,-0.008359361605562426,0.016252871170470116,0.020642299867269037,0.006611198218005947,0.015591924488737363,0.03282005382555834,0.024367724956295106,0.03523267284357505,0.008991566232193564,0.029906996724992696,0.007233851021710584,0.02075894010446261,0.02364394666269164,0.01686141864528755,0.030863075559157405
2026-06-16,0.01025867501549746,0.005208695403253661,0.006766132736951119,0.010135269706785577,-0.0022851041026271213,0.007431426070884084,0.024885608478797394,0.009899671934038365,0.01206385884484007,0.006140818155529155,0.020845692026997303,0.015998485662405137,0.014693340909513032,-0.01922982404251214,0.0022228409277466055,0.009957298434484174,0.01931816346642164,0.030675548952431186,0.01283958190636949,0.005261491764125921,0.01565301774133837,-0.007141967406121136,0.015058875755503751,0.009861483386349804,0.011529396992407749,0.01927432456926459
2026-06-17,0.0012366642832897653,0.0276074455738342,-0.0057078176994334595,-0.006583569738573787,0.008416568990084158,-0.0020496197698228746,-0.003068612195170704,-0.018247403153853158,0.025689068729255603,4.575598110532676e-05,-0.014463889461008165,0.004427232721108715,-0.007581848822851996,0.0012754770887425937,0.012157173271223074,0.0114758780147112,-0.011857742632776625,0.0036342653950212356,-0.0043100345894706345,-0.0013809866476061955,0.022872093898817725,0.0009666826011306348,-0.0016928028749055063,0.006326216400607978,0.0016151820415009992,0.010166411442798617
2026-06-18,0.008219787489789843,0.0017576542372145232,6.3416837421947925e-06,0.007746319101914497,0.013704159020578506,0.016089311815678416,0.0017970158006692485,0.0010413859865993635,0.03289638878278258,0.011949024043422744,0.004886681933474246,-0.008509395883083647,0.010061979886031846,0.019457219191165692,-0.0037078133662239443,0.004361489226388737,0.0031607074845417435,-0.005499300961075176,-0.0038182487647376085,0.012403150975667798,-0.007963210622152966,0.01985414550403096,0.013209402745163492,0.01575094143539955,0.01147169718769881,0.004726449719522324
2026-06-19,-0.005332912474395057,-0.013909509005465203,-0.004298903488420144,-0.011269939098643267,-0.011302503515791944,0.004798380551974241,-0.010094941695790534,-0.008669072237503286,0.006698189766216478,-0.013615280928374981,0.002351354594422835,-0.01017873862853787,-0.007937224153876847,-0.0093527014660916,-0.006474727131513504,-0.015847691392200075,-0.00666812248638762,-0.006747735317337578,-0.012516540679409272,0.01424555817477172,-0.01949804123659918,0.01678563747134911,-0.005658373374299586,-0.017501031611741,-0.0063551825494004045,0.0013164617618990904
2026-06-22,0.002493634716705234,-0.000616895413813634,0.006151246275899067,2.8148230037457662e-05,-0.00765902874121675,0.012500540912102714,-0.0053566411880832405,-0.0016066626294305997,-0.02031757886625034,0.0068084875403332055,0.0031790116400173076,0.011379626872607717,-0.004244901081827337,-0.01592236239966327,-0.012770295285893114,0.0006194854303278319,0.020903448907764646,-0.005984138218859125,-0.0012570354258986337,0.019938530589883954,-0.004030462994531581,-0.004197430898692414,-0.002900403873271538,0.014375154227998569,0.010104452888824032,-0.010554733445181874
2026-06-23,-0.005136019586464689,-0.010719215674554538,-0.00532047204390472,-0.0012700574677714793,0.0006404564858486048,0.0035491964663079078,-0.008002605058060958,0.0004072640136899656,-0.0057655804611751686,-0.0034464044254322386,-0.02448316688289413,-0.006797866734031155,-0.007559856079977684,0.0034204893696352934,-0.00863778814234138,0.004893730712948796,-0.0121849862451501,-0.003173767968687735,-0.003984499988157242,-2.4347647382278697e-05,-0.007405539613066309,0.0025503519664272986,-0.012566841151906871,-0.020057955129682004,0.004418508720876939,0.002743784135499583
2026-06-24,0.0076327524501892,0.008438142318406106,0.007620746385227722,0.006163872684440723,0.01210064656219477,0.005596077053951779,0.007077753834697051,-0.0011958913544580507,0.005096659392624448,0.01624517983884355,0.007995832886578827,-0.002103228521660172,0.012473776411343951,0.01832101191895741,0.0008976466187439033,0.008205717827975134,-0.01404210710581091,7.2500674052483616e-06,0.01415446074700948,0.00406203401752809,-0.005872993398604365,0.004506770983741713,0.001941425521231967,0.02182364822886412,0.024649459392890656,0.023651039592282763
2026-06-29,-0.004166007584662685,-0.008258029386097732,-0.005033152164547014,-0.008546444112917809,-0.011809452184273787,-0.005925470703216339,-0.009262104732504972,-0.007910900090730033,-0.013456874941442497,0.0010195710936373142,0.005699257723297361,0.0056597540458031,-0.00875703213302418,-0.02367603537787838,-0.0037064241385746616,-0.007975015897164872,-0.020593499260781727,-0.009055050389456601,0.005048175921479103,-0.011715315161440745,-0.015964265215722806,0.0005177765895513706,-0.029156164295061324,0.022390348228312207,0.01122804198717147,0.007928670072721966
2026-06-30,0.009226541667113867,0.0093751581408273,0.010504322090046495,0.008411299586889465,0.00999163660778973,0.0163450225827875,0.007312529570983173,0.007820826339126943,0.017500646076176806,-0.00011304136469159065,0.004087986562533397,0.00234405756118094,0.013640736593356354,-0.003248566373932532,0.008339720338719991,0.0016881380776665456,0.017834708613322568,0.0021976482394081426,0.014781389127182543,0.012059955389215902,0.005049625488117659,0.0062690001263944195,0.0039725559502968855,-0.0027311931954140858,0.028615417166599037,0.045958059662194906
